source_id,statut_source,organisme,jeu,url,format,couverture,frequence,derniere_verification,licence,classe_juridique,redistribution,variables_cles,geographie,qualite,methode_extraction,contact,passeport_id,statut_juridique,verdict_publication_libre,verdict_prestation_payante,attribution_requise
SRC-001,Intégrée,CNIGS / UN OCHA,COD-AB Haïti — limites administratives,https://data.humdata.org/dataset/cod-ab-hti,"GeoJSON, SHP, GDB, XLSX","Haïti — adm0 à adm3, découpage valide au 2018-11-29",Irrégulière (dernière publication 2026-01-26),2026-07-31,CC BY 3.0 IGO,A — redistribution autorisée avec attribution,"Oui, avec attribution","p-codes, noms FR/HT, superficie, centroïdes, géométries","Département, commune, section communale","A — source officielle, méthode publiée","Téléchargement direct HDX, lecture GeoJSON",hdx@un.org,PSP-001,OUVERTE_AVEC_ATTRIBUTION,OUI,OUI,Oui — « CNIGS diffusé par UN OCHA »
SRC-002,Intégrée,GeoNames,"Gazetteer Haïti (HT.txt), classe P",https://download.geonames.org/export/dump/,TSV,10 945 lieux habités,Quotidienne,2026-07-31,CC BY 4.0,A — redistribution autorisée avec attribution,"Oui, avec attribution","nom, type, coordonnées, population, geonames_id",Point,B — coordonnées souvent arrondies au 1/60e de degré,"Export national, filtre classe P",info@geonames.org,PSP-002,OUVERTE_AVEC_ATTRIBUTION,OUI,OUI,Oui — « GeoNames »
SRC-003,Intégrée,IHSI,"Estimations désagrégées de la population haïtienne en 2024 — IHSI / Direction des statistiques démographiques et sociales, juillet 2024, 509 pages",https://ihsi.gouv.ht,PDF,"139 communes sur 140 — Caracol est absente des annexes ; champ vide, jamais zéro",Annuelle,2026-08-17,"Décret du 12 octobre 2005 sur le droit d'auteur, art. 5 : les textes officiels administratifs et les « simples données » sont exclus de la protection",A — redistribution autorisée avec attribution,Oui pour les données ; NON pour la mise en forme des rapports,"population totale, par sexe, 18 ans et plus, nombre de ménages, superficie, densité","Département, commune","A — statistique officielle de l'État haïtien. Publiée à côté de la projection UNFPA (SRC-013) et de WorldPop, jamais moyennée avec elles : l'écart est l'information","build_ihsi_population.py — les tableaux 240 et 241 sont lus par les COORDONNÉES des mots et non dans l'ordre du texte, un libellé de commune passé à la ligne cassant la lecture séquentielle. La colonne « deux sexes », commune aux deux séries, sert de contrôle : si les deux tableaux ne donnent pas le même total pour une commune, le script s'arrête au lieu de publier. build_population_confrontation.py confronte ensuite IHSI, UNFPA COD-PS et WorldPop dans atmart_population_trois_sources.json — publié, archivé, et servi par la fiche communale.",,PSP-044,OUVERTE_AVEC_ATTRIBUTION,OUI,OUI — les données ; pas la mise en forme,"Oui — par principe méthodologique : nom de l'institution, titre de la publication, millésime"
SRC-004,Intégrée,MENFP — Direction de la planification et de la coopération externe (DPCE) ; application SIGEEE,"Établissements scolaires — registres des écoles 2024-2025, dix registres départementaux en PDF. L'application SIGEEE, qui porte la même donnée en ligne, n'expose aucun fichier",https://menfp.gouv.ht — registres 2024-2025 ; https://sigeee.menfp.gouv.ht — application ; https://api.menfp.gouv.ht/v2 — API,PDF pour les registres départementaux ; application web Angular et API REST pour SIGEEE — aucun fichier publié,"140 communes, millésime 2024-2025 — 17 827 codes CIE distincts. Six entités du registre n'ont pas de correspondant dans le référentiel territorial : elles sont publiées sans atmart_geo_id plutôt qu'écartées",Annuelle — un registre par année scolaire,2026-08-17,"Décret du 12 octobre 2005 sur le droit d'auteur, art. 5 : les textes officiels administratifs et les « simples données » sont exclus de la protection",A — redistribution autorisée avec attribution,Oui pour les données ; NON pour la mise en forme des rapports,"établissement, secteur, niveaux, commune",Commune,"B — déclaration administrative, pas un relevé de terrain : une école fermée mais non radiée y figure, une école jamais recensée n'y figure pas. 643 lignes matériellement réimprimées dans les PDF ont été écartées au comptage","CE QUI EST INTÉGRÉ — build_menfp_ecoles.py lit les dix registres départementaux 2024-2025 depuis la zone de capture raw/menfp/ (32 Mo) et compte les codes CIE DISTINCTS lus en première colonne ; build_ecoles_confrontation.py les confronte aux écoles vues par OpenStreetMap, et build_ecoles_web.py produit atmart_ecoles_declarees.json — publié, 140 communes, cartographié par la couche ecoles_declarees et servi par la fiche communale. CE QUI NE L'EST PAS — l'application SIGEEE. Tenté le 13/08 : l'application répond, sa configuration publique expose les URL de l'API. Sur ces services, seul /v2/geo/api/v1/department répond (200) et ne donne que la géographie, déjà couverte par le CNIGS. La recherche d'écoles (/v2/ecolesearch) renvoie 502 — service amont en panne — et le recensement (/v2/census) renvoie 401. À signaler au MENFP : la configuration publique de l'application expose une clé d'API en clair. Alternative sous licence compatible cherchée sur HDX le 13/08 : rien de plus récent ni de plus large que SRC-010 (OCHA 2022, 49 communes) ; les jeux HOT/OSM sont en ODbL, écartée.",,PSP-043,OUVERTE_AVEC_ATTRIBUTION,OUI,OUI — les données ; pas la mise en forme,"Oui — par principe méthodologique : nom de l'institution, titre de la publication, millésime"
SRC-005,Identifiée — non ouverte,MSPP,Liste et catégories des établissements sanitaires,https://mspp.gouv.ht,PDF / Excel,Inconnue : le site de l'institution ne répond pas,Irrégulière,2026-08-13,"Décret du 12 octobre 2005 sur le droit d'auteur, art. 5 : les textes officiels administratifs et les « simples données » sont exclus de la protection",A — redistribution autorisée avec attribution,Oui pour les données ; NON pour la mise en forme des rapports,"établissement, catégorie, commune",Commune,À évaluer,"Tenté le 13/08 : mspp.gouv.ht ne répond sur aucun protocole ni sous-domaine (www, ureph, sinis). Le DNS résout et le port 443 s'ouvre, mais aucune réponse HTTP n'arrive — le service est hors d'usage, pas seulement restreint. Alternative sous licence compatible cherchée sur HDX le même jour : le seul registre d'établissements disponible reste SRC-009 (OCHA 2023, 14 communes), déjà intégré ; le jeu HOT/OSM, plus complet et mis à jour, est en ODbL — écartée des produits Atmart.",,PSP-042,OUVERTE_AVEC_ATTRIBUTION,OUI,OUI — les données ; pas la mise en forme,"Oui — par principe méthodologique : nom de l'institution, titre de la publication, millésime"
SRC-006,Identifiée — non ouverte,CNSA / FEWS NET / WFP,Prix alimentaires par marché,https://cnsa.gouv.ht,PDF / Excel / HDX,"Marchés haïtiens, séries mensuelles",Mensuelle,,Variable selon le producteur,B — agrégats et transformations généralement autorisés,Selon producteur,"produit, marché, unité, prix","Marché, commune",À évaluer — unités locales à harmoniser,À construire,,,,,,
SRC-007,Identifiée — non ouverte,BRH,"Séries macrofinancières (change, IPC, monnaie, BdP)",https://brh.ht,PDF / Excel,Séries mensuelles et annuelles,Mensuelle,,À vérifier,"B — données publiques, transformation autorisée sous réserve",À confirmer,"taux de change, IPC, agrégats monétaires",National,À évaluer — séries dispersées entre bulletins,Extraction PDF à construire,,,,,,
SRC-008,Identifiée — non ouverte,DHS Program,"EMMUS / DHS Haïti — enquêtes démographiques et de santé, vagues 1994-1995 à 2016-2017 (l'évaluation des établissements SPA est inscrite séparément en SRC-020)",https://dhsprogram.com,Microdonnées sur inscription,"Santé, nutrition, WASH, ménages",Par vague,,Conditions DHS,"C — accès sur inscription, redistribution des microdonnées INTERDITE",Non — agrégats et scripts reproductibles uniquement,"indicateurs santé, nutrition, ménages","Département, milieu",A — enquêtes standardisées,"Agrégation locale, aucune microdonnée redistribuée",archive@dhsprogram.com,,,,,
SRC-009,Identifiée — non ouverte,OCHA Haïti,Location of health facilities,https://data.humdata.org/dataset/location-of-health-facilities-hospital-in-haiti,"XLSX, SHP","PARTIELLE — 730 établissements, 14 communes sur 140 (Artibonite, Centre, Nord, Ouest). Malgré son titre, ce n'est pas un registre national.",Irrégulière,2026-07-31,CC BY,A — redistribution autorisée avec attribution,"Oui, avec attribution","nom, catégorie, statut, code, p-code section, lat/lon",Section communale,B — 66 % géocodés ; codes institution réutilisés pour des établissements distincts ; l'Hôpital Universitaire de Mirebalais est rattaché à Gonaïves,"Téléchargement HDX, lecture XLSX (2 lignes d'entête HXL)",,,,,,
SRC-010,Identifiée — non ouverte,OCHA Haïti,Cartographie des institutions scolaires 2022,https://data.humdata.org/dataset/haiti-education-facilities,XLS,"PARTIELLE — 4 122 écoles, 4 départements sur 10 (Sud, Ouest, Nippes, Grande'Anse), 49 communes sur 140. Cartographie liée à la réponse post-séisme.",Ponctuelle (2022),2026-07-31,CC BY,A — redistribution autorisée avec attribution,"Oui, avec attribution","nom, type public/non public, p-code commune",Commune,"C — aucune coordonnée, aucune section communale, libellés de statut non harmonisés, un p-code département erroné","Téléchargement HDX, lecture XLS (xlrd)",,,,,,
SRC-011,Intégrée,PAM (WFP),"Haiti Food Prices — registre des marchés (182) et série des prix de détail (14 140 relevés, janvier 2005 à juillet 2025)",https://data.humdata.org/dataset/wfp-food-prices-for-haiti,CSV — wfp_markets_hti.csv et wfp_food_prices_hti.csv,"182 marchés au registre ; prix relevés sur 12 marchés seulement, dans 9 communes sur 140. Série dense et mensuelle de 2005 à 2024 ; les 9 marchés historiques s'arrêtent au 15/12/2024, le seul relevé de 2025 porte sur 3 marchés de Jérémie ouverts en juillet",Mensuelle — mise à jour du jeu tous les 30 jours,2026-08-13,CC BY-IGO,A — redistribution autorisée avec attribution,"Oui, avec attribution","date, marché, catégorie, produit, unité, type de prix, devise, prix en HTG, prix en USD",Point ; section communale calculée par Atmart,"A pour le relevé (observation directe de marché), B pour l'indicateur dérivé","build_prix_marches.py — zone source horodatée 2026-08-13, empreintes SHA-256 vérifiées à chaque exécution. Téléchargée par l'API CKAN de HDX, que le navigateur atteint et qu'un récupérateur de pages sans en-tête de navigateur voit en 403.",,PSP-051,OUVERTE_AVEC_ATTRIBUTION,OUI,OUI — avec attribution,"Oui — « PAM/VAM, via HDX » ; les sources amont (CNSA, FAO GIEWS, FEWS NET) sont citées par le producteur et doivent l'être aussi"
SRC-012,Identifiée — non ouverte,HOT / Global Healthsites,OpenStreetMap — établissements de santé et écoles d'Haïti,https://data.humdata.org/dataset/hotosm_hti_health_facilities,"GeoJSON, SHP","Couverture nationale, mise à jour continue — plus récente que les sources OCHA",Continue,2026-07-31,ODbL,B — ECARTÉ des produits payants : le partage à l'identique d'ODbL est incompatible avec une licence Atmart propriétaire. Utilisable seulement dans une couche ouverte elle-même publiée sous ODbL.,"Oui, mais sous ODbL uniquement","nom, type, amenity, coordonnées",Point,Variable selon la contribution locale,Non intégré à ce jour — décision de licence,,,,,,
SRC-013,Intégrée,UNFPA via OCHA HDX,"Haiti - Subnational Population Statistics (COD-PS), référence 2024",https://data.humdata.org/dataset/cod-ps-hti,"CSV (adm0-2, sexe et âge)",140 communes — jointure p-code 140/140 vérifiée,annuelle,2026-08-11,CC BY-IGO,A — redistribution autorisée avec attribution,autorisée avec attribution UNFPA/OCHA,"T_TL, F_TL, M_TL et les 51 colonnes par sexe et tranche quinquennale (17 tranches, la dernière ouverte)",ADM2_PCODE aligné COD-AB CNIGS 2018,"projection officielle, statut Atmart E (estimation)","build_population.py (total) et build_pyramide.py (structure par âge et sexe) — empreintes vérifiées, zone source horodatée",https://data.humdata.org/organization/unfpa,PSP-050,OUVERTE_AVEC_ATTRIBUTION,OUI,OUI — avec attribution,"Oui — « UNFPA, COD-PS Haïti, via HDX/OCHA »"
SRC-014,Identifiée — non ouverte,"LAPOP Lab / Center for Global Democracy, Vanderbilt University","AmericasBarometer — enquête d'opinion publique : démocratie, confiance institutionnelle, sécurité, corruption, participation politique",https://www.vanderbilt.edu/lapop/,"SPSS et Stata par pays, téléchargement sans frais","Enquête par sondage, échantillon national — aucune désagrégation communale garantie","Par vague, environ tous les deux ans",2026-08-12,Termes d'utilisation LAPOP — accès libre et sans frais,"C — accès libre, redistribution INTERDITE : les termes interdisent de transmettre les jeux à des tiers, y compris à une revue",Non — agrégats et scripts reproductibles uniquement,"confiance institutionnelle, perception de la sécurité, corruption, participation, soutien à la démocratie","National, strates selon la vague — à vérifier avant tout usage territorial","A — enquête académique standardisée, pondérations publiées",À construire — agrégats seulement. LAPOP et Vanderbilt sont UNE seule source : le projet est hébergé et réalisé par l'université. Ne pas créer deux entrées.,centerforglobaldemocracy@vanderbilt.edu,PSP-033,UTILISABLE_POUR_ANALYSE_SANS_REDISTRIBUTION,"OUI — recherche et résultats agrégés, jamais les fichiers",NON — usage commercial explicitement interdit,"Oui — citation du type « LAPOP Lab. AmericasBarometer Haïti, [année], v[x]. Center for Global Democracy. www.vanderbilt.edu/lapop » + ligne de remerciement dans les publications"
SRC-015,Intégrée,Banque mondiale,World Development Indicators (WDI),https://datacatalog.worldbank.org/search/dataset/0037712/World-Development-Indicators,"CSV, Excel, API","National — Haïti dans les séries pays, aucune désagrégation infranationale",Annuelle — métadonnées mises à jour le 20/07/2026,2026-08-12,CC BY 4.0,A — redistribution autorisée avec attribution,Autorisée avec attribution Banque mondiale,"séries macroéconomiques, démographiques, sociales et environnementales nationales",Pays,"B — compilation de sources nationales, ruptures de séries fréquentes","À construire — API ou CSV, série par indicateur",https://datahelpdesk.worldbank.org,PSP-058,OUVERTE_AVEC_ATTRIBUTION,OUI,OUI — avec attribution,"Oui — « The World Bank: World Development Indicators » + mention des modifications (sélection, agrégation, traduction des libellés)"
SRC-016,Identifiée — non ouverte,Banque mondiale,"Microdata Library — catalogue d'enquêtes ; 76 études référencées avec le filtre pays Haïti le 12/08/2026, jeux mondiaux couvrant Haïti compris",https://microdata.worldbank.org/index.php/catalog,"Microdonnées, questionnaires, rapports — selon l'étude",Variable selon l'enquête,Continue,2026-08-12,"Variable selon l'étude : Public use, Licensed, ou Direct access","C — à statuer étude par étude ; par défaut, redistribution des microdonnées interdite",Non par défaut — chaque étude porte ses propres conditions,"conditions de vie, emploi, entreprises, enquêtes téléphoniques à haute fréquence, perception",Selon l'étude,À évaluer étude par étude,"À construire — inventorier les études Haïti, statuer sur chaque licence avant tout usage",,,,,,
SRC-017,Identifiée — non ouverte,Banque mondiale,Enterprise Surveys — Haïti 2019,https://www.enterprisesurveys.org,"Microdonnées et indicateurs agrégés, sur inscription","Entreprises formelles. D'après la note d'orientation Atmart, l'édition 2019 se concentre sur l'aire métropolitaine (Port-au-Prince, Delmas, Pétion-Ville, Tabarre) : à confirmer à la source, et à ne jamais présenter comme représentative de toutes les entreprises du pays",Irrégulière,,À vérifier,C — à confirmer : accès sur inscription probable,À confirmer avant publication,"climat des affaires, accès au financement, énergie, productivité, emploi formel",Aire métropolitaine — à confirmer,À évaluer — représentativité géographique limitée,À construire. Page pays non atteinte le 12/08/2026 (page d'accueil seulement) : retrouver l'URL Haïti avant toute exploitation.,,,,,,
SRC-018,Identifiée — non ouverte,Banque mondiale,"Global Findex — inclusion financière ; éditions depuis 2011, édition 2025 en ligne",https://www.worldbank.org/en/publication/globalfindex,Base et rapports téléchargeables,Couverture d'Haïti à confirmer — non mentionnée sur la page de présentation consultée,Environ tous les trois ans,2026-08-12,À vérifier — non affichée sur la page de présentation,B — à confirmer,À confirmer avant publication,"compte bancaire et mobile money, écart femmes-hommes, accès au crédit, transferts",Pays,"B — enquête par sondage, échantillon national",À construire — vérifier d'abord qu'Haïti figure dans l'édition retenue,,,,,,
SRC-019,Identifiée — non ouverte,IHSI avec l'appui de la Banque mondiale,"ECVMAS — Enquête sur les conditions de vie des ménages après le séisme, 2012-2013",https://microdata.worldbank.org/index.php/catalog,"Microdonnées, accès par le catalogue Microdata Library","Ménages — consommation, pauvreté, emploi, agriculture, éducation, logement, accès aux services",Ponctuelle,,À vérifier — conditions portées par la fiche d'étude du catalogue,"C — à confirmer : accès sur inscription probable, redistribution des microdonnées interdite","Non — agrégats seulement, sous réserve de la fiche d'étude","consommation, pauvreté, emploi, activités agricoles, logement, accès aux services",Département et milieu de résidence — pas la commune,A — enquête nationale standardisée,"À construire — passer par SRC-016, statuer sur la licence de l'étude, ne produire que des agrégats",,,,,,
SRC-020,Identifiée — non ouverte,The DHS Program,"SPA — Évaluation de la prestation des services de santé, Haïti 2013 et 2017-2018",https://dhsprogram.com,Microdonnées sur inscription,"Établissements de santé — services offerts, équipements, personnel, médicaments",Par vague,,Conditions DHS,"C — accès sur inscription, redistribution des microdonnées INTERDITE",Non — agrégats et scripts reproductibles uniquement,"disponibilité des services, préparation des établissements, ressources humaines, équipements","Établissement, département",A — enquêtes standardisées,"À construire. Séparée de SRC-008 (EMMUS/DHS) : même programme, unité d'analyse différente — l'établissement de santé, pas le ménage. Page pays en 403 le 12/08/2026.",archive@dhsprogram.com,,,,,
SRC-021,Identifiée — non ouverte,IHSI,"Recensements généraux de la population et de l'habitat — 1971, 1982, 2003",https://ihsi.gouv.ht,"Publications et tableaux, format selon le millésime","Dénombrement national. Le cinquième recensement n'a pas eu lieu : toute valeur postérieure à 2003 publiée ici est une estimation ou une projection, jamais un dénombrement","Décennale en principe, non tenue depuis 2003",,À vérifier,B — à confirmer : agrégats et transformations probablement autorisés,À confirmer avant publication,"population, ménages, logements, structure par âge et sexe, migrations internes","Département, commune, section communale selon le millésime","A pour le dénombrement, sous réserve de la qualité de saisie des millésimes anciens","À construire — reconstitution des tableaux, harmonisation des découpages territoriaux entre 1971, 1982 et 2003",,,,,,
SRC-022,Identifiée — non ouverte,MARNDR avec l'appui de la FAO,RGA — Recensement général de l'agriculture 2008-2009,https://www.fao.org/world-census-agriculture/,Rapports et tableaux ; données détaillées sur autorisation,"Exploitations agricoles — terres, irrigation, cultures, élevage, équipements, travail agricole",Ponctuelle,,À vérifier,D — convention nécessaire pour les données détaillées ; métadonnées et résultats publiés exploitables,"Résultats publiés seulement, sous réserve de vérification","exploitations, superficies, cultures, cheptel, irrigation, équipements",Département et commune selon les tableaux publiés,"À évaluer — millésime ancien, à confronter aux enquêtes récentes",À construire. L'URL du round 2010 du programme mondial renvoie 404 le 12/08/2026 : retrouver la page pays Haïti avant toute exploitation.,,,,,,
SRC-023,Identifiée — non ouverte,Fonds National de l'Éducation,"Chantiers, financements et interventions éducatives — publications du domaine fne.gouv.ht : rapports PAEF, redressement institutionnel, communiqués, appels d'offres",https://fne.gouv.ht/,HTML et PDF ; aucun jeu de données structuré publié,"315 URL publiées par le domaine au 13/08/2026, de mars 2017 à août 2026. L'enquête PAEF couvre 422 écoles dans 24 communes de 6 départements, et 6 244 familles dans 65 communes de 7 départements — deux périmètres distincts, à ne jamais confondre. Échantillon non probabiliste : aucune représentativité nationale",Continue,2026-08-13,"Décret du 12 octobre 2005 sur le droit d'auteur, art. 5 : les textes officiels administratifs et les « simples données » sont exclus de la protection",A — redistribution autorisée avec attribution,"Agrégats et faits cités uniquement, en attendant confirmation écrite du FNE","interventions et chantiers scolaires, subventions institutionnelles, enquête PAEF (écoles et familles affectées par l'insécurité), montants annoncés",Département et commune selon les publications ; aucune coordonnée géographique publiée,B pour les faits institutionnels datés ; l'enquête PAEF est non probabiliste et ne mesure pas le pays,"build_fne_inventaire.py et build_fne_extraction.py — zone source horodatée, empreintes SHA-256, chaque fait vérifié contre la page citée. Domaine protégé par un défi Cloudflare : accès par navigateur. ATTENTION : le domaine publie des listes nominatives (bénéficiaires, parents d'élèves, enquêteurs) — inventoriées, jamais moissonnées, jamais publiées",info@fne.gouv.ht,PSP-046,OUVERTE_AVEC_ATTRIBUTION,OUI,OUI — les données ; pas la mise en forme,"Oui — par principe méthodologique : nom de l'institution, titre de la publication, millésime"
SRC-024,Intégrée,MEF / Direction Générale du Budget (DGB),"Budget de la République — décret budgétaire, TOFE mensuels, dépenses exécutées par section et article",https://budget.gouv.ht/,PDF (portail citoyen),"national, par ministère et article — AUCUNE ventilation par département ou commune publiée",annuelle (budget) + mensuelle (TOFE),2026-08-14,documents publics d'État — licence non déclarée,"B — faits extraits citables, republication des PDF à confirmer",chiffres citables avec attribution MEF/DGB,"dépenses votées et exécutées, recettes, TOFE, exercice fiscal oct-sep",national uniquement,source officielle ; extraction PDF nécessaire ; votée ≠ exécutée,à construire — extraction des TOFE et tableaux d'exécution,via mef.gouv.ht,,,,,
SRC-025,Intégrée,Compilation Perplexity.ai (multi-sources web),Répertoire des notaires et arpenteurs d'Haïti (712 fiches contemporaines),remise par le propriétaire — scellée dans atmart-datasets/source_annuaire/2026-08-14_SRC-025,XLSX + DOCX,338 notaires + 374 arpenteurs ; ~la moitié des ~1 500 professionnels estimés,ponctuelle (août 2026),2026-08-14,compilation de sources publiques web ; URLs sources par fiche,"C — compilation secondaire assistée par IA, non recoupée avec le registre MJSP (non publié)",faits citables fiche par fiche avec leur niveau de fiabilité affiché ; ne pas présenter comme registre officiel,"nom, profession, commune/juridiction, adresse, téléphones, fiabilité, URLs sources",commune déclarée (77 % rattachées au référentiel),hétérogène — 3 niveaux de fiabilité portés par fiche ; 226 fiches écartées à la compilation,"build_annuaire_professionnels.py — empreintes vérifiées, rattachement par nom, jamais deviné",registre de référence : MJSP et greffes des 18 juridictions (non publié),,,,,
SRC-026,Intégrée,OCHA Haïti (via HDX),3W — présence opérationnelle des organisations humanitaires et de développement,https://data.humdata.org/dataset/haiti-operational-presence,XLSX,1 457 déclarations org×commune×secteur ; 126 organisations ; 140 communes,périodique (dernier : juin 2026),2026-08-14,CC BY (Creative Commons Attribution),A — licence ouverte explicite,libre avec attribution OCHA,"organisation, type (ONG intl/nat, ONU, gouvernement), secteur, commune, p-codes",commune (p-codes officiels fournis),"déclaratif auprès des clusters — la présence humanitaire, pas toutes les organisations du pays",build_presence_3w.py — jointures refaites depuis les tables littérales du fichier,ochahaiti@un.org,,,,,
SRC-027,Intégrée,MPCE / UCAONG,Registre officiel des ONG enregistrées en Haïti,https://mpce.gouv.ht/registre-des-ong_/,"HTML (tableau en ligne, aucun export offert)",680 ONG au registre (tous statuts administratifs),continue,2026-08-14,registre public d'État — licence non déclarée,B — faits extraits citables avec attribution ; capture HTML scellée,citable avec attribution MPCE/UCAONG et date de capture,"nom, sigle, no. d'inscription, date de reconnaissance, domaine, zones d'intervention, nationalité, Moniteur",zones en texte libre — départements et communes reconnus par extraction (470/680),officiel mais texte libre ; graphies multiples normalisées sans effacer la source,"build_registre_ong.py — capture du 14/08/2026, empreinte vérifiée",via mpce.gouv.ht,PSP-057,OUVERTE_AVEC_ATTRIBUTION,OUI,"OUI — les données, pas la mise en forme","Oui — par principe méthodologique : « MPCE/UCAONG, registre des ONG, millésime »"
SRC-028,Intégrée,Humanitarian OpenStreetMap Team (HOT) via HDX,"Couches OSM Haïti : points d'intérêt, services financiers, lieux habités, routes","https://data.humdata.org/dataset/hotosm_hti_points_of_interest (+financial_services, populated_places, roads)",GeoJSON + GeoPackage,"tout le pays, qualité contributive inégale ; extraits du 06/08/2026",continue (extraits réguliers HOT),2026-08-14,ODbL — © contributeurs OpenStreetMap,"A — licence ouverte explicite, partage à l'identique des bases dérivées",libre avec attribution OSM et maintien ODbL sur les dérivés,"amenity (fuel, bank, money_transfer…), place, highway, géométries",coordonnées — affectées aux communes par point-dans-polygone COD-AB (tolérance ~100 m),"contributif : complet nulle part, inégal partout — un zéro mesure la cartographie, pas le terrain",build_infrastructures_communes.py — routes affectées au sommet médian (ordre de grandeur),hot@hotosm.org,,,,,
SRC-029,Intégrée,Water Point Data Exchange (WPdx) via HDX,Points d'eau d'Haïti — statut fonctionnel déclaré,https://data.humdata.org/dataset/wpdx_hti,CSV,6 276 points géolocalisés ; couverture concentrée Nord et Centre (Haiti Outreach 92 %),périodique (dernier : 26/07/2026),2026-08-14,CC BY-SA,"A — licence ouverte explicite, partage à l'identique",libre avec attribution WPdx et maintien CC BY-SA sur les dérivés,"statut fonctionnel (oui/non), source d'eau, technologie, installateur, année",coordonnées — affectées aux communes par point-dans-polygone,"déclaratif terrain, suit les zones des contributeurs — l'absence de point n'est pas l'absence d'eau",build_infrastructures_communes.py — empreintes vérifiées au manifeste,info@waterpointdata.org,PSP-053,OUVERTE_AVEC_PARTAGE_IDENTIQUE,OUI,OUI — sous réserve du partage à l'identique sur toute base dérivée diffusée,Oui — « Water Point Data Exchange (WPdx) »
SRC-030,Intégrée,OpenStreetMap via Overpass,"Objets électriques d'Haïti (centrales, sous-stations, générateurs)","https://overpass-api.de/api/interpreter — requête power, zone Haïti, 14/08/2026",JSON (capture scellée),74 objets dans tout le pays — l'OSM haïtien recense TRÈS peu d'électricité,ponctuelle (requête datée),2026-08-14,ODbL — © contributeurs OpenStreetMap,A — licence ouverte explicite,libre avec attribution OSM,"power (plant/substation/generator), generator:source, coordonnées",coordonnées — affectées aux communes,ce comptage dit surtout ce qui N'EST PAS cartographié ; aucune carte officielle ouverte du réseau EDH,build_infrastructures_communes.py,—,,,,,
SRC-031,Intégrée,OpenCelliD (Unwired Labs) / GSMA / Ookla,Antennes mobiles OpenCelliD (MCC 372) — 7 antennes : base quasi vide pour Haïti,https://opencellid.org/downloads.php ; https://www.gsma.com/coverage/ ; Ookla Open Data (AWS),"CSV (OpenCelliD, CC BY-SA) ; rasters (GSMA, propriétaire)","7 antennes dans tout le pays (extrait 14/08/2026) — mesure la participation, pas le réseau",continue,2026-08-14,OpenCelliD : CC BY-SA (compte gratuit requis) ; GSMA : propriétaire ; Ookla : ouverte (tuiles),A — CC BY-SA ; téléchargé le 14/08/2026 avec le compte du propriétaire (jeton jamais stocké),"Oui, sous la même licence","antennes (MCC 372), technologie, coordonnées estimées",coordonnées estimées par participation — prudence sur la précision,intégrée le 14/08/2026 avec sa limite en clair ; pour une vraie couverture : tuiles Ookla ouvertes (piste suivante) ou cartes opérateurs (fermées),build_infrastructures_communes.py — empreinte au manifeste,support@unwiredlabs.com,PSP-054,OUVERTE_AVEC_PARTAGE_IDENTIQUE,OUI,OUI — sous réserve du partage à l'identique sur toute base dérivée diffusée,"Oui — « OpenCelliD, CC BY-SA 4.0 » avec lien vers la licence et mention que les données ont été modifiées (agrégation communale)"
SRC-032,Intégrée,OIM — Displacement Tracking Matrix (via HDX),"Personnes déplacées internes présentes, par département et commune",https://data.humdata.org/dataset/hti-iom-dtm-from-api,CSV (API DTM),dernière ronde par entité ; historique depuis 2021,mensuelle à trimestrielle,2026-08-18,Conditions OIM : usage non commercial ; portée exacte de la redistribution en cours de clarification (lettre du 18/08/2026),B — publiée sur HDX avec attribution ; portée de la redistribution soumise au producteur,"Agrégat communal recalculé par Atmart, avec attribution complète — jamais le fichier source. Usage commercial exclu. Passeport PSP-056","personnes déplacées présentes, ronde, date de rapport, p-codes",département et commune (p-codes fournis),recensement des sites accessibles à l'OIM — pas un registre exhaustif,"build_conjoncture.py — dernière ronde par entité, date affichée",dtm@iom.int,PSP-056,CLARIFICATION_DEMANDEE,"OUI — sous réserve de la réponse de l'OIM. Décision Atmart du 18/08/2026 : agrégat communal recalculé, attribution complète, aucun fichier brut, aucun usage commercial",NON — l'usage non commercial est la seule chose que le texte dise sans ambiguïté,"Oui — « Source: International Organization for Migration (IOM), Displacement Tracking Matrix (DTM) » + URL du jeu sur HDX"
SRC-033,Intégrée,IPC — Cadre intégré de classification de la sécurité alimentaire,"Phases d'insécurité alimentaire aiguë par zone, situation et projections",https://data.humdata.org/dataset/haiti-acute-food-insecurity-country-data,CSV + GeoJSON,zones d'analyse IPC (départements + zones urbaines) ; analyse mars 2026,semestrielle,2026-08-14,CC0 — domaine public,A — aucune restriction,libre ; citer l'IPC et la date d'analyse reste la bonne pratique,"phase (1-5), personnes, pourcentage, période de validité, projections",zone IPC — p-code départemental extrait du libellé,"classification d'experts, pas un comptage direct ; découpage propre à l'IPC",build_conjoncture.py,via ipcinfo.org,PSP-052,OUVERTE_VALIDEE,OUI,OUI,Non exigée par la licence — portée quand même : une phase IPC sans son producteur ni son millésime n'est pas interprétable
SRC-034,Intégrée,ACLED via HDX,Événements de violence politique et décès par commune et par mois,https://data.humdata.org/dataset/haiti-acled-conflict-data,XLSX (agrégats HDX),"140 communes × mois, 2018 → 13/08/2026 ; 7 929 événements",hebdomadaire,2026-08-14,conditions ACLED — attribution acleddata.com obligatoire,B — agrégats publics HDX ; conditions ACLED sur la feuille TOU scellée,agrégats citables avec attribution ACLED ; pas de revente des données brutes,"événements, décès, commune (p-code), mois",commune (p-codes fournis par ACLED),événements RAPPORTÉS — la couverture médiatique varie selon les zones,build_conjoncture.py — série mensuelle complète publiée,admin@acleddata.com,PSP-055,OUVERTE_NON_COMMERCIALE,OUI — consultation gratuite avec attribution visible,NON — aucune prestation facturée ne peut s'appuyer sur ACLED sans licence commerciale signée,"Oui — ACLED doit être « clairement et visiblement » cité, y compris sur toute donnée manipulée ou augmentée. Mention portée : « ACLED via HDX — acleddata.com »"
SRC-035,Intégrée,CNIGS via HaitiData (geoserver WFS),"Bassins versants SRTM 2014, sous-bassins, zones inondables, occupation du sol 1998","https://haitidata.org/geoserver/ows — WFS GetFeature, EPSG:4326",GeoJSON (WFS),31 bassins + 209 sous-bassins ; 129 zones inondables ; 2 308 polygones d'occupation (1998),figée (couches d'archive du géoportail),2026-08-14,données publiques CNIGS — attribution ; licence non déclarée couche par couche,"B — géoportail public national, capture scellée par empreintes",citable avec attribution CNIGS/HaitiData et date de téléchargement,"nom et code de bassin, classes d'occupation (desc_ocs), géométries",polygones — % communaux calculés par échantillonnage ~330 m (ordre de grandeur),zone_inondable sans méthode documentée (PAS un aléa probabiliste) ; occupation datée de 1998,"build_geo_publique.py — % inondable et % occupation par commune, couches web simplifiées",via cnigs.ht,,,,,
SRC-036,Intégrée,OpenStreetMap (contributeurs) via Overpass API,"Équipements de télécommunication d'Haïti — pylônes et mâts de communication, boutiques mobiles, bureaux d'opérateur, accès internet public",https://overpass-api.de/api/interpreter,JSON Overpass (requête archivée dans la zone source),"498 équipements retenus dans 81 communes sur 140 — cartographie contributive, ni exhaustive ni homogène","continue (OSM), extraction à la demande",2026-08-15,ODbL,C — partage à l'identique exigé pour toute base dérivée,autorisée avec attribution « © contributeurs OpenStreetMap » et partage à l'identique de la base dérivée,"operator, man_made, tower:type, mast:type, shop, office, amenity, telecom, name","coordonnées OSM, affectées aux communes par point-dans-polygone COD-AB","comptage contributif — mesure autant l'effort de cartographie que le parc réel ; le parc des opérateurs n'est publié ni par Digicel, ni par Natcom, ni par le CONATEL","build_telecom_communes.py — empreinte SHA-256 vérifiée, requête Overpass archivée, tours d'observation et clochers écartés",https://www.openstreetmap.org/copyright,,,,,
SRC-047,Intégrée,Ministère de l'Économie et des Finances — Direction générale du budget,"Répartition géographique des crédits budgétaires, exercice 2025-2026 (annexes du budget général, page 73)",https://www.mef.gouv.ht/,,,,2026-08-17,"Données publiques haïtiennes — décret du 12/10/2005, art. 5 (textes administratifs et simples données hors protection)","A — licence ouverte, lue à la source",Oui — hors protection,,,,Voir le passeport PSP-047,"Le Moniteur, journal officiel de la République d'Haïti",PSP-047,OUVERTE_VALIDEE,"OUI — publication libre, budget voté de la République",OUI — aucune restriction commerciale ne pèse sur un texte administratif,Non exigée par la loi ; Atmart cite la source par principe
SRC-048,Intégrée,Ministère de la Santé publique et de la Population (MSPP),"Registre des établissements de santé d'Haïti — 1 033 établissements géolocalisés, catégorie, statut, commune",https://cartesanitaire.sisnu.net/cartographie,,,,2026-08-17,"Données publiques haïtiennes — décret du 12/10/2005, art. 5 (textes administratifs et simples données hors protection)","A — licence ouverte, lue à la source",Oui — hors protection,,,,Voir le passeport PSP-048,Carte sanitaire — cartesanitaire.sisnu.net (outil officiel du MSPP),PSP-048,OUVERTE_VALIDEE,"OUI — registre public d'établissements de santé, publié par le ministère pour consultation",OUI — aucune restriction commerciale sur un registre administratif,Non exigée par la loi ; Atmart cite le MSPP par principe
SRC-051,Intégrée,Ministère du Tourisme et des Industries créatives (MTIC),Classification Hibiscus des établissements d'hébergement (2013-2015) — résultats par région et par rang,https://tourisme.gouv.ht/images/all_medias/Resultatsparregions.pdf (+ classificationnewhibisbus.pdf),PDF,"190 établissements classés, 10 départements, 52 localités ; 39 communes identifiées",aucune mise à jour depuis 2015,2026-08-21,"Sans objet — document administratif d'un ministère. Le pied de page porte « © 2020 Ministère du Tourisme, Haiti. Tous droits réservés », formule de gabarit sans effet sur ce que l'article 5 exclut.","A — hors du champ du droit d'auteur : décret du 12/10/2005, art. 5, qui exclut les textes officiels des autorités publiques et les simples données","Libre. Nous publions l'agrégat communal ; le PDF et la liste nominative ne sont pas mis en miroir, par règle de publication maison et non par contrainte.","département, localité, établissement, note Hibiscus 1 à 5","localité nommée en clair ; rattachement à la commune par le nom, 13 localités infra-communales laissées non rattachées","inventaire administratif : ce qui est CLASSÉ, pas ce qui existe ; millésime 2013-2015, aucun successeur publié","build_hibiscus.py — lecture du PDF, contrôlée contre les dix totaux départementaux du document",info@tourisme.gouv.ht,PSP-062,HORS_CHAMP_DROIT_AUTEUR,OUI — agrégat communal seulement,"OUI — les décomptes et les notes sont hors du champ du droit d'auteur et peuvent entrer dans une prestation facturée, avec attribution au MTIC.","Oui — Ministère du Tourisme et des Industries créatives (MTIC), classification Hibiscus 2013-2015"
SRC-052,Intégrée,IHSI — Institut Haïtien de Statistique et d'Informatique,"Indice des prix à la consommation (IPC), base 100 en 2017-2018 — ventilation en cinq régions",https://www.ihsi.gouv.ht/statistiques/statistiques_economiques/ipc,HTML (tableaux) ; bulletins mensuels en PDF,"national, 12 divisions COICOP, 5 régions ; bulletins mensuels de mai 2020 à juin 2026",mensuelle,2026-08-21,"Sans objet — données publiques d'un établissement public. Le pied de page porte « IHSI © Copyright 2026. Tous droits réservés », formule de gabarit sans effet sur ce que l'article 5 exclut.","A — hors du champ du droit d'auteur : décret du 12/10/2005, art. 5, qui exclut les textes officiels des autorités publiques et les simples données","Libre. Nous publions l'agrégat régional rattaché aux communes ; la capture du bulletin n'est pas mise en miroir, par règle de publication maison et non par contrainte.","indice général, 12 divisions COICOP, produits locaux et importés, 5 régions, variations mensuelle et annuelle","cinq régions ; l'Aire Métropolitaine est définie par SEPT COMMUNES NOMMÉES, les quatre autres par départements. Ce découpage ne recoupe pas les dix départements administratifs.","indice officiel ; prix relevés EN ZONE URBAINE seulement, pondérations ECVMAS 2011-2012 non actualisées depuis","build_ipc_regions.py — lecture du tableau régional de la page HTML, reconnu par son en-tête et non par sa position",info@ihsi.gouv.ht,PSP-063,HORS_CHAMP_DROIT_AUTEUR,OUI — indice régional rattaché aux communes,"OUI — les valeurs d'indice sont hors du champ du droit d'auteur et peuvent entrer dans une prestation facturée, avec attribution à l'IHSI.","Oui — IHSI, Indice des prix à la consommation, base 100 en 2017-2018"
SRC-053,Intégrée,BRH — Banque de la République d'Haïti,"Listes d'agrément de la supervision bancaire : banques, maisons de transfert, bureaux de change, paiement électronique, microfinance, caisses populaires",https://www.brh.ht/supervision-bancaire/liste-des-banques/ (+ 7 pages de catégories et liste_caisses.pdf),HTML + PDF,26 institutions agréées avec siège ; 58 caisses populaires avec siège et comptoirs,au fil des agréments ; la liste des caisses date de mars 2025,2026-08-21,"Sans objet — actes administratifs d'une autorité publique. Les mentions légales portent une clause explicite de non-recopie du SITE, qui ne porte pas sur les faits constatés.","A — hors du champ du droit d'auteur : décret du 12/10/2005, art. 5 (textes officiels et simples données)",Libre pour les faits. Nous publions la liste des institutions et le rattachement communal des caisses ; aucune page du site n'est mise en miroir.,"institution, catégorie d'agrément, adresse du siège, nombre de comptoirs, fédération",siège seulement ; la BRH ne publie AUCUN répertoire d'agences. Sa cartographie des points financiers existe mais son export est désactivé.,acte administratif ; la page des banques listait encore Citibank en août 2026 alors que la SNIF de la BRH indique son retrait en 2024 — la liste n'est pas tenue à jour au jour le jour,"build_finance_agrements.py — pages HTML par catégorie, PDF des caisses lu par coordonnées (find_tables)",info@brh.ht,PSP-064,HORS_CHAMP_DROIT_AUTEUR,OUI — liste des institutions et rattachement communal des caisses,OUI — avec attribution à la BRH.,"Oui — BRH, listes d'agrément de la supervision bancaire"
SRC-054,Intégrée,"ONU DESA — Division de la population, Département des affaires économiques et sociales des Nations unies","International Migrant Stock 2024 — effectifs de migrants internationaux par sexe, pays de destination et pays d'origine",https://www.un.org/development/desa/pd/content/international-migrant-stock,,,,2026-08-23,"CC BY 3.0 IGO — mention portée dans le classeur lui-même : « Copyright © 2024 by United Nations, made available under a Creative Commons license CC BY 3.0 IGO »",A — redistribution autorisée avec attribution,"Oui, avec attribution",,,,Voir le passeport PSP-065,Nations unies (un.org/development/desa/pd),PSP-065,OUVERTE_AVEC_ATTRIBUTION,"OUI — extraction de l'origine Haïti, publiée avec sa provenance",OUI,"Oui — « United Nations, Department of Economic and Social Affairs, Population Division (2024). International Migrant Stock 2024 », avec la mention des transformations opérées (sélection de l'origine Haïti, mise en forme longue)"
SRC-055,Intégrée,"OIM — Displacement Tracking Matrix, avec l'Office National de la Migration (ONM) et le Groupe d'appui aux rapatriés et aux réfugiés (GARR)","Suivi des retours forcés vers Haïti — comptage aux points d'entrée, série mensuelle depuis 2021, fiches annuelles",https://dtm.iom.int/haiti,,,,2026-08-23,Conditions d'utilisation de l'OIM — mêmes termes que PSP-056,"B — clarification demandée au producteur, publication sous réserve","En cours de clarification — l'Explorateur ne remet en miroir aucun rapport ni aucun PDF : il publie les valeurs relevées, avec leur provenance et l'empreinte de la capture",,,,Voir le passeport PSP-066,dtm.iom.int,PSP-066,CLARIFICATION_DEMANDEE,"OUI — sous réserve, comme PSP-056 : valeurs relevées et rattachées, jamais le rapport lui-même",Sous conditions — à trancher avec la réponse de l'OIM,"Oui — « OIM, Displacement Tracking Matrix, avec l'ONM et le GARR ; Suivi des retours forcés vers Haïti » avec la date du relevé"
SRC-056,Intégrée,U.S. Department of Homeland Security — Office of Homeland Security Statistics (OHSS),"Key Homeland Security Metrics — Repatriations : renvois par exercice, mois, type, citoyenneté, statut pénal et agence",https://ohss.dhs.gov/khsm/dhs-repatriations,,,,2026-08-23,"Domaine public — œuvre du gouvernement fédéral des États-Unis, 17 U.S.C. § 105 : aucune protection par le droit d'auteur","A — licence ouverte, lue à la source","Oui — œuvre du gouvernement fédéral, hors protection",,,,Voir le passeport PSP-067,ohss.dhs.gov,PSP-067,OUVERTE_VALIDEE,OUI,OUI,"Non exigée par la loi ; Atmart cite « U.S. Department of Homeland Security, Office of Homeland Security Statistics — Key Homeland Security Metrics, Repatriations » par principe méthodologique"
SRC-057,Intégrée,OpenStreetMap — contributeurs,"Lieux de culte d'Haïti — extraction amenity=place_of_worship, avec religion et dénomination quand elles sont renseignées",https://www.openstreetmap.org/copyright,,,,2026-08-24,ODbL 1.0 — Open Database License,A — licence ouverte ; partage à l'identique des bases dérivées,"Oui, sous la même licence",,,,Voir le passeport PSP-068,Overpass API (overpass-api.de),PSP-068,OUVERTE_AVEC_PARTAGE_IDENTIQUE,OUI,OUI — mais le PARTAGE À L'IDENTIQUE suit : une base dérivée remise à un client reste sous ODbL et ne peut pas être fondue dans un livrable sous licence fermée,"Oui — « © contributeurs OpenStreetMap », avec mention que les données ont été modifiées (rattachement communal et agrégation par Atmart)"
SRC-058,Intégrée,CONATEL — Conseil National des Télécommunications,"Liste des stations de radiodiffusion autorisées par département, 2023-2024 — radio FM, radio AM et télévision",https://conatel.gouv.ht/,,,,2026-08-24,"Données publiques haïtiennes — décret du 12/10/2005, art. 5 (textes officiels des autorités publiques et simples données)","A — hors du champ du droit d'auteur : décret du 12/10/2005, art. 5",Oui — hors protection,,,,Voir le passeport PSP-069,conatel.gouv.ht,PSP-069,HORS_CHAMP_DROIT_AUTEUR,OUI — liste des stations autorisées et rattachement communal,OUI,"Non exigée par la loi ; Atmart cite « CONATEL, liste des stations de radiodiffusion autorisées 2023-2024 » par principe méthodologique"
SRC-059,Intégrée,Kepios Pte. Ltd.,"Digital 2026: Haiti — audiences par plateforme (Facebook, TikTok, Instagram, LinkedIn), pénétration d'Internet, profil par âge et par sexe",https://datareportal.com/citation,,,,2026-08-24,Contenu sous droit d'auteur de Kepios Pte. Ltd. La page « Citation & Republication » encadre la reprise des PAGES et des GRAPHIQUES ; elle recommande par ailleurs une forme de CITATION pour référencer les rapports.,D — écartée du catalogue,NON dans la forme qui est la nôtre. Seule la republication de pages entières est permise ; l'Explorateur publie des agrégats recalculés dans sa propre présentation.,,,,Voir le passeport PSP-070,DataReportal.com (avec We Are Social et Meltwater),PSP-070,UTILISABLE_POUR_ANALYSE_SANS_REDISTRIBUTION,"OUI — valeurs citées avec attribution et lien, jamais leurs pages ni leurs graphiques",OUI pour la citation. Reproduire une page ou un graphique dans un livrable dont l'accès est payant demanderait leur accord et une redevance.,"Oui — forme recommandée par le producteur : « We Are Social & Meltwater (2026), ""Digital 2026: Haiti"", retrieved from datareportal.com », avec un lien vers la page du rapport"
SRC-060,Intégrée,BRH — Banque de la République d'Haïti,"Transferts sans contrepartie reçus et expédiés, par pays et par mois",https://www.brh.ht/statistiques/bdp-et-commerce-exterieur/,,,,2026-08-25,"Aucune licence ouverte déclarée. Les mentions légales du site portent « ne pas recopier tout ou partie du site sur un autre site ou un réseau interne d'entreprise » — clause qui vise la reprise des PAGES et des FICHIERS, pas les faits qu'ils énoncent.","A — hors du champ du droit d'auteur : décret du 12/10/2005, art. 5","Les faits sont libres (décret du 12/10/2005, art. 5, qui exclut du droit d'auteur les textes officiels des autorités publiques et les simples données). Aucun fichier de la BRH n'est redistribué : les captures restent dans leur zone de source, sous empreinte.",,,,Voir le passeport PSP-071,brh.ht,PSP-071,HORS_CHAMP_DROIT_AUTEUR,OUI — série mensuelle par pays d'origine et de destination,OUI — avec attribution à la BRH.,"Oui — BRH, statistiques de la balance des paiements"
SRC-061,Intégrée,BRH — Banque de la République d'Haïti,"BRH-Infos à la loupe n° 1 — transferts sans contrepartie : tendance, distribution et dynamique du marché",https://www.brh.ht/wp-content/uploads/Transferts-sans-contreparties-tendance-distribution-et-dynamique-du-marche.pdf,,,,2026-08-25,"Aucune licence ouverte déclarée. Les mentions légales du site portent « ne pas recopier tout ou partie du site sur un autre site ou un réseau interne d'entreprise » — clause qui vise la reprise des PAGES et des FICHIERS, pas les faits qu'ils énoncent.","A — hors du champ du droit d'auteur : décret du 12/10/2005, art. 5","Les faits sont libres (décret du 12/10/2005, art. 5, qui exclut du droit d'auteur les textes officiels des autorités publiques et les simples données). Aucun fichier de la BRH n'est redistribué : les captures restent dans leur zone de source, sous empreinte.",,,,Voir le passeport PSP-072,brh.ht,PSP-072,HORS_CHAMP_DROIT_AUTEUR,"OUI — répartition des transferts par département, reçus et expédiés",OUI — avec attribution à la BRH.,"Oui — BRH, « BRH-Infos à la loupe » n° 1, avril 2024"
SRC-062,Intégrée,BRH — Banque de la République d'Haïti,Rapports statistiques trimestriels de la supervision bancaire,https://www.brh.ht/supervision-bancaire/rapports-statistiques-2/,,,,2026-08-25,"Aucune licence ouverte déclarée. Les mentions légales du site portent « ne pas recopier tout ou partie du site sur un autre site ou un réseau interne d'entreprise » — clause qui vise la reprise des PAGES et des FICHIERS, pas les faits qu'ils énoncent.","A — hors du champ du droit d'auteur : décret du 12/10/2005, art. 5","Les faits sont libres (décret du 12/10/2005, art. 5, qui exclut du droit d'auteur les textes officiels des autorités publiques et les simples données). Aucun fichier de la BRH n'est redistribué : les captures restent dans leur zone de source, sous empreinte.",,,,Voir le passeport PSP-073,brh.ht,PSP-073,HORS_CHAMP_DROIT_AUTEUR,"OUI — ratios prudentiels et de rentabilité par banque, et répartition des dépôts entre région métropolitaine et villes de province",OUI — avec attribution à la BRH.,"Oui — BRH, Direction de la supervision des banques et des institutions financières"
SRC-063,Intégrée,BRH — Banque de la République d'Haïti,Sommaire financier détaillé du système bancaire (indicateurs CAMEL),https://www.brh.ht/supervision-bancaire/rapports-statistiques-2/,,,,2026-08-25,"Aucune licence ouverte déclarée. Les mentions légales du site visent la reprise des PAGES et des FICHIERS, pas les faits.","A — hors du champ du droit d'auteur : décret du 12/10/2005, art. 5","Les faits sont libres (décret du 12/10/2005, art. 5). Aucun PDF n'est redistribué.",,,,Voir le passeport PSP-075,brh.ht,PSP-075,HORS_CHAMP_DROIT_AUTEUR,"OUI — réseau, effectifs, comptes et dollarisation, banque par banque",OUI — avec attribution à la BRH.,"Oui — BRH, sommaire financier détaillé du système bancaire"
SRC-064,Intégrée,FAO — Organisation des Nations unies pour l'alimentation et l'agriculture,"Data in Emergencies Monitoring (DIEM) — revenus, chocs et besoins",https://data.humdata.org/dataset/e9942071-bf80-4216-9175-044720b82e6f,,,,2026-08-25,"CC BY 4.0, avec les conditions d'utilisation des bases statistiques de la FAO",A — redistribution autorisée avec attribution,"Oui, attribution faite — c'est la seule source de ce chantier qui pourrait être redistribuée telle quelle.",,,,Voir le passeport PSP-076,data.humdata.org,PSP-076,OUVERTE_AVEC_ATTRIBUTION,OUI — part des ménages par département,OUI — avec attribution à la FAO.,"Oui — FAO, Data in Emergencies Monitoring (DIEM), Haïti, tours 4 à 6"
SRC-065,Intégrée,CAM Transfer — maison de transfert agréée par la BRH,Répertoire public des points de service en Haïti,https://www.camtransfer.com/gb/en/gb/MTS/Locations,,,,2026-08-25,"Aucune licence déclarée. Répertoire publié par l'opérateur pour que ses clients trouvent où retirer leur argent, servi par un point d'accès public sans authentification.","C — analyse et agrégats autorisés, redistribution du fichier interdite","NON pour le répertoire lui-même. OUI pour le DÉCOMPTE par commune, qui est un agrégat recalculé et non une reprise d'expression — même raisonnement que pour Comtrade (PSP-061) et l'OIM (PSP-056).",,,,Voir le passeport PSP-074,camtransfer.com,PSP-074,UTILISABLE_POUR_ANALYSE_SANS_REDISTRIBUTION,"OUI — le décompte de points par commune ET l'annuaire des points de service, sans les téléphones","OUI pour l'agrégat, avec attribution.","Oui — CAM Transfer, répertoire public des points de service, relevé le 25/08/2026"
SRC-ATM-001,Intégrée,Atmart Data,"Concordance des sources par commune (santé, écoles, population)",https://explorateur.atmart.ltd/data/atmart_concordance.json,,,,2026-08-18,"CC BY 4.0 — attribution « Atmart Data, Explorateur Haïti » ; les sources confrontées gardent chacune leur propre licence",A — redistribution autorisée avec attribution,Oui,,,,Voir le passeport PSP-049,Atmart Data — explorateur.atmart.ltd,PSP-049,OUVERTE_AVEC_ATTRIBUTION,"OUI — production Atmart sur des sources ouvertes, aucune restriction héritée",OUI — c'est le socle de la prestation « Atmart Vérifié »,"Oui — « Atmart Data, Explorateur Haïti » et la date du calcul"
SRC-COMTRADE,Intégrée,Division de statistique des Nations unies (UNSD),Statistiques du commerce international de marchandises — Haïti,https://uncomtrade.org/docs/policy-on-use-and-re-dissemination/,,,,2026-08-19,"Conditions UNSD : données protégées par le droit d'auteur des Nations unies, mises à disposition pour un usage interne ; la REDISSÉMINATION est définie par l'UNSD comme la réutilisation « as-is, without any transformation ». Un agrégat substantiellement différent n'en relève pas","C — analyse et agrégats autorisés, redistribution du fichier interdite","NON pour les données telles quelles ; OUI pour un agrégat substantiellement différent, avec mention « UN Comtrade »",,,,Voir le passeport PSP-061,UN Comtrade,PSP-061,UTILISABLE_POUR_ANALYSE_SANS_REDISTRIBUTION,"OUI — agrégats recalculés seulement, jamais l'extraction brute",OUI — sous réserve que le livrable porte des agrégats substantiellement différents et cite « UN Comtrade »,Oui — citer la source comme « UN Comtrade »
SRC-FAOSTAT,Intégrée,FAO — Organisation des Nations unies pour l'alimentation et l'agriculture,Sécurité alimentaire et usage des terres — Haïti,https://www.fao.org/contact-us/terms/db-terms-of-use/en/,,,,2026-08-18,CC BY 4.0 — avec la clause additionnelle de la FAO : « Datasets shall not be used for or in conjunction with the promotion of a commercial enterprise »,"B — ouverte, usage commercial restreint par le producteur",Oui,,,,Voir le passeport PSP-059,FAOSTAT (téléchargement en vrac),PSP-059,OUVERTE_NON_COMMERCIALE,OUI,"OUI — sous réserve de ne jamais employer ces chiffres dans une plaquette, une page de vente ou une démonstration commerciale d'Atmart",Oui — « FAO. 2026. FAOSTAT. Licence: CC-BY-4.0 » avec la date de consultation
SRC-ILOSTAT,Intégrée,OIT — Organisation internationale du Travail,"Emploi, chômage, activité et informalité — Haïti",https://www.ilo.org/rights-and-permissions,,,,2026-08-19,"CC BY 4.0 — appliquée aux bases de données et jeux de données de l'OIT depuis le 3 mai 2023, métadonnées de référence comprises",A — redistribution autorisée avec attribution,Oui,,,,Voir le passeport PSP-060,ILOSTAT,PSP-060,OUVERTE_AVEC_ATTRIBUTION,OUI,OUI — avec attribution,Oui — l'OIT doit être citée comme source
