niveau_admin,pcode,nom,personnes_deplacees_presentes,date_rapport,ronde,source_id,source,limite_connue
0,HT,Haïti,193626,2026-05-31T00:00:00,ronde 13,SRC-032,"OIM — Displacement Tracking Matrix (via HDX), attribution requise",Recensement des sites et communautés hôtes accessibles à l'OIM — pas un registre exhaustif des déplacés.
1,HT01,Ouest,1422,2026-05-31T00:00:00,ronde 13,SRC-032,"OIM — Displacement Tracking Matrix (via HDX), attribution requise",Recensement des sites et communautés hôtes accessibles à l'OIM — pas un registre exhaustif des déplacés.
1,HT02,Sud-Est,175231,2026-05-31T00:00:00,ronde 13,SRC-032,"OIM — Displacement Tracking Matrix (via HDX), attribution requise",Recensement des sites et communautés hôtes accessibles à l'OIM — pas un registre exhaustif des déplacés.
1,HT03,Nord,30523,2026-05-31T00:00:00,ronde 13,SRC-032,"OIM — Displacement Tracking Matrix (via HDX), attribution requise",Recensement des sites et communautés hôtes accessibles à l'OIM — pas un registre exhaustif des déplacés.
1,HT04,Nord Est,10385,2026-05-31T00:00:00,ronde 13,SRC-032,"OIM — Displacement Tracking Matrix (via HDX), attribution requise",Recensement des sites et communautés hôtes accessibles à l'OIM — pas un registre exhaustif des déplacés.
1,HT05,Artibonite,134290,2026-05-31T00:00:00,ronde 13,SRC-032,"OIM — Displacement Tracking Matrix (via HDX), attribution requise",Recensement des sites et communautés hôtes accessibles à l'OIM — pas un registre exhaustif des déplacés.
1,HT06,Centre,146012,2026-05-31T00:00:00,ronde 13,SRC-032,"OIM — Displacement Tracking Matrix (via HDX), attribution requise",Recensement des sites et communautés hôtes accessibles à l'OIM — pas un registre exhaustif des déplacés.
1,HT07,Sud,193365,2026-05-31T00:00:00,ronde 13,SRC-032,"OIM — Displacement Tracking Matrix (via HDX), attribution requise",Recensement des sites et communautés hôtes accessibles à l'OIM — pas un registre exhaustif des déplacés.
1,HT08,Grande Anse,119380,2026-05-31T00:00:00,ronde 13,SRC-032,"OIM — Displacement Tracking Matrix (via HDX), attribution requise",Recensement des sites et communautés hôtes accessibles à l'OIM — pas un registre exhaustif des déplacés.
1,HT09,Nord Ouest,1562,2026-05-31T00:00:00,ronde 13,SRC-032,"OIM — Displacement Tracking Matrix (via HDX), attribution requise",Recensement des sites et communautés hôtes accessibles à l'OIM — pas un registre exhaustif des déplacés.
1,HT10,Nippes,72753,2026-05-31T00:00:00,ronde 13,SRC-032,"OIM — Displacement Tracking Matrix (via HDX), attribution requise",Recensement des sites et communautés hôtes accessibles à l'OIM — pas un registre exhaustif des déplacés.
2,HT0111,Port-Au-Prince,2377,2026-05-31T00:00:00,ronde 13,SRC-032,"OIM — Displacement Tracking Matrix (via HDX), attribution requise",Recensement des sites et communautés hôtes accessibles à l'OIM — pas un registre exhaustif des déplacés.
2,HT0112,Delmas,80412,2026-05-31T00:00:00,ronde 13,SRC-032,"OIM — Displacement Tracking Matrix (via HDX), attribution requise",Recensement des sites et communautés hôtes accessibles à l'OIM — pas un registre exhaustif des déplacés.
2,HT0113,Carrefour,2284,2026-05-31T00:00:00,ronde 13,SRC-032,"OIM — Displacement Tracking Matrix (via HDX), attribution requise",Recensement des sites et communautés hôtes accessibles à l'OIM — pas un registre exhaustif des déplacés.
2,HT0114,Petion-Ville,162,2026-05-31T00:00:00,ronde 13,SRC-032,"OIM — Displacement Tracking Matrix (via HDX), attribution requise",Recensement des sites et communautés hôtes accessibles à l'OIM — pas un registre exhaustif des déplacés.
2,HT0115,Kenscoff,1943,2026-05-31T00:00:00,ronde 13,SRC-032,"OIM — Displacement Tracking Matrix (via HDX), attribution requise",Recensement des sites et communautés hôtes accessibles à l'OIM — pas un registre exhaustif des déplacés.
2,HT0116,Gressier,150,2024-05-31T00:00:00,ronde 7,SRC-032,"OIM — Displacement Tracking Matrix (via HDX), attribution requise",Recensement des sites et communautés hôtes accessibles à l'OIM — pas un registre exhaustif des déplacés.
2,HT0117,Cite Soleil,20238,2026-05-31T00:00:00,ronde 13,SRC-032,"OIM — Displacement Tracking Matrix (via HDX), attribution requise",Recensement des sites et communautés hôtes accessibles à l'OIM — pas un registre exhaustif des déplacés.
2,HT0118,Tabarre,7471,2026-05-31T00:00:00,ronde 13,SRC-032,"OIM — Displacement Tracking Matrix (via HDX), attribution requise",Recensement des sites et communautés hôtes accessibles à l'OIM — pas un registre exhaustif des déplacés.
2,HT0121,Leogane,49462,2026-05-31T00:00:00,ronde 13,SRC-032,"OIM — Displacement Tracking Matrix (via HDX), attribution requise",Recensement des sites et communautés hôtes accessibles à l'OIM — pas un registre exhaustif des déplacés.
2,HT0122,Petit Goave,11129,2026-05-31T00:00:00,ronde 13,SRC-032,"OIM — Displacement Tracking Matrix (via HDX), attribution requise",Recensement des sites et communautés hôtes accessibles à l'OIM — pas un registre exhaustif des déplacés.
2,HT0123,Grand-Goave,15671,2026-05-31T00:00:00,ronde 13,SRC-032,"OIM — Displacement Tracking Matrix (via HDX), attribution requise",Recensement des sites et communautés hôtes accessibles à l'OIM — pas un registre exhaustif des déplacés.
2,HT0131,Croix-Des-Bouquets,170,2026-05-31T00:00:00,ronde 13,SRC-032,"OIM — Displacement Tracking Matrix (via HDX), attribution requise",Recensement des sites et communautés hôtes accessibles à l'OIM — pas un registre exhaustif des déplacés.
2,HT0132,Thomazeau,396,2025-06-30T00:00:00,ronde 10,SRC-032,"OIM — Displacement Tracking Matrix (via HDX), attribution requise",Recensement des sites et communautés hôtes accessibles à l'OIM — pas un registre exhaustif des déplacés.
2,HT0133,Ganthier,523,2025-06-30T00:00:00,ronde 10,SRC-032,"OIM — Displacement Tracking Matrix (via HDX), attribution requise",Recensement des sites et communautés hôtes accessibles à l'OIM — pas un registre exhaustif des déplacés.
2,HT0134,Cornillon/Grd Bois,1422,2026-05-31T00:00:00,ronde 13,SRC-032,"OIM — Displacement Tracking Matrix (via HDX), attribution requise",Recensement des sites et communautés hôtes accessibles à l'OIM — pas un registre exhaustif des déplacés.
2,HT0141,Arcahaie,14036,2026-05-31T00:00:00,ronde 13,SRC-032,"OIM — Displacement Tracking Matrix (via HDX), attribution requise",Recensement des sites et communautés hôtes accessibles à l'OIM — pas un registre exhaustif des déplacés.
2,HT0142,Cabaret,26895,2026-05-31T00:00:00,ronde 13,SRC-032,"OIM — Displacement Tracking Matrix (via HDX), attribution requise",Recensement des sites et communautés hôtes accessibles à l'OIM — pas un registre exhaustif des déplacés.
2,HT0151,Anse A Galet,3578,2026-05-31T00:00:00,ronde 13,SRC-032,"OIM — Displacement Tracking Matrix (via HDX), attribution requise",Recensement des sites et communautés hôtes accessibles à l'OIM — pas un registre exhaustif des déplacés.
2,HT0152,Pointe A Raquette,4267,2026-05-31T00:00:00,ronde 13,SRC-032,"OIM — Displacement Tracking Matrix (via HDX), attribution requise",Recensement des sites et communautés hôtes accessibles à l'OIM — pas un registre exhaustif des déplacés.
2,HT0211,Jacmel,71753,2026-05-31T00:00:00,ronde 13,SRC-032,"OIM — Displacement Tracking Matrix (via HDX), attribution requise",Recensement des sites et communautés hôtes accessibles à l'OIM — pas un registre exhaustif des déplacés.
2,HT0212,Marigot,10014,2026-05-31T00:00:00,ronde 13,SRC-032,"OIM — Displacement Tracking Matrix (via HDX), attribution requise",Recensement des sites et communautés hôtes accessibles à l'OIM — pas un registre exhaustif des déplacés.
2,HT0213,Cayes-Jacmel,4681,2026-05-31T00:00:00,ronde 13,SRC-032,"OIM — Displacement Tracking Matrix (via HDX), attribution requise",Recensement des sites et communautés hôtes accessibles à l'OIM — pas un registre exhaustif des déplacés.
2,HT0214,La Vallee,19611,2026-05-31T00:00:00,ronde 13,SRC-032,"OIM — Displacement Tracking Matrix (via HDX), attribution requise",Recensement des sites et communautés hôtes accessibles à l'OIM — pas un registre exhaustif des déplacés.
2,HT0221,Bainet,16307,2026-05-31T00:00:00,ronde 13,SRC-032,"OIM — Displacement Tracking Matrix (via HDX), attribution requise",Recensement des sites et communautés hôtes accessibles à l'OIM — pas un registre exhaustif des déplacés.
2,HT0222,Cotes De Fer,14950,2026-05-31T00:00:00,ronde 13,SRC-032,"OIM — Displacement Tracking Matrix (via HDX), attribution requise",Recensement des sites et communautés hôtes accessibles à l'OIM — pas un registre exhaustif des déplacés.
2,HT0231,Belle Anse,14340,2026-05-31T00:00:00,ronde 13,SRC-032,"OIM — Displacement Tracking Matrix (via HDX), attribution requise",Recensement des sites et communautés hôtes accessibles à l'OIM — pas un registre exhaustif des déplacés.
2,HT0232,Grand Gosier,6003,2026-05-31T00:00:00,ronde 13,SRC-032,"OIM — Displacement Tracking Matrix (via HDX), attribution requise",Recensement des sites et communautés hôtes accessibles à l'OIM — pas un registre exhaustif des déplacés.
2,HT0233,Thiotte,9632,2026-05-31T00:00:00,ronde 13,SRC-032,"OIM — Displacement Tracking Matrix (via HDX), attribution requise",Recensement des sites et communautés hôtes accessibles à l'OIM — pas un registre exhaustif des déplacés.
2,HT0234,Anse A Pitre,7940,2026-05-31T00:00:00,ronde 13,SRC-032,"OIM — Displacement Tracking Matrix (via HDX), attribution requise",Recensement des sites et communautés hôtes accessibles à l'OIM — pas un registre exhaustif des déplacés.
2,HT0311,Cap Haitien,28008,2026-05-31T00:00:00,ronde 13,SRC-032,"OIM — Displacement Tracking Matrix (via HDX), attribution requise",Recensement des sites et communautés hôtes accessibles à l'OIM — pas un registre exhaustif des déplacés.
2,HT0312,Quartier Morin,2230,2026-05-31T00:00:00,ronde 13,SRC-032,"OIM — Displacement Tracking Matrix (via HDX), attribution requise",Recensement des sites et communautés hôtes accessibles à l'OIM — pas un registre exhaustif des déplacés.
2,HT0313,Limonade,4155,2026-05-31T00:00:00,ronde 13,SRC-032,"OIM — Displacement Tracking Matrix (via HDX), attribution requise",Recensement des sites et communautés hôtes accessibles à l'OIM — pas un registre exhaustif des déplacés.
2,HT0321,Acul Du Nord,2190,2026-05-31T00:00:00,ronde 13,SRC-032,"OIM — Displacement Tracking Matrix (via HDX), attribution requise",Recensement des sites et communautés hôtes accessibles à l'OIM — pas un registre exhaustif des déplacés.
2,HT0322,Plaine Du Nord,2105,2026-05-31T00:00:00,ronde 13,SRC-032,"OIM — Displacement Tracking Matrix (via HDX), attribution requise",Recensement des sites et communautés hôtes accessibles à l'OIM — pas un registre exhaustif des déplacés.
2,HT0323,Milot,3074,2026-05-31T00:00:00,ronde 13,SRC-032,"OIM — Displacement Tracking Matrix (via HDX), attribution requise",Recensement des sites et communautés hôtes accessibles à l'OIM — pas un registre exhaustif des déplacés.
2,HT0331,Grande Riviere Du Nord,1500,2026-05-31T00:00:00,ronde 13,SRC-032,"OIM — Displacement Tracking Matrix (via HDX), attribution requise",Recensement des sites et communautés hôtes accessibles à l'OIM — pas un registre exhaustif des déplacés.
2,HT0332,Bahon,2245,2026-05-31T00:00:00,ronde 13,SRC-032,"OIM — Displacement Tracking Matrix (via HDX), attribution requise",Recensement des sites et communautés hôtes accessibles à l'OIM — pas un registre exhaustif des déplacés.
2,HT0341,St. Raphael,1641,2026-05-31T00:00:00,ronde 13,SRC-032,"OIM — Displacement Tracking Matrix (via HDX), attribution requise",Recensement des sites et communautés hôtes accessibles à l'OIM — pas un registre exhaustif des déplacés.
2,HT0342,Dondon,372,2026-05-31T00:00:00,ronde 13,SRC-032,"OIM — Displacement Tracking Matrix (via HDX), attribution requise",Recensement des sites et communautés hôtes accessibles à l'OIM — pas un registre exhaustif des déplacés.
2,HT0343,Ranquitte,244,2026-05-31T00:00:00,ronde 13,SRC-032,"OIM — Displacement Tracking Matrix (via HDX), attribution requise",Recensement des sites et communautés hôtes accessibles à l'OIM — pas un registre exhaustif des déplacés.
2,HT0344,Pignon,260,2026-05-31T00:00:00,ronde 13,SRC-032,"OIM — Displacement Tracking Matrix (via HDX), attribution requise",Recensement des sites et communautés hôtes accessibles à l'OIM — pas un registre exhaustif des déplacés.
2,HT0345,La Victoire,162,2026-05-31T00:00:00,ronde 13,SRC-032,"OIM — Displacement Tracking Matrix (via HDX), attribution requise",Recensement des sites et communautés hôtes accessibles à l'OIM — pas un registre exhaustif des déplacés.
2,HT0351,Borgne,4735,2026-05-31T00:00:00,ronde 13,SRC-032,"OIM — Displacement Tracking Matrix (via HDX), attribution requise",Recensement des sites et communautés hôtes accessibles à l'OIM — pas un registre exhaustif des déplacés.
2,HT0352,Port Margot,2208,2026-05-31T00:00:00,ronde 13,SRC-032,"OIM — Displacement Tracking Matrix (via HDX), attribution requise",Recensement des sites et communautés hôtes accessibles à l'OIM — pas un registre exhaustif des déplacés.
2,HT0361,Limbe,5705,2026-05-31T00:00:00,ronde 13,SRC-032,"OIM — Displacement Tracking Matrix (via HDX), attribution requise",Recensement des sites et communautés hôtes accessibles à l'OIM — pas un registre exhaustif des déplacés.
2,HT0362,Bas Limbe,150,2026-05-31T00:00:00,ronde 13,SRC-032,"OIM — Displacement Tracking Matrix (via HDX), attribution requise",Recensement des sites et communautés hôtes accessibles à l'OIM — pas un registre exhaustif des déplacés.
2,HT0371,Plaisance,11890,2026-05-31T00:00:00,ronde 13,SRC-032,"OIM — Displacement Tracking Matrix (via HDX), attribution requise",Recensement des sites et communautés hôtes accessibles à l'OIM — pas un registre exhaustif des déplacés.
2,HT0372,Pilate,2515,2026-05-31T00:00:00,ronde 13,SRC-032,"OIM — Displacement Tracking Matrix (via HDX), attribution requise",Recensement des sites et communautés hôtes accessibles à l'OIM — pas un registre exhaustif des déplacés.
2,HT0411,Fort Liberte,175,2026-05-31T00:00:00,ronde 13,SRC-032,"OIM — Displacement Tracking Matrix (via HDX), attribution requise",Recensement des sites et communautés hôtes accessibles à l'OIM — pas un registre exhaustif des déplacés.
2,HT0412,Ferrier,264,2026-05-31T00:00:00,ronde 13,SRC-032,"OIM — Displacement Tracking Matrix (via HDX), attribution requise",Recensement des sites et communautés hôtes accessibles à l'OIM — pas un registre exhaustif des déplacés.
2,HT0413,Perches,750,2026-05-31T00:00:00,ronde 13,SRC-032,"OIM — Displacement Tracking Matrix (via HDX), attribution requise",Recensement des sites et communautés hôtes accessibles à l'OIM — pas un registre exhaustif des déplacés.
2,HT0421,Ouanaminthe,8415,2026-05-31T00:00:00,ronde 13,SRC-032,"OIM — Displacement Tracking Matrix (via HDX), attribution requise",Recensement des sites et communautés hôtes accessibles à l'OIM — pas un registre exhaustif des déplacés.
2,HT0422,Capotille,10,2025-12-31T00:00:00,ronde 12,SRC-032,"OIM — Displacement Tracking Matrix (via HDX), attribution requise",Recensement des sites et communautés hôtes accessibles à l'OIM — pas un registre exhaustif des déplacés.
2,HT0423,Mont Organise,376,2026-05-31T00:00:00,ronde 13,SRC-032,"OIM — Displacement Tracking Matrix (via HDX), attribution requise",Recensement des sites et communautés hôtes accessibles à l'OIM — pas un registre exhaustif des déplacés.
2,HT0431,Trou Du Nord,1693,2026-05-31T00:00:00,ronde 13,SRC-032,"OIM — Displacement Tracking Matrix (via HDX), attribution requise",Recensement des sites et communautés hôtes accessibles à l'OIM — pas un registre exhaustif des déplacés.
2,HT0432,Sainte Suzanne,1752,2026-05-31T00:00:00,ronde 13,SRC-032,"OIM — Displacement Tracking Matrix (via HDX), attribution requise",Recensement des sites et communautés hôtes accessibles à l'OIM — pas un registre exhaustif des déplacés.
2,HT0433,Terrier Rouge,1160,2026-05-31T00:00:00,ronde 13,SRC-032,"OIM — Displacement Tracking Matrix (via HDX), attribution requise",Recensement des sites et communautés hôtes accessibles à l'OIM — pas un registre exhaustif des déplacés.
2,HT0434,Caracol,2119,2026-05-31T00:00:00,ronde 13,SRC-032,"OIM — Displacement Tracking Matrix (via HDX), attribution requise",Recensement des sites et communautés hôtes accessibles à l'OIM — pas un registre exhaustif des déplacés.
2,HT0441,Valliere,96,2026-05-31T00:00:00,ronde 13,SRC-032,"OIM — Displacement Tracking Matrix (via HDX), attribution requise",Recensement des sites et communautés hôtes accessibles à l'OIM — pas un registre exhaustif des déplacés.
2,HT0442,Carice,126,2026-05-31T00:00:00,ronde 13,SRC-032,"OIM — Displacement Tracking Matrix (via HDX), attribution requise",Recensement des sites et communautés hôtes accessibles à l'OIM — pas un registre exhaustif des déplacés.
2,HT0443,Mombin Crochu,259,2026-05-31T00:00:00,ronde 13,SRC-032,"OIM — Displacement Tracking Matrix (via HDX), attribution requise",Recensement des sites et communautés hôtes accessibles à l'OIM — pas un registre exhaustif des déplacés.
2,HT0511,Gonaives,14272,2026-05-31T00:00:00,ronde 13,SRC-032,"OIM — Displacement Tracking Matrix (via HDX), attribution requise",Recensement des sites et communautés hôtes accessibles à l'OIM — pas un registre exhaustif des déplacés.
2,HT0512,Ennery,3998,2026-05-31T00:00:00,ronde 13,SRC-032,"OIM — Displacement Tracking Matrix (via HDX), attribution requise",Recensement des sites et communautés hôtes accessibles à l'OIM — pas un registre exhaustif des déplacés.
2,HT0513,L'Estere,2289,2026-05-31T00:00:00,ronde 13,SRC-032,"OIM — Displacement Tracking Matrix (via HDX), attribution requise",Recensement des sites et communautés hôtes accessibles à l'OIM — pas un registre exhaustif des déplacés.
2,HT0521,Gros Morne,2673,2026-05-31T00:00:00,ronde 13,SRC-032,"OIM — Displacement Tracking Matrix (via HDX), attribution requise",Recensement des sites et communautés hôtes accessibles à l'OIM — pas un registre exhaustif des déplacés.
2,HT0522,Terre Neuve,1805,2026-05-31T00:00:00,ronde 13,SRC-032,"OIM — Displacement Tracking Matrix (via HDX), attribution requise",Recensement des sites et communautés hôtes accessibles à l'OIM — pas un registre exhaustif des déplacés.
2,HT0523,Anse Rouge,6894,2026-05-31T00:00:00,ronde 13,SRC-032,"OIM — Displacement Tracking Matrix (via HDX), attribution requise",Recensement des sites et communautés hôtes accessibles à l'OIM — pas un registre exhaustif des déplacés.
2,HT0531,Saint-Marc,21210,2026-05-31T00:00:00,ronde 13,SRC-032,"OIM — Displacement Tracking Matrix (via HDX), attribution requise",Recensement des sites et communautés hôtes accessibles à l'OIM — pas un registre exhaustif des déplacés.
2,HT0532,Verrettes,64174,2026-05-31T00:00:00,ronde 13,SRC-032,"OIM — Displacement Tracking Matrix (via HDX), attribution requise",Recensement des sites et communautés hôtes accessibles à l'OIM — pas un registre exhaustif des déplacés.
2,HT0533,La Chapelle,2305,2026-05-31T00:00:00,ronde 13,SRC-032,"OIM — Displacement Tracking Matrix (via HDX), attribution requise",Recensement des sites et communautés hôtes accessibles à l'OIM — pas un registre exhaustif des déplacés.
2,HT0541,Dessalines/Marchandes,11338,2026-05-31T00:00:00,ronde 13,SRC-032,"OIM — Displacement Tracking Matrix (via HDX), attribution requise",Recensement des sites et communautés hôtes accessibles à l'OIM — pas un registre exhaustif des déplacés.
2,HT0542,Petite Riviere De L'Art,4363,2026-05-31T00:00:00,ronde 13,SRC-032,"OIM — Displacement Tracking Matrix (via HDX), attribution requise",Recensement des sites et communautés hôtes accessibles à l'OIM — pas un registre exhaustif des déplacés.
2,HT0543,Grande Saline,1040,2026-05-31T00:00:00,ronde 13,SRC-032,"OIM — Displacement Tracking Matrix (via HDX), attribution requise",Recensement des sites et communautés hôtes accessibles à l'OIM — pas un registre exhaustif des déplacés.
2,HT0544,Desdunes,391,2026-05-31T00:00:00,ronde 13,SRC-032,"OIM — Displacement Tracking Matrix (via HDX), attribution requise",Recensement des sites et communautés hôtes accessibles à l'OIM — pas un registre exhaustif des déplacés.
2,HT0551,Saint-Michel De L'Attal,10235,2026-05-31T00:00:00,ronde 13,SRC-032,"OIM — Displacement Tracking Matrix (via HDX), attribution requise",Recensement des sites et communautés hôtes accessibles à l'OIM — pas un registre exhaustif des déplacés.
2,HT0552,Marmelade,1311,2026-05-31T00:00:00,ronde 13,SRC-032,"OIM — Displacement Tracking Matrix (via HDX), attribution requise",Recensement des sites et communautés hôtes accessibles à l'OIM — pas un registre exhaustif des déplacés.
2,HT0611,Hinche,27284,2026-05-31T00:00:00,ronde 13,SRC-032,"OIM — Displacement Tracking Matrix (via HDX), attribution requise",Recensement des sites et communautés hôtes accessibles à l'OIM — pas un registre exhaustif des déplacés.
2,HT0612,Maissade,3862,2026-05-31T00:00:00,ronde 13,SRC-032,"OIM — Displacement Tracking Matrix (via HDX), attribution requise",Recensement des sites et communautés hôtes accessibles à l'OIM — pas un registre exhaustif des déplacés.
2,HT0613,Thomonde,6714,2026-05-31T00:00:00,ronde 13,SRC-032,"OIM — Displacement Tracking Matrix (via HDX), attribution requise",Recensement des sites et communautés hôtes accessibles à l'OIM — pas un registre exhaustif des déplacés.
2,HT0614,Cerca Carvajal,2850,2026-05-31T00:00:00,ronde 13,SRC-032,"OIM — Displacement Tracking Matrix (via HDX), attribution requise",Recensement des sites et communautés hôtes accessibles à l'OIM — pas un registre exhaustif des déplacés.
2,HT0621,Mirebalais,14742,2026-05-31T00:00:00,ronde 13,SRC-032,"OIM — Displacement Tracking Matrix (via HDX), attribution requise",Recensement des sites et communautés hôtes accessibles à l'OIM — pas un registre exhaustif des déplacés.
2,HT0622,Saut D'Eau,2094,2026-05-31T00:00:00,ronde 13,SRC-032,"OIM — Displacement Tracking Matrix (via HDX), attribution requise",Recensement des sites et communautés hôtes accessibles à l'OIM — pas un registre exhaustif des déplacés.
2,HT0623,Boucan Carre,24201,2026-05-31T00:00:00,ronde 13,SRC-032,"OIM — Displacement Tracking Matrix (via HDX), attribution requise",Recensement des sites et communautés hôtes accessibles à l'OIM — pas un registre exhaustif des déplacés.
2,HT0631,Lascahobas,10784,2026-05-31T00:00:00,ronde 13,SRC-032,"OIM — Displacement Tracking Matrix (via HDX), attribution requise",Recensement des sites et communautés hôtes accessibles à l'OIM — pas un registre exhaustif des déplacés.
2,HT0632,Belladere,41548,2026-05-31T00:00:00,ronde 13,SRC-032,"OIM — Displacement Tracking Matrix (via HDX), attribution requise",Recensement des sites et communautés hôtes accessibles à l'OIM — pas un registre exhaustif des déplacés.
2,HT0633,Savanette,2215,2026-05-31T00:00:00,ronde 13,SRC-032,"OIM — Displacement Tracking Matrix (via HDX), attribution requise",Recensement des sites et communautés hôtes accessibles à l'OIM — pas un registre exhaustif des déplacés.
2,HT0641,Cerca La Source,691,2026-05-31T00:00:00,ronde 13,SRC-032,"OIM — Displacement Tracking Matrix (via HDX), attribution requise",Recensement des sites et communautés hôtes accessibles à l'OIM — pas un registre exhaustif des déplacés.
2,HT0642,Thomassique,9027,2026-05-31T00:00:00,ronde 13,SRC-032,"OIM — Displacement Tracking Matrix (via HDX), attribution requise",Recensement des sites et communautés hôtes accessibles à l'OIM — pas un registre exhaustif des déplacés.
2,HT0711,Les Cayes,46489,2026-05-31T00:00:00,ronde 13,SRC-032,"OIM — Displacement Tracking Matrix (via HDX), attribution requise",Recensement des sites et communautés hôtes accessibles à l'OIM — pas un registre exhaustif des déplacés.
2,HT0712,Torbeck,19520,2026-05-31T00:00:00,ronde 13,SRC-032,"OIM — Displacement Tracking Matrix (via HDX), attribution requise",Recensement des sites et communautés hôtes accessibles à l'OIM — pas un registre exhaustif des déplacés.
2,HT0713,Chantal,1750,2026-05-31T00:00:00,ronde 13,SRC-032,"OIM — Displacement Tracking Matrix (via HDX), attribution requise",Recensement des sites et communautés hôtes accessibles à l'OIM — pas un registre exhaustif des déplacés.
2,HT0714,Camp Perrin,1100,2026-05-31T00:00:00,ronde 13,SRC-032,"OIM — Displacement Tracking Matrix (via HDX), attribution requise",Recensement des sites et communautés hôtes accessibles à l'OIM — pas un registre exhaustif des déplacés.
2,HT0715,Maniche,4360,2026-05-31T00:00:00,ronde 13,SRC-032,"OIM — Displacement Tracking Matrix (via HDX), attribution requise",Recensement des sites et communautés hôtes accessibles à l'OIM — pas un registre exhaustif des déplacés.
2,HT0716,Ile A Vache,279,2026-05-31T00:00:00,ronde 13,SRC-032,"OIM — Displacement Tracking Matrix (via HDX), attribution requise",Recensement des sites et communautés hôtes accessibles à l'OIM — pas un registre exhaustif des déplacés.
2,HT0721,Port-Salut,5602,2026-05-31T00:00:00,ronde 13,SRC-032,"OIM — Displacement Tracking Matrix (via HDX), attribution requise",Recensement des sites et communautés hôtes accessibles à l'OIM — pas un registre exhaustif des déplacés.
2,HT0722,St. Jean Du Sud,5800,2026-05-31T00:00:00,ronde 13,SRC-032,"OIM — Displacement Tracking Matrix (via HDX), attribution requise",Recensement des sites et communautés hôtes accessibles à l'OIM — pas un registre exhaustif des déplacés.
2,HT0723,Arniquet,3116,2026-05-31T00:00:00,ronde 13,SRC-032,"OIM — Displacement Tracking Matrix (via HDX), attribution requise",Recensement des sites et communautés hôtes accessibles à l'OIM — pas un registre exhaustif des déplacés.
2,HT0731,Aquin,37233,2026-05-31T00:00:00,ronde 13,SRC-032,"OIM — Displacement Tracking Matrix (via HDX), attribution requise",Recensement des sites et communautés hôtes accessibles à l'OIM — pas un registre exhaustif des déplacés.
2,HT0732,St. Louis Du Sud,15879,2026-05-31T00:00:00,ronde 13,SRC-032,"OIM — Displacement Tracking Matrix (via HDX), attribution requise",Recensement des sites et communautés hôtes accessibles à l'OIM — pas un registre exhaustif des déplacés.
2,HT0733,Cavaillon,18278,2026-05-31T00:00:00,ronde 13,SRC-032,"OIM — Displacement Tracking Matrix (via HDX), attribution requise",Recensement des sites et communautés hôtes accessibles à l'OIM — pas un registre exhaustif des déplacés.
2,HT0741,Coteaux,2676,2026-05-31T00:00:00,ronde 13,SRC-032,"OIM — Displacement Tracking Matrix (via HDX), attribution requise",Recensement des sites et communautés hôtes accessibles à l'OIM — pas un registre exhaustif des déplacés.
2,HT0742,Port-A-Piment,5750,2026-05-31T00:00:00,ronde 13,SRC-032,"OIM — Displacement Tracking Matrix (via HDX), attribution requise",Recensement des sites et communautés hôtes accessibles à l'OIM — pas un registre exhaustif des déplacés.
2,HT0743,Roche-A-Bateau,4200,2026-05-31T00:00:00,ronde 13,SRC-032,"OIM — Displacement Tracking Matrix (via HDX), attribution requise",Recensement des sites et communautés hôtes accessibles à l'OIM — pas un registre exhaustif des déplacés.
2,HT0751,Chardonnieres,5006,2026-05-31T00:00:00,ronde 13,SRC-032,"OIM — Displacement Tracking Matrix (via HDX), attribution requise",Recensement des sites et communautés hôtes accessibles à l'OIM — pas un registre exhaustif des déplacés.
2,HT0752,Les Anglais,12751,2026-05-31T00:00:00,ronde 13,SRC-032,"OIM — Displacement Tracking Matrix (via HDX), attribution requise",Recensement des sites et communautés hôtes accessibles à l'OIM — pas un registre exhaustif des déplacés.
2,HT0753,Tiburon,3576,2026-05-31T00:00:00,ronde 13,SRC-032,"OIM — Displacement Tracking Matrix (via HDX), attribution requise",Recensement des sites et communautés hôtes accessibles à l'OIM — pas un registre exhaustif des déplacés.
2,HT0811,Jeremie,23809,2026-05-31T00:00:00,ronde 13,SRC-032,"OIM — Displacement Tracking Matrix (via HDX), attribution requise",Recensement des sites et communautés hôtes accessibles à l'OIM — pas un registre exhaustif des déplacés.
2,HT0812,Abricots,19020,2026-05-31T00:00:00,ronde 13,SRC-032,"OIM — Displacement Tracking Matrix (via HDX), attribution requise",Recensement des sites et communautés hôtes accessibles à l'OIM — pas un registre exhaustif des déplacés.
2,HT0813,Bonbon,3292,2026-05-31T00:00:00,ronde 13,SRC-032,"OIM — Displacement Tracking Matrix (via HDX), attribution requise",Recensement des sites et communautés hôtes accessibles à l'OIM — pas un registre exhaustif des déplacés.
2,HT0814,Moron,6525,2026-05-31T00:00:00,ronde 13,SRC-032,"OIM — Displacement Tracking Matrix (via HDX), attribution requise",Recensement des sites et communautés hôtes accessibles à l'OIM — pas un registre exhaustif des déplacés.
2,HT0815,Chambellan,7250,2026-05-31T00:00:00,ronde 13,SRC-032,"OIM — Displacement Tracking Matrix (via HDX), attribution requise",Recensement des sites et communautés hôtes accessibles à l'OIM — pas un registre exhaustif des déplacés.
2,HT0821,Anse D'Hainault,14210,2026-05-31T00:00:00,ronde 13,SRC-032,"OIM — Displacement Tracking Matrix (via HDX), attribution requise",Recensement des sites et communautés hôtes accessibles à l'OIM — pas un registre exhaustif des déplacés.
2,HT0822,Dame-Marie,3700,2026-05-31T00:00:00,ronde 13,SRC-032,"OIM — Displacement Tracking Matrix (via HDX), attribution requise",Recensement des sites et communautés hôtes accessibles à l'OIM — pas un registre exhaustif des déplacés.
2,HT0823,Les Irois,2415,2026-05-31T00:00:00,ronde 13,SRC-032,"OIM — Displacement Tracking Matrix (via HDX), attribution requise",Recensement des sites et communautés hôtes accessibles à l'OIM — pas un registre exhaustif des déplacés.
2,HT0831,Corail,6550,2026-05-31T00:00:00,ronde 13,SRC-032,"OIM — Displacement Tracking Matrix (via HDX), attribution requise",Recensement des sites et communautés hôtes accessibles à l'OIM — pas un registre exhaustif des déplacés.
2,HT0832,Roseaux,10100,2026-05-31T00:00:00,ronde 13,SRC-032,"OIM — Displacement Tracking Matrix (via HDX), attribution requise",Recensement des sites et communautés hôtes accessibles à l'OIM — pas un registre exhaustif des déplacés.
2,HT0833,Beaumont,5437,2026-05-31T00:00:00,ronde 13,SRC-032,"OIM — Displacement Tracking Matrix (via HDX), attribution requise",Recensement des sites et communautés hôtes accessibles à l'OIM — pas un registre exhaustif des déplacés.
2,HT0834,Pestel,15052,2026-05-31T00:00:00,ronde 13,SRC-032,"OIM — Displacement Tracking Matrix (via HDX), attribution requise",Recensement des sites et communautés hôtes accessibles à l'OIM — pas un registre exhaustif des déplacés.
2,HT0911,Port De Paix,1088,2026-05-31T00:00:00,ronde 13,SRC-032,"OIM — Displacement Tracking Matrix (via HDX), attribution requise",Recensement des sites et communautés hôtes accessibles à l'OIM — pas un registre exhaustif des déplacés.
2,HT0912,La Tortue,226,2026-05-31T00:00:00,ronde 13,SRC-032,"OIM — Displacement Tracking Matrix (via HDX), attribution requise",Recensement des sites et communautés hôtes accessibles à l'OIM — pas un registre exhaustif des déplacés.
2,HT0913,Bassin Bleu,2424,2026-05-31T00:00:00,ronde 13,SRC-032,"OIM — Displacement Tracking Matrix (via HDX), attribution requise",Recensement des sites et communautés hôtes accessibles à l'OIM — pas un registre exhaustif des déplacés.
2,HT0914,Chamsolme,355,2026-05-31T00:00:00,ronde 13,SRC-032,"OIM — Displacement Tracking Matrix (via HDX), attribution requise",Recensement des sites et communautés hôtes accessibles à l'OIM — pas un registre exhaustif des déplacés.
2,HT0921,Saint Louis Du Nord,1684,2026-05-31T00:00:00,ronde 13,SRC-032,"OIM — Displacement Tracking Matrix (via HDX), attribution requise",Recensement des sites et communautés hôtes accessibles à l'OIM — pas un registre exhaustif des déplacés.
2,HT0922,Anse A Foleur,874,2026-05-31T00:00:00,ronde 13,SRC-032,"OIM — Displacement Tracking Matrix (via HDX), attribution requise",Recensement des sites et communautés hôtes accessibles à l'OIM — pas un registre exhaustif des déplacés.
2,HT0931,Mole Saint Nicolas,2022,2026-05-31T00:00:00,ronde 13,SRC-032,"OIM — Displacement Tracking Matrix (via HDX), attribution requise",Recensement des sites et communautés hôtes accessibles à l'OIM — pas un registre exhaustif des déplacés.
2,HT0932,Baie De Henne,932,2026-05-31T00:00:00,ronde 13,SRC-032,"OIM — Displacement Tracking Matrix (via HDX), attribution requise",Recensement des sites et communautés hôtes accessibles à l'OIM — pas un registre exhaustif des déplacés.
2,HT0933,Bombardopolis,2301,2026-05-31T00:00:00,ronde 13,SRC-032,"OIM — Displacement Tracking Matrix (via HDX), attribution requise",Recensement des sites et communautés hôtes accessibles à l'OIM — pas un registre exhaustif des déplacés.
2,HT0934,Jean Rabel,1562,2026-05-31T00:00:00,ronde 13,SRC-032,"OIM — Displacement Tracking Matrix (via HDX), attribution requise",Recensement des sites et communautés hôtes accessibles à l'OIM — pas un registre exhaustif des déplacés.
2,HT1011,Miragoane,13236,2026-05-31T00:00:00,ronde 13,SRC-032,"OIM — Displacement Tracking Matrix (via HDX), attribution requise",Recensement des sites et communautés hôtes accessibles à l'OIM — pas un registre exhaustif des déplacés.
2,HT1012,Petite Riviere De Nippes,9086,2026-05-31T00:00:00,ronde 13,SRC-032,"OIM — Displacement Tracking Matrix (via HDX), attribution requise",Recensement des sites et communautés hôtes accessibles à l'OIM — pas un registre exhaustif des déplacés.
2,HT1013,Fonds Des Negres,6492,2026-05-31T00:00:00,ronde 13,SRC-032,"OIM — Displacement Tracking Matrix (via HDX), attribution requise",Recensement des sites et communautés hôtes accessibles à l'OIM — pas un registre exhaustif des déplacés.
2,HT1014,Paillant,6210,2026-05-31T00:00:00,ronde 13,SRC-032,"OIM — Displacement Tracking Matrix (via HDX), attribution requise",Recensement des sites et communautés hôtes accessibles à l'OIM — pas un registre exhaustif des déplacés.
2,HT1021,Anse A Veau,4594,2026-05-31T00:00:00,ronde 13,SRC-032,"OIM — Displacement Tracking Matrix (via HDX), attribution requise",Recensement des sites et communautés hôtes accessibles à l'OIM — pas un registre exhaustif des déplacés.
2,HT1022,Petit Trou De Nippes,3616,2026-05-31T00:00:00,ronde 13,SRC-032,"OIM — Displacement Tracking Matrix (via HDX), attribution requise",Recensement des sites et communautés hôtes accessibles à l'OIM — pas un registre exhaustif des déplacés.
2,HT1023,L'Asile,5393,2026-05-31T00:00:00,ronde 13,SRC-032,"OIM — Displacement Tracking Matrix (via HDX), attribution requise",Recensement des sites et communautés hôtes accessibles à l'OIM — pas un registre exhaustif des déplacés.
2,HT1024,Arnaud,4091,2026-05-31T00:00:00,ronde 13,SRC-032,"OIM — Displacement Tracking Matrix (via HDX), attribution requise",Recensement des sites et communautés hôtes accessibles à l'OIM — pas un registre exhaustif des déplacés.
2,HT1025,Plaisance Du Sud,8144,2026-05-31T00:00:00,ronde 13,SRC-032,"OIM — Displacement Tracking Matrix (via HDX), attribution requise",Recensement des sites et communautés hôtes accessibles à l'OIM — pas un registre exhaustif des déplacés.
2,HT1031,Baraderes,7361,2026-05-31T00:00:00,ronde 13,SRC-032,"OIM — Displacement Tracking Matrix (via HDX), attribution requise",Recensement des sites et communautés hôtes accessibles à l'OIM — pas un registre exhaustif des déplacés.
2,HT1032,Grand Boucan,4530,2026-05-31T00:00:00,ronde 13,SRC-032,"OIM — Displacement Tracking Matrix (via HDX), attribution requise",Recensement des sites et communautés hôtes accessibles à l'OIM — pas un registre exhaustif des déplacés.
