pays,pays_source,exercice_budgetaire_us,eloignements_formels,retours_sous_contrainte,retours_administratifs,expulsions_title_42,total_repatriements,source_id,licence,attribution,date_extraction
République dominicaine,Dominican Republic,2010,3420,720,50,0,4190,SRC-056,Domaine public — œuvre du gouvernement fédéral américain (17 U.S.C. § 105),"U.S. Department of Homeland Security, Office of Homeland Security Statistics — Key Homeland Security Metrics, Repatriations",2026-08-23
République dominicaine,Dominican Republic,2011,2930,650,110,0,3690,SRC-056,Domaine public — œuvre du gouvernement fédéral américain (17 U.S.C. § 105),"U.S. Department of Homeland Security, Office of Homeland Security Statistics — Key Homeland Security Metrics, Repatriations",2026-08-23
République dominicaine,Dominican Republic,2012,2900,630,160,0,3690,SRC-056,Domaine public — œuvre du gouvernement fédéral américain (17 U.S.C. § 105),"U.S. Department of Homeland Security, Office of Homeland Security Statistics — Key Homeland Security Metrics, Repatriations",2026-08-23
République dominicaine,Dominican Republic,2013,2320,390,150,0,2860,SRC-056,Domaine public — œuvre du gouvernement fédéral américain (17 U.S.C. § 105),"U.S. Department of Homeland Security, Office of Homeland Security Statistics — Key Homeland Security Metrics, Repatriations",2026-08-23
République dominicaine,Dominican Republic,2014,2080,310,20,0,2410,SRC-056,Domaine public — œuvre du gouvernement fédéral américain (17 U.S.C. § 105),"U.S. Department of Homeland Security, Office of Homeland Security Statistics — Key Homeland Security Metrics, Repatriations",2026-08-23
République dominicaine,Dominican Republic,2015,1890,330,50,0,2270,SRC-056,Domaine public — œuvre du gouvernement fédéral américain (17 U.S.C. § 105),"U.S. Department of Homeland Security, Office of Homeland Security Statistics — Key Homeland Security Metrics, Repatriations",2026-08-23
République dominicaine,Dominican Republic,2016,1990,310,110,0,2410,SRC-056,Domaine public — œuvre du gouvernement fédéral américain (17 U.S.C. § 105),"U.S. Department of Homeland Security, Office of Homeland Security Statistics — Key Homeland Security Metrics, Repatriations",2026-08-23
République dominicaine,Dominican Republic,2017,2030,420,110,0,2560,SRC-056,Domaine public — œuvre du gouvernement fédéral américain (17 U.S.C. § 105),"U.S. Department of Homeland Security, Office of Homeland Security Statistics — Key Homeland Security Metrics, Repatriations",2026-08-23
République dominicaine,Dominican Republic,2018,1870,500,280,0,2650,SRC-056,Domaine public — œuvre du gouvernement fédéral américain (17 U.S.C. § 105),"U.S. Department of Homeland Security, Office of Homeland Security Statistics — Key Homeland Security Metrics, Repatriations",2026-08-23
République dominicaine,Dominican Republic,2019,2220,550,90,0,2860,SRC-056,Domaine public — œuvre du gouvernement fédéral américain (17 U.S.C. § 105),"U.S. Department of Homeland Security, Office of Homeland Security Statistics — Key Homeland Security Metrics, Repatriations",2026-08-23
République dominicaine,Dominican Republic,2020,1910,450,100,40,2500,SRC-056,Domaine public — œuvre du gouvernement fédéral américain (17 U.S.C. § 105),"U.S. Department of Homeland Security, Office of Homeland Security Statistics — Key Homeland Security Metrics, Repatriations",2026-08-23
République dominicaine,Dominican Republic,2021,1730,410,30,260,2430,SRC-056,Domaine public — œuvre du gouvernement fédéral américain (17 U.S.C. § 105),"U.S. Department of Homeland Security, Office of Homeland Security Statistics — Key Homeland Security Metrics, Repatriations",2026-08-23
République dominicaine,Dominican Republic,2022,1710,340,410,80,2540,SRC-056,Domaine public — œuvre du gouvernement fédéral américain (17 U.S.C. § 105),"U.S. Department of Homeland Security, Office of Homeland Security Statistics — Key Homeland Security Metrics, Repatriations",2026-08-23
République dominicaine,Dominican Republic,2023,4170,420,470,70,5130,SRC-056,Domaine public — œuvre du gouvernement fédéral américain (17 U.S.C. § 105),"U.S. Department of Homeland Security, Office of Homeland Security Statistics — Key Homeland Security Metrics, Repatriations",2026-08-23
République dominicaine,Dominican Republic,2024,3130,460,1020,0,4610,SRC-056,Domaine public — œuvre du gouvernement fédéral américain (17 U.S.C. § 105),"U.S. Department of Homeland Security, Office of Homeland Security Statistics — Key Homeland Security Metrics, Repatriations",2026-08-23
République dominicaine,Dominican Republic,2025,1130,70,210,0,1410,SRC-056,Domaine public — œuvre du gouvernement fédéral américain (17 U.S.C. § 105),"U.S. Department of Homeland Security, Office of Homeland Security Statistics — Key Homeland Security Metrics, Repatriations",2026-08-23
Haïti,Haiti,2010,370,280,30,0,680,SRC-056,Domaine public — œuvre du gouvernement fédéral américain (17 U.S.C. § 105),"U.S. Department of Homeland Security, Office of Homeland Security Statistics — Key Homeland Security Metrics, Repatriations",2026-08-23
Haïti,Haiti,2011,760,180,30,0,970,SRC-056,Domaine public — œuvre du gouvernement fédéral américain (17 U.S.C. § 105),"U.S. Department of Homeland Security, Office of Homeland Security Statistics — Key Homeland Security Metrics, Repatriations",2026-08-23
Haïti,Haiti,2012,810,160,10,0,980,SRC-056,Domaine public — œuvre du gouvernement fédéral américain (17 U.S.C. § 105),"U.S. Department of Homeland Security, Office of Homeland Security Statistics — Key Homeland Security Metrics, Repatriations",2026-08-23
Haïti,Haiti,2013,530,150,10,0,690,SRC-056,Domaine public — œuvre du gouvernement fédéral américain (17 U.S.C. § 105),"U.S. Department of Homeland Security, Office of Homeland Security Statistics — Key Homeland Security Metrics, Repatriations",2026-08-23
Haïti,Haiti,2014,400,180,20,0,600,SRC-056,Domaine public — œuvre du gouvernement fédéral américain (17 U.S.C. § 105),"U.S. Department of Homeland Security, Office of Homeland Security Statistics — Key Homeland Security Metrics, Repatriations",2026-08-23
Haïti,Haiti,2015,470,180,10,0,660,SRC-056,Domaine public — œuvre du gouvernement fédéral américain (17 U.S.C. § 105),"U.S. Department of Homeland Security, Office of Homeland Security Statistics — Key Homeland Security Metrics, Repatriations",2026-08-23
Haïti,Haiti,2016,380,150,20,0,550,SRC-056,Domaine public — œuvre du gouvernement fédéral américain (17 U.S.C. § 105),"U.S. Department of Homeland Security, Office of Homeland Security Statistics — Key Homeland Security Metrics, Repatriations",2026-08-23
Haïti,Haiti,2017,5770,150,60,0,5980,SRC-056,Domaine public — œuvre du gouvernement fédéral américain (17 U.S.C. § 105),"U.S. Department of Homeland Security, Office of Homeland Security Statistics — Key Homeland Security Metrics, Repatriations",2026-08-23
Haïti,Haiti,2018,990,160,100,0,1250,SRC-056,Domaine public — œuvre du gouvernement fédéral américain (17 U.S.C. § 105),"U.S. Department of Homeland Security, Office of Homeland Security Statistics — Key Homeland Security Metrics, Repatriations",2026-08-23
Haïti,Haiti,2019,730,110,70,0,910,SRC-056,Domaine public — œuvre du gouvernement fédéral américain (17 U.S.C. § 105),"U.S. Department of Homeland Security, Office of Homeland Security Statistics — Key Homeland Security Metrics, Repatriations",2026-08-23
Haïti,Haiti,2020,910,90,70,750,1820,SRC-056,Domaine public — œuvre du gouvernement fédéral américain (17 U.S.C. § 105),"U.S. Department of Homeland Security, Office of Homeland Security Statistics — Key Homeland Security Metrics, Repatriations",2026-08-23
Haïti,Haiti,2021,400,70,20,10210,10700,SRC-056,Domaine public — œuvre du gouvernement fédéral américain (17 U.S.C. § 105),"U.S. Department of Homeland Security, Office of Homeland Security Statistics — Key Homeland Security Metrics, Repatriations",2026-08-23
Haïti,Haiti,2022,1540,60,130,12360,14090,SRC-056,Domaine public — œuvre du gouvernement fédéral américain (17 U.S.C. § 105),"U.S. Department of Homeland Security, Office of Homeland Security Statistics — Key Homeland Security Metrics, Repatriations",2026-08-23
Haïti,Haiti,2023,740,330,230,350,1650,SRC-056,Domaine public — œuvre du gouvernement fédéral américain (17 U.S.C. § 105),"U.S. Department of Homeland Security, Office of Homeland Security Statistics — Key Homeland Security Metrics, Repatriations",2026-08-23
Haïti,Haiti,2024,820,590,150,0,1560,SRC-056,Domaine public — œuvre du gouvernement fédéral américain (17 U.S.C. § 105),"U.S. Department of Homeland Security, Office of Homeland Security Statistics — Key Homeland Security Metrics, Repatriations",2026-08-23
Haïti,Haiti,2025,160,70,30,0,260,SRC-056,Domaine public — œuvre du gouvernement fédéral américain (17 U.S.C. § 105),"U.S. Department of Homeland Security, Office of Homeland Security Statistics — Key Homeland Security Metrics, Repatriations",2026-08-23
