pays,pays_source,annee_civile,mois_civil,periode,exercice_budgetaire_us,renvois_tous_types,source_id,licence,attribution,date_extraction
Haïti,Haiti,2009,10,2009-10,2010,80,SRC-056,Domaine public — œuvre du gouvernement fédéral américain (17 U.S.C. § 105),"U.S. Department of Homeland Security, Office of Homeland Security Statistics — Key Homeland Security Metrics, Repatriations",2026-08-23
Haïti,Haiti,2009,11,2009-11,2010,60,SRC-056,Domaine public — œuvre du gouvernement fédéral américain (17 U.S.C. § 105),"U.S. Department of Homeland Security, Office of Homeland Security Statistics — Key Homeland Security Metrics, Repatriations",2026-08-23
Haïti,Haiti,2009,12,2009-12,2010,80,SRC-056,Domaine public — œuvre du gouvernement fédéral américain (17 U.S.C. § 105),"U.S. Department of Homeland Security, Office of Homeland Security Statistics — Key Homeland Security Metrics, Repatriations",2026-08-23
Haïti,Haiti,2010,1,2010-01,2010,60,SRC-056,Domaine public — œuvre du gouvernement fédéral américain (17 U.S.C. § 105),"U.S. Department of Homeland Security, Office of Homeland Security Statistics — Key Homeland Security Metrics, Repatriations",2026-08-23
Haïti,Haiti,2010,2,2010-02,2010,70,SRC-056,Domaine public — œuvre du gouvernement fédéral américain (17 U.S.C. § 105),"U.S. Department of Homeland Security, Office of Homeland Security Statistics — Key Homeland Security Metrics, Repatriations",2026-08-23
Haïti,Haiti,2010,3,2010-03,2010,90,SRC-056,Domaine public — œuvre du gouvernement fédéral américain (17 U.S.C. § 105),"U.S. Department of Homeland Security, Office of Homeland Security Statistics — Key Homeland Security Metrics, Repatriations",2026-08-23
Haïti,Haiti,2010,4,2010-04,2010,50,SRC-056,Domaine public — œuvre du gouvernement fédéral américain (17 U.S.C. § 105),"U.S. Department of Homeland Security, Office of Homeland Security Statistics — Key Homeland Security Metrics, Repatriations",2026-08-23
Haïti,Haiti,2010,5,2010-05,2010,30,SRC-056,Domaine public — œuvre du gouvernement fédéral américain (17 U.S.C. § 105),"U.S. Department of Homeland Security, Office of Homeland Security Statistics — Key Homeland Security Metrics, Repatriations",2026-08-23
Haïti,Haiti,2010,6,2010-06,2010,40,SRC-056,Domaine public — œuvre du gouvernement fédéral américain (17 U.S.C. § 105),"U.S. Department of Homeland Security, Office of Homeland Security Statistics — Key Homeland Security Metrics, Repatriations",2026-08-23
Haïti,Haiti,2010,7,2010-07,2010,40,SRC-056,Domaine public — œuvre du gouvernement fédéral américain (17 U.S.C. § 105),"U.S. Department of Homeland Security, Office of Homeland Security Statistics — Key Homeland Security Metrics, Repatriations",2026-08-23
Haïti,Haiti,2010,8,2010-08,2010,30,SRC-056,Domaine public — œuvre du gouvernement fédéral américain (17 U.S.C. § 105),"U.S. Department of Homeland Security, Office of Homeland Security Statistics — Key Homeland Security Metrics, Repatriations",2026-08-23
Haïti,Haiti,2010,9,2010-09,2010,40,SRC-056,Domaine public — œuvre du gouvernement fédéral américain (17 U.S.C. § 105),"U.S. Department of Homeland Security, Office of Homeland Security Statistics — Key Homeland Security Metrics, Repatriations",2026-08-23
Haïti,Haiti,2010,10,2010-10,2011,30,SRC-056,Domaine public — œuvre du gouvernement fédéral américain (17 U.S.C. § 105),"U.S. Department of Homeland Security, Office of Homeland Security Statistics — Key Homeland Security Metrics, Repatriations",2026-08-23
Haïti,Haiti,2010,11,2010-11,2011,30,SRC-056,Domaine public — œuvre du gouvernement fédéral américain (17 U.S.C. § 105),"U.S. Department of Homeland Security, Office of Homeland Security Statistics — Key Homeland Security Metrics, Repatriations",2026-08-23
Haïti,Haiti,2010,12,2010-12,2011,50,SRC-056,Domaine public — œuvre du gouvernement fédéral américain (17 U.S.C. § 105),"U.S. Department of Homeland Security, Office of Homeland Security Statistics — Key Homeland Security Metrics, Repatriations",2026-08-23
Haïti,Haiti,2011,1,2011-01,2011,50,SRC-056,Domaine public — œuvre du gouvernement fédéral américain (17 U.S.C. § 105),"U.S. Department of Homeland Security, Office of Homeland Security Statistics — Key Homeland Security Metrics, Repatriations",2026-08-23
Haïti,Haiti,2011,2,2011-02,2011,30,SRC-056,Domaine public — œuvre du gouvernement fédéral américain (17 U.S.C. § 105),"U.S. Department of Homeland Security, Office of Homeland Security Statistics — Key Homeland Security Metrics, Repatriations",2026-08-23
Haïti,Haiti,2011,3,2011-03,2011,30,SRC-056,Domaine public — œuvre du gouvernement fédéral américain (17 U.S.C. § 105),"U.S. Department of Homeland Security, Office of Homeland Security Statistics — Key Homeland Security Metrics, Repatriations",2026-08-23
Haïti,Haiti,2011,4,2011-04,2011,40,SRC-056,Domaine public — œuvre du gouvernement fédéral américain (17 U.S.C. § 105),"U.S. Department of Homeland Security, Office of Homeland Security Statistics — Key Homeland Security Metrics, Repatriations",2026-08-23
Haïti,Haiti,2011,5,2011-05,2011,60,SRC-056,Domaine public — œuvre du gouvernement fédéral américain (17 U.S.C. § 105),"U.S. Department of Homeland Security, Office of Homeland Security Statistics — Key Homeland Security Metrics, Repatriations",2026-08-23
Haïti,Haiti,2011,6,2011-06,2011,90,SRC-056,Domaine public — œuvre du gouvernement fédéral américain (17 U.S.C. § 105),"U.S. Department of Homeland Security, Office of Homeland Security Statistics — Key Homeland Security Metrics, Repatriations",2026-08-23
Haïti,Haiti,2011,7,2011-07,2011,160,SRC-056,Domaine public — œuvre du gouvernement fédéral américain (17 U.S.C. § 105),"U.S. Department of Homeland Security, Office of Homeland Security Statistics — Key Homeland Security Metrics, Repatriations",2026-08-23
Haïti,Haiti,2011,8,2011-08,2011,250,SRC-056,Domaine public — œuvre du gouvernement fédéral américain (17 U.S.C. § 105),"U.S. Department of Homeland Security, Office of Homeland Security Statistics — Key Homeland Security Metrics, Repatriations",2026-08-23
Haïti,Haiti,2011,9,2011-09,2011,160,SRC-056,Domaine public — œuvre du gouvernement fédéral américain (17 U.S.C. § 105),"U.S. Department of Homeland Security, Office of Homeland Security Statistics — Key Homeland Security Metrics, Repatriations",2026-08-23
Haïti,Haiti,2011,10,2011-10,2012,90,SRC-056,Domaine public — œuvre du gouvernement fédéral américain (17 U.S.C. § 105),"U.S. Department of Homeland Security, Office of Homeland Security Statistics — Key Homeland Security Metrics, Repatriations",2026-08-23
Haïti,Haiti,2011,11,2011-11,2012,150,SRC-056,Domaine public — œuvre du gouvernement fédéral américain (17 U.S.C. § 105),"U.S. Department of Homeland Security, Office of Homeland Security Statistics — Key Homeland Security Metrics, Repatriations",2026-08-23
Haïti,Haiti,2011,12,2011-12,2012,80,SRC-056,Domaine public — œuvre du gouvernement fédéral américain (17 U.S.C. § 105),"U.S. Department of Homeland Security, Office of Homeland Security Statistics — Key Homeland Security Metrics, Repatriations",2026-08-23
Haïti,Haiti,2012,1,2012-01,2012,90,SRC-056,Domaine public — œuvre du gouvernement fédéral américain (17 U.S.C. § 105),"U.S. Department of Homeland Security, Office of Homeland Security Statistics — Key Homeland Security Metrics, Repatriations",2026-08-23
Haïti,Haiti,2012,2,2012-02,2012,70,SRC-056,Domaine public — œuvre du gouvernement fédéral américain (17 U.S.C. § 105),"U.S. Department of Homeland Security, Office of Homeland Security Statistics — Key Homeland Security Metrics, Repatriations",2026-08-23
Haïti,Haiti,2012,3,2012-03,2012,70,SRC-056,Domaine public — œuvre du gouvernement fédéral américain (17 U.S.C. § 105),"U.S. Department of Homeland Security, Office of Homeland Security Statistics — Key Homeland Security Metrics, Repatriations",2026-08-23
Haïti,Haiti,2012,4,2012-04,2012,80,SRC-056,Domaine public — œuvre du gouvernement fédéral américain (17 U.S.C. § 105),"U.S. Department of Homeland Security, Office of Homeland Security Statistics — Key Homeland Security Metrics, Repatriations",2026-08-23
Haïti,Haiti,2012,5,2012-05,2012,90,SRC-056,Domaine public — œuvre du gouvernement fédéral américain (17 U.S.C. § 105),"U.S. Department of Homeland Security, Office of Homeland Security Statistics — Key Homeland Security Metrics, Repatriations",2026-08-23
Haïti,Haiti,2012,6,2012-06,2012,50,SRC-056,Domaine public — œuvre du gouvernement fédéral américain (17 U.S.C. § 105),"U.S. Department of Homeland Security, Office of Homeland Security Statistics — Key Homeland Security Metrics, Repatriations",2026-08-23
Haïti,Haiti,2012,7,2012-07,2012,80,SRC-056,Domaine public — œuvre du gouvernement fédéral américain (17 U.S.C. § 105),"U.S. Department of Homeland Security, Office of Homeland Security Statistics — Key Homeland Security Metrics, Repatriations",2026-08-23
Haïti,Haiti,2012,8,2012-08,2012,70,SRC-056,Domaine public — œuvre du gouvernement fédéral américain (17 U.S.C. § 105),"U.S. Department of Homeland Security, Office of Homeland Security Statistics — Key Homeland Security Metrics, Repatriations",2026-08-23
Haïti,Haiti,2012,9,2012-09,2012,60,SRC-056,Domaine public — œuvre du gouvernement fédéral américain (17 U.S.C. § 105),"U.S. Department of Homeland Security, Office of Homeland Security Statistics — Key Homeland Security Metrics, Repatriations",2026-08-23
Haïti,Haiti,2012,10,2012-10,2013,60,SRC-056,Domaine public — œuvre du gouvernement fédéral américain (17 U.S.C. § 105),"U.S. Department of Homeland Security, Office of Homeland Security Statistics — Key Homeland Security Metrics, Repatriations",2026-08-23
Haïti,Haiti,2012,11,2012-11,2013,60,SRC-056,Domaine public — œuvre du gouvernement fédéral américain (17 U.S.C. § 105),"U.S. Department of Homeland Security, Office of Homeland Security Statistics — Key Homeland Security Metrics, Repatriations",2026-08-23
Haïti,Haiti,2012,12,2012-12,2013,60,SRC-056,Domaine public — œuvre du gouvernement fédéral américain (17 U.S.C. § 105),"U.S. Department of Homeland Security, Office of Homeland Security Statistics — Key Homeland Security Metrics, Repatriations",2026-08-23
Haïti,Haiti,2013,1,2013-01,2013,20,SRC-056,Domaine public — œuvre du gouvernement fédéral américain (17 U.S.C. § 105),"U.S. Department of Homeland Security, Office of Homeland Security Statistics — Key Homeland Security Metrics, Repatriations",2026-08-23
Haïti,Haiti,2013,2,2013-02,2013,60,SRC-056,Domaine public — œuvre du gouvernement fédéral américain (17 U.S.C. § 105),"U.S. Department of Homeland Security, Office of Homeland Security Statistics — Key Homeland Security Metrics, Repatriations",2026-08-23
Haïti,Haiti,2013,3,2013-03,2013,70,SRC-056,Domaine public — œuvre du gouvernement fédéral américain (17 U.S.C. § 105),"U.S. Department of Homeland Security, Office of Homeland Security Statistics — Key Homeland Security Metrics, Repatriations",2026-08-23
Haïti,Haiti,2013,4,2013-04,2013,50,SRC-056,Domaine public — œuvre du gouvernement fédéral américain (17 U.S.C. § 105),"U.S. Department of Homeland Security, Office of Homeland Security Statistics — Key Homeland Security Metrics, Repatriations",2026-08-23
Haïti,Haiti,2013,5,2013-05,2013,70,SRC-056,Domaine public — œuvre du gouvernement fédéral américain (17 U.S.C. § 105),"U.S. Department of Homeland Security, Office of Homeland Security Statistics — Key Homeland Security Metrics, Repatriations",2026-08-23
Haïti,Haiti,2013,6,2013-06,2013,60,SRC-056,Domaine public — œuvre du gouvernement fédéral américain (17 U.S.C. § 105),"U.S. Department of Homeland Security, Office of Homeland Security Statistics — Key Homeland Security Metrics, Repatriations",2026-08-23
Haïti,Haiti,2013,7,2013-07,2013,70,SRC-056,Domaine public — œuvre du gouvernement fédéral américain (17 U.S.C. § 105),"U.S. Department of Homeland Security, Office of Homeland Security Statistics — Key Homeland Security Metrics, Repatriations",2026-08-23
Haïti,Haiti,2013,8,2013-08,2013,60,SRC-056,Domaine public — œuvre du gouvernement fédéral américain (17 U.S.C. § 105),"U.S. Department of Homeland Security, Office of Homeland Security Statistics — Key Homeland Security Metrics, Repatriations",2026-08-23
Haïti,Haiti,2013,9,2013-09,2013,50,SRC-056,Domaine public — œuvre du gouvernement fédéral américain (17 U.S.C. § 105),"U.S. Department of Homeland Security, Office of Homeland Security Statistics — Key Homeland Security Metrics, Repatriations",2026-08-23
Haïti,Haiti,2013,10,2013-10,2014,70,SRC-056,Domaine public — œuvre du gouvernement fédéral américain (17 U.S.C. § 105),"U.S. Department of Homeland Security, Office of Homeland Security Statistics — Key Homeland Security Metrics, Repatriations",2026-08-23
Haïti,Haiti,2013,11,2013-11,2014,70,SRC-056,Domaine public — œuvre du gouvernement fédéral américain (17 U.S.C. § 105),"U.S. Department of Homeland Security, Office of Homeland Security Statistics — Key Homeland Security Metrics, Repatriations",2026-08-23
Haïti,Haiti,2013,12,2013-12,2014,50,SRC-056,Domaine public — œuvre du gouvernement fédéral américain (17 U.S.C. § 105),"U.S. Department of Homeland Security, Office of Homeland Security Statistics — Key Homeland Security Metrics, Repatriations",2026-08-23
Haïti,Haiti,2014,1,2014-01,2014,50,SRC-056,Domaine public — œuvre du gouvernement fédéral américain (17 U.S.C. § 105),"U.S. Department of Homeland Security, Office of Homeland Security Statistics — Key Homeland Security Metrics, Repatriations",2026-08-23
Haïti,Haiti,2014,2,2014-02,2014,60,SRC-056,Domaine public — œuvre du gouvernement fédéral américain (17 U.S.C. § 105),"U.S. Department of Homeland Security, Office of Homeland Security Statistics — Key Homeland Security Metrics, Repatriations",2026-08-23
Haïti,Haiti,2014,3,2014-03,2014,50,SRC-056,Domaine public — œuvre du gouvernement fédéral américain (17 U.S.C. § 105),"U.S. Department of Homeland Security, Office of Homeland Security Statistics — Key Homeland Security Metrics, Repatriations",2026-08-23
Haïti,Haiti,2014,4,2014-04,2014,30,SRC-056,Domaine public — œuvre du gouvernement fédéral américain (17 U.S.C. § 105),"U.S. Department of Homeland Security, Office of Homeland Security Statistics — Key Homeland Security Metrics, Repatriations",2026-08-23
Haïti,Haiti,2014,5,2014-05,2014,40,SRC-056,Domaine public — œuvre du gouvernement fédéral américain (17 U.S.C. § 105),"U.S. Department of Homeland Security, Office of Homeland Security Statistics — Key Homeland Security Metrics, Repatriations",2026-08-23
Haïti,Haiti,2014,6,2014-06,2014,40,SRC-056,Domaine public — œuvre du gouvernement fédéral américain (17 U.S.C. § 105),"U.S. Department of Homeland Security, Office of Homeland Security Statistics — Key Homeland Security Metrics, Repatriations",2026-08-23
Haïti,Haiti,2014,7,2014-07,2014,40,SRC-056,Domaine public — œuvre du gouvernement fédéral américain (17 U.S.C. § 105),"U.S. Department of Homeland Security, Office of Homeland Security Statistics — Key Homeland Security Metrics, Repatriations",2026-08-23
Haïti,Haiti,2014,8,2014-08,2014,50,SRC-056,Domaine public — œuvre du gouvernement fédéral américain (17 U.S.C. § 105),"U.S. Department of Homeland Security, Office of Homeland Security Statistics — Key Homeland Security Metrics, Repatriations",2026-08-23
Haïti,Haiti,2014,9,2014-09,2014,50,SRC-056,Domaine public — œuvre du gouvernement fédéral américain (17 U.S.C. § 105),"U.S. Department of Homeland Security, Office of Homeland Security Statistics — Key Homeland Security Metrics, Repatriations",2026-08-23
Haïti,Haiti,2014,10,2014-10,2015,100,SRC-056,Domaine public — œuvre du gouvernement fédéral américain (17 U.S.C. § 105),"U.S. Department of Homeland Security, Office of Homeland Security Statistics — Key Homeland Security Metrics, Repatriations",2026-08-23
Haïti,Haiti,2014,11,2014-11,2015,110,SRC-056,Domaine public — œuvre du gouvernement fédéral américain (17 U.S.C. § 105),"U.S. Department of Homeland Security, Office of Homeland Security Statistics — Key Homeland Security Metrics, Repatriations",2026-08-23
Haïti,Haiti,2014,12,2014-12,2015,50,SRC-056,Domaine public — œuvre du gouvernement fédéral américain (17 U.S.C. § 105),"U.S. Department of Homeland Security, Office of Homeland Security Statistics — Key Homeland Security Metrics, Repatriations",2026-08-23
Haïti,Haiti,2015,1,2015-01,2015,40,SRC-056,Domaine public — œuvre du gouvernement fédéral américain (17 U.S.C. § 105),"U.S. Department of Homeland Security, Office of Homeland Security Statistics — Key Homeland Security Metrics, Repatriations",2026-08-23
Haïti,Haiti,2015,2,2015-02,2015,50,SRC-056,Domaine public — œuvre du gouvernement fédéral américain (17 U.S.C. § 105),"U.S. Department of Homeland Security, Office of Homeland Security Statistics — Key Homeland Security Metrics, Repatriations",2026-08-23
Haïti,Haiti,2015,3,2015-03,2015,30,SRC-056,Domaine public — œuvre du gouvernement fédéral américain (17 U.S.C. § 105),"U.S. Department of Homeland Security, Office of Homeland Security Statistics — Key Homeland Security Metrics, Repatriations",2026-08-23
Haïti,Haiti,2015,4,2015-04,2015,40,SRC-056,Domaine public — œuvre du gouvernement fédéral américain (17 U.S.C. § 105),"U.S. Department of Homeland Security, Office of Homeland Security Statistics — Key Homeland Security Metrics, Repatriations",2026-08-23
Haïti,Haiti,2015,5,2015-05,2015,50,SRC-056,Domaine public — œuvre du gouvernement fédéral américain (17 U.S.C. § 105),"U.S. Department of Homeland Security, Office of Homeland Security Statistics — Key Homeland Security Metrics, Repatriations",2026-08-23
Haïti,Haiti,2015,6,2015-06,2015,50,SRC-056,Domaine public — œuvre du gouvernement fédéral américain (17 U.S.C. § 105),"U.S. Department of Homeland Security, Office of Homeland Security Statistics — Key Homeland Security Metrics, Repatriations",2026-08-23
Haïti,Haiti,2015,7,2015-07,2015,60,SRC-056,Domaine public — œuvre du gouvernement fédéral américain (17 U.S.C. § 105),"U.S. Department of Homeland Security, Office of Homeland Security Statistics — Key Homeland Security Metrics, Repatriations",2026-08-23
Haïti,Haiti,2015,8,2015-08,2015,40,SRC-056,Domaine public — œuvre du gouvernement fédéral américain (17 U.S.C. § 105),"U.S. Department of Homeland Security, Office of Homeland Security Statistics — Key Homeland Security Metrics, Repatriations",2026-08-23
Haïti,Haiti,2015,9,2015-09,2015,50,SRC-056,Domaine public — œuvre du gouvernement fédéral américain (17 U.S.C. § 105),"U.S. Department of Homeland Security, Office of Homeland Security Statistics — Key Homeland Security Metrics, Repatriations",2026-08-23
Haïti,Haiti,2015,10,2015-10,2016,70,SRC-056,Domaine public — œuvre du gouvernement fédéral américain (17 U.S.C. § 105),"U.S. Department of Homeland Security, Office of Homeland Security Statistics — Key Homeland Security Metrics, Repatriations",2026-08-23
Haïti,Haiti,2015,11,2015-11,2016,50,SRC-056,Domaine public — œuvre du gouvernement fédéral américain (17 U.S.C. § 105),"U.S. Department of Homeland Security, Office of Homeland Security Statistics — Key Homeland Security Metrics, Repatriations",2026-08-23
Haïti,Haiti,2015,12,2015-12,2016,40,SRC-056,Domaine public — œuvre du gouvernement fédéral américain (17 U.S.C. § 105),"U.S. Department of Homeland Security, Office of Homeland Security Statistics — Key Homeland Security Metrics, Repatriations",2026-08-23
Haïti,Haiti,2016,1,2016-01,2016,50,SRC-056,Domaine public — œuvre du gouvernement fédéral américain (17 U.S.C. § 105),"U.S. Department of Homeland Security, Office of Homeland Security Statistics — Key Homeland Security Metrics, Repatriations",2026-08-23
Haïti,Haiti,2016,2,2016-02,2016,40,SRC-056,Domaine public — œuvre du gouvernement fédéral américain (17 U.S.C. § 105),"U.S. Department of Homeland Security, Office of Homeland Security Statistics — Key Homeland Security Metrics, Repatriations",2026-08-23
Haïti,Haiti,2016,3,2016-03,2016,40,SRC-056,Domaine public — œuvre du gouvernement fédéral américain (17 U.S.C. § 105),"U.S. Department of Homeland Security, Office of Homeland Security Statistics — Key Homeland Security Metrics, Repatriations",2026-08-23
Haïti,Haiti,2016,4,2016-04,2016,40,SRC-056,Domaine public — œuvre du gouvernement fédéral américain (17 U.S.C. § 105),"U.S. Department of Homeland Security, Office of Homeland Security Statistics — Key Homeland Security Metrics, Repatriations",2026-08-23
Haïti,Haiti,2016,5,2016-05,2016,40,SRC-056,Domaine public — œuvre du gouvernement fédéral américain (17 U.S.C. § 105),"U.S. Department of Homeland Security, Office of Homeland Security Statistics — Key Homeland Security Metrics, Repatriations",2026-08-23
Haïti,Haiti,2016,6,2016-06,2016,40,SRC-056,Domaine public — œuvre du gouvernement fédéral américain (17 U.S.C. § 105),"U.S. Department of Homeland Security, Office of Homeland Security Statistics — Key Homeland Security Metrics, Repatriations",2026-08-23
Haïti,Haiti,2016,7,2016-07,2016,50,SRC-056,Domaine public — œuvre du gouvernement fédéral américain (17 U.S.C. § 105),"U.S. Department of Homeland Security, Office of Homeland Security Statistics — Key Homeland Security Metrics, Repatriations",2026-08-23
Haïti,Haiti,2016,8,2016-08,2016,40,SRC-056,Domaine public — œuvre du gouvernement fédéral américain (17 U.S.C. § 105),"U.S. Department of Homeland Security, Office of Homeland Security Statistics — Key Homeland Security Metrics, Repatriations",2026-08-23
Haïti,Haiti,2016,9,2016-09,2016,40,SRC-056,Domaine public — œuvre du gouvernement fédéral américain (17 U.S.C. § 105),"U.S. Department of Homeland Security, Office of Homeland Security Statistics — Key Homeland Security Metrics, Repatriations",2026-08-23
Haïti,Haiti,2016,10,2016-10,2017,70,SRC-056,Domaine public — œuvre du gouvernement fédéral américain (17 U.S.C. § 105),"U.S. Department of Homeland Security, Office of Homeland Security Statistics — Key Homeland Security Metrics, Repatriations",2026-08-23
Haïti,Haiti,2016,11,2016-11,2017,330,SRC-056,Domaine public — œuvre du gouvernement fédéral américain (17 U.S.C. § 105),"U.S. Department of Homeland Security, Office of Homeland Security Statistics — Key Homeland Security Metrics, Repatriations",2026-08-23
Haïti,Haiti,2016,12,2016-12,2017,1190,SRC-056,Domaine public — œuvre du gouvernement fédéral américain (17 U.S.C. § 105),"U.S. Department of Homeland Security, Office of Homeland Security Statistics — Key Homeland Security Metrics, Repatriations",2026-08-23
Haïti,Haiti,2017,1,2017-01,2017,1340,SRC-056,Domaine public — œuvre du gouvernement fédéral américain (17 U.S.C. § 105),"U.S. Department of Homeland Security, Office of Homeland Security Statistics — Key Homeland Security Metrics, Repatriations",2026-08-23
Haïti,Haiti,2017,2,2017-02,2017,950,SRC-056,Domaine public — œuvre du gouvernement fédéral américain (17 U.S.C. § 105),"U.S. Department of Homeland Security, Office of Homeland Security Statistics — Key Homeland Security Metrics, Repatriations",2026-08-23
Haïti,Haiti,2017,3,2017-03,2017,540,SRC-056,Domaine public — œuvre du gouvernement fédéral américain (17 U.S.C. § 105),"U.S. Department of Homeland Security, Office of Homeland Security Statistics — Key Homeland Security Metrics, Repatriations",2026-08-23
Haïti,Haiti,2017,4,2017-04,2017,410,SRC-056,Domaine public — œuvre du gouvernement fédéral américain (17 U.S.C. § 105),"U.S. Department of Homeland Security, Office of Homeland Security Statistics — Key Homeland Security Metrics, Repatriations",2026-08-23
Haïti,Haiti,2017,5,2017-05,2017,270,SRC-056,Domaine public — œuvre du gouvernement fédéral américain (17 U.S.C. § 105),"U.S. Department of Homeland Security, Office of Homeland Security Statistics — Key Homeland Security Metrics, Repatriations",2026-08-23
Haïti,Haiti,2017,6,2017-06,2017,360,SRC-056,Domaine public — œuvre du gouvernement fédéral américain (17 U.S.C. § 105),"U.S. Department of Homeland Security, Office of Homeland Security Statistics — Key Homeland Security Metrics, Repatriations",2026-08-23
Haïti,Haiti,2017,7,2017-07,2017,200,SRC-056,Domaine public — œuvre du gouvernement fédéral américain (17 U.S.C. § 105),"U.S. Department of Homeland Security, Office of Homeland Security Statistics — Key Homeland Security Metrics, Repatriations",2026-08-23
Haïti,Haiti,2017,8,2017-08,2017,180,SRC-056,Domaine public — œuvre du gouvernement fédéral américain (17 U.S.C. § 105),"U.S. Department of Homeland Security, Office of Homeland Security Statistics — Key Homeland Security Metrics, Repatriations",2026-08-23
Haïti,Haiti,2017,9,2017-09,2017,140,SRC-056,Domaine public — œuvre du gouvernement fédéral américain (17 U.S.C. § 105),"U.S. Department of Homeland Security, Office of Homeland Security Statistics — Key Homeland Security Metrics, Repatriations",2026-08-23
Haïti,Haiti,2017,10,2017-10,2018,150,SRC-056,Domaine public — œuvre du gouvernement fédéral américain (17 U.S.C. § 105),"U.S. Department of Homeland Security, Office of Homeland Security Statistics — Key Homeland Security Metrics, Repatriations",2026-08-23
Haïti,Haiti,2017,11,2017-11,2018,100,SRC-056,Domaine public — œuvre du gouvernement fédéral américain (17 U.S.C. § 105),"U.S. Department of Homeland Security, Office of Homeland Security Statistics — Key Homeland Security Metrics, Repatriations",2026-08-23
Haïti,Haiti,2017,12,2017-12,2018,130,SRC-056,Domaine public — œuvre du gouvernement fédéral américain (17 U.S.C. § 105),"U.S. Department of Homeland Security, Office of Homeland Security Statistics — Key Homeland Security Metrics, Repatriations",2026-08-23
Haïti,Haiti,2018,1,2018-01,2018,90,SRC-056,Domaine public — œuvre du gouvernement fédéral américain (17 U.S.C. § 105),"U.S. Department of Homeland Security, Office of Homeland Security Statistics — Key Homeland Security Metrics, Repatriations",2026-08-23
Haïti,Haiti,2018,2,2018-02,2018,130,SRC-056,Domaine public — œuvre du gouvernement fédéral américain (17 U.S.C. § 105),"U.S. Department of Homeland Security, Office of Homeland Security Statistics — Key Homeland Security Metrics, Repatriations",2026-08-23
Haïti,Haiti,2018,3,2018-03,2018,140,SRC-056,Domaine public — œuvre du gouvernement fédéral américain (17 U.S.C. § 105),"U.S. Department of Homeland Security, Office of Homeland Security Statistics — Key Homeland Security Metrics, Repatriations",2026-08-23
Haïti,Haiti,2018,4,2018-04,2018,70,SRC-056,Domaine public — œuvre du gouvernement fédéral américain (17 U.S.C. § 105),"U.S. Department of Homeland Security, Office of Homeland Security Statistics — Key Homeland Security Metrics, Repatriations",2026-08-23
Haïti,Haiti,2018,5,2018-05,2018,90,SRC-056,Domaine public — œuvre du gouvernement fédéral américain (17 U.S.C. § 105),"U.S. Department of Homeland Security, Office of Homeland Security Statistics — Key Homeland Security Metrics, Repatriations",2026-08-23
Haïti,Haiti,2018,6,2018-06,2018,80,SRC-056,Domaine public — œuvre du gouvernement fédéral américain (17 U.S.C. § 105),"U.S. Department of Homeland Security, Office of Homeland Security Statistics — Key Homeland Security Metrics, Repatriations",2026-08-23
Haïti,Haiti,2018,7,2018-07,2018,90,SRC-056,Domaine public — œuvre du gouvernement fédéral américain (17 U.S.C. § 105),"U.S. Department of Homeland Security, Office of Homeland Security Statistics — Key Homeland Security Metrics, Repatriations",2026-08-23
Haïti,Haiti,2018,8,2018-08,2018,100,SRC-056,Domaine public — œuvre du gouvernement fédéral américain (17 U.S.C. § 105),"U.S. Department of Homeland Security, Office of Homeland Security Statistics — Key Homeland Security Metrics, Repatriations",2026-08-23
Haïti,Haiti,2018,9,2018-09,2018,90,SRC-056,Domaine public — œuvre du gouvernement fédéral américain (17 U.S.C. § 105),"U.S. Department of Homeland Security, Office of Homeland Security Statistics — Key Homeland Security Metrics, Repatriations",2026-08-23
Haïti,Haiti,2018,10,2018-10,2019,90,SRC-056,Domaine public — œuvre du gouvernement fédéral américain (17 U.S.C. § 105),"U.S. Department of Homeland Security, Office of Homeland Security Statistics — Key Homeland Security Metrics, Repatriations",2026-08-23
Haïti,Haiti,2018,11,2018-11,2019,70,SRC-056,Domaine public — œuvre du gouvernement fédéral américain (17 U.S.C. § 105),"U.S. Department of Homeland Security, Office of Homeland Security Statistics — Key Homeland Security Metrics, Repatriations",2026-08-23
Haïti,Haiti,2018,12,2018-12,2019,80,SRC-056,Domaine public — œuvre du gouvernement fédéral américain (17 U.S.C. § 105),"U.S. Department of Homeland Security, Office of Homeland Security Statistics — Key Homeland Security Metrics, Repatriations",2026-08-23
Haïti,Haiti,2019,1,2019-01,2019,70,SRC-056,Domaine public — œuvre du gouvernement fédéral américain (17 U.S.C. § 105),"U.S. Department of Homeland Security, Office of Homeland Security Statistics — Key Homeland Security Metrics, Repatriations",2026-08-23
Haïti,Haiti,2019,2,2019-02,2019,30,SRC-056,Domaine public — œuvre du gouvernement fédéral américain (17 U.S.C. § 105),"U.S. Department of Homeland Security, Office of Homeland Security Statistics — Key Homeland Security Metrics, Repatriations",2026-08-23
Haïti,Haiti,2019,3,2019-03,2019,70,SRC-056,Domaine public — œuvre du gouvernement fédéral américain (17 U.S.C. § 105),"U.S. Department of Homeland Security, Office of Homeland Security Statistics — Key Homeland Security Metrics, Repatriations",2026-08-23
Haïti,Haiti,2019,4,2019-04,2019,70,SRC-056,Domaine public — œuvre du gouvernement fédéral américain (17 U.S.C. § 105),"U.S. Department of Homeland Security, Office of Homeland Security Statistics — Key Homeland Security Metrics, Repatriations",2026-08-23
Haïti,Haiti,2019,5,2019-05,2019,90,SRC-056,Domaine public — œuvre du gouvernement fédéral américain (17 U.S.C. § 105),"U.S. Department of Homeland Security, Office of Homeland Security Statistics — Key Homeland Security Metrics, Repatriations",2026-08-23
Haïti,Haiti,2019,6,2019-06,2019,80,SRC-056,Domaine public — œuvre du gouvernement fédéral américain (17 U.S.C. § 105),"U.S. Department of Homeland Security, Office of Homeland Security Statistics — Key Homeland Security Metrics, Repatriations",2026-08-23
Haïti,Haiti,2019,7,2019-07,2019,80,SRC-056,Domaine public — œuvre du gouvernement fédéral américain (17 U.S.C. § 105),"U.S. Department of Homeland Security, Office of Homeland Security Statistics — Key Homeland Security Metrics, Repatriations",2026-08-23
Haïti,Haiti,2019,8,2019-08,2019,90,SRC-056,Domaine public — œuvre du gouvernement fédéral américain (17 U.S.C. § 105),"U.S. Department of Homeland Security, Office of Homeland Security Statistics — Key Homeland Security Metrics, Repatriations",2026-08-23
Haïti,Haiti,2019,9,2019-09,2019,80,SRC-056,Domaine public — œuvre du gouvernement fédéral américain (17 U.S.C. § 105),"U.S. Department of Homeland Security, Office of Homeland Security Statistics — Key Homeland Security Metrics, Repatriations",2026-08-23
Haïti,Haiti,2019,10,2019-10,2020,110,SRC-056,Domaine public — œuvre du gouvernement fédéral américain (17 U.S.C. § 105),"U.S. Department of Homeland Security, Office of Homeland Security Statistics — Key Homeland Security Metrics, Repatriations",2026-08-23
Haïti,Haiti,2019,11,2019-11,2020,140,SRC-056,Domaine public — œuvre du gouvernement fédéral américain (17 U.S.C. § 105),"U.S. Department of Homeland Security, Office of Homeland Security Statistics — Key Homeland Security Metrics, Repatriations",2026-08-23
Haïti,Haiti,2019,12,2019-12,2020,90,SRC-056,Domaine public — œuvre du gouvernement fédéral américain (17 U.S.C. § 105),"U.S. Department of Homeland Security, Office of Homeland Security Statistics — Key Homeland Security Metrics, Repatriations",2026-08-23
Haïti,Haiti,2020,1,2020-01,2020,100,SRC-056,Domaine public — œuvre du gouvernement fédéral américain (17 U.S.C. § 105),"U.S. Department of Homeland Security, Office of Homeland Security Statistics — Key Homeland Security Metrics, Repatriations",2026-08-23
Haïti,Haiti,2020,2,2020-02,2020,110,SRC-056,Domaine public — œuvre du gouvernement fédéral américain (17 U.S.C. § 105),"U.S. Department of Homeland Security, Office of Homeland Security Statistics — Key Homeland Security Metrics, Repatriations",2026-08-23
Haïti,Haiti,2020,3,2020-03,2020,100,SRC-056,Domaine public — œuvre du gouvernement fédéral américain (17 U.S.C. § 105),"U.S. Department of Homeland Security, Office of Homeland Security Statistics — Key Homeland Security Metrics, Repatriations",2026-08-23
Haïti,Haiti,2020,4,2020-04,2020,150,SRC-056,Domaine public — œuvre du gouvernement fédéral américain (17 U.S.C. § 105),"U.S. Department of Homeland Security, Office of Homeland Security Statistics — Key Homeland Security Metrics, Repatriations",2026-08-23
Haïti,Haiti,2020,5,2020-05,2020,80,SRC-056,Domaine public — œuvre du gouvernement fédéral américain (17 U.S.C. § 105),"U.S. Department of Homeland Security, Office of Homeland Security Statistics — Key Homeland Security Metrics, Repatriations",2026-08-23
Haïti,Haiti,2020,6,2020-06,2020,160,SRC-056,Domaine public — œuvre du gouvernement fédéral américain (17 U.S.C. § 105),"U.S. Department of Homeland Security, Office of Homeland Security Statistics — Key Homeland Security Metrics, Repatriations",2026-08-23
Haïti,Haiti,2020,7,2020-07,2020,140,SRC-056,Domaine public — œuvre du gouvernement fédéral américain (17 U.S.C. § 105),"U.S. Department of Homeland Security, Office of Homeland Security Statistics — Key Homeland Security Metrics, Repatriations",2026-08-23
Haïti,Haiti,2020,8,2020-08,2020,90,SRC-056,Domaine public — œuvre du gouvernement fédéral américain (17 U.S.C. § 105),"U.S. Department of Homeland Security, Office of Homeland Security Statistics — Key Homeland Security Metrics, Repatriations",2026-08-23
Haïti,Haiti,2020,9,2020-09,2020,560,SRC-056,Domaine public — œuvre du gouvernement fédéral américain (17 U.S.C. § 105),"U.S. Department of Homeland Security, Office of Homeland Security Statistics — Key Homeland Security Metrics, Repatriations",2026-08-23
Haïti,Haiti,2020,10,2020-10,2021,560,SRC-056,Domaine public — œuvre du gouvernement fédéral américain (17 U.S.C. § 105),"U.S. Department of Homeland Security, Office of Homeland Security Statistics — Key Homeland Security Metrics, Repatriations",2026-08-23
Haïti,Haiti,2020,11,2020-11,2021,90,SRC-056,Domaine public — œuvre du gouvernement fédéral américain (17 U.S.C. § 105),"U.S. Department of Homeland Security, Office of Homeland Security Statistics — Key Homeland Security Metrics, Repatriations",2026-08-23
Haïti,Haiti,2020,12,2020-12,2021,120,SRC-056,Domaine public — œuvre du gouvernement fédéral américain (17 U.S.C. § 105),"U.S. Department of Homeland Security, Office of Homeland Security Statistics — Key Homeland Security Metrics, Repatriations",2026-08-23
Haïti,Haiti,2021,1,2021-01,2021,980,SRC-056,Domaine public — œuvre du gouvernement fédéral américain (17 U.S.C. § 105),"U.S. Department of Homeland Security, Office of Homeland Security Statistics — Key Homeland Security Metrics, Repatriations",2026-08-23
Haïti,Haiti,2021,2,2021-02,2021,320,SRC-056,Domaine public — œuvre du gouvernement fédéral américain (17 U.S.C. § 105),"U.S. Department of Homeland Security, Office of Homeland Security Statistics — Key Homeland Security Metrics, Repatriations",2026-08-23
Haïti,Haiti,2021,3,2021-03,2021,630,SRC-056,Domaine public — œuvre du gouvernement fédéral américain (17 U.S.C. § 105),"U.S. Department of Homeland Security, Office of Homeland Security Statistics — Key Homeland Security Metrics, Repatriations",2026-08-23
Haïti,Haiti,2021,4,2021-04,2021,280,SRC-056,Domaine public — œuvre du gouvernement fédéral américain (17 U.S.C. § 105),"U.S. Department of Homeland Security, Office of Homeland Security Statistics — Key Homeland Security Metrics, Repatriations",2026-08-23
Haïti,Haiti,2021,5,2021-05,2021,260,SRC-056,Domaine public — œuvre du gouvernement fédéral américain (17 U.S.C. § 105),"U.S. Department of Homeland Security, Office of Homeland Security Statistics — Key Homeland Security Metrics, Repatriations",2026-08-23
Haïti,Haiti,2021,6,2021-06,2021,300,SRC-056,Domaine public — œuvre du gouvernement fédéral américain (17 U.S.C. § 105),"U.S. Department of Homeland Security, Office of Homeland Security Statistics — Key Homeland Security Metrics, Repatriations",2026-08-23
Haïti,Haiti,2021,7,2021-07,2021,130,SRC-056,Domaine public — œuvre du gouvernement fédéral américain (17 U.S.C. § 105),"U.S. Department of Homeland Security, Office of Homeland Security Statistics — Key Homeland Security Metrics, Repatriations",2026-08-23
Haïti,Haiti,2021,8,2021-08,2021,630,SRC-056,Domaine public — œuvre du gouvernement fédéral américain (17 U.S.C. § 105),"U.S. Department of Homeland Security, Office of Homeland Security Statistics — Key Homeland Security Metrics, Repatriations",2026-08-23
Haïti,Haiti,2021,9,2021-09,2021,6400,SRC-056,Domaine public — œuvre du gouvernement fédéral américain (17 U.S.C. § 105),"U.S. Department of Homeland Security, Office of Homeland Security Statistics — Key Homeland Security Metrics, Repatriations",2026-08-23
Haïti,Haiti,2021,10,2021-10,2022,840,SRC-056,Domaine public — œuvre du gouvernement fédéral américain (17 U.S.C. § 105),"U.S. Department of Homeland Security, Office of Homeland Security Statistics — Key Homeland Security Metrics, Repatriations",2026-08-23
Haïti,Haiti,2021,11,2021-11,2022,910,SRC-056,Domaine public — œuvre du gouvernement fédéral américain (17 U.S.C. § 105),"U.S. Department of Homeland Security, Office of Homeland Security Statistics — Key Homeland Security Metrics, Repatriations",2026-08-23
Haïti,Haiti,2021,12,2021-12,2022,3790,SRC-056,Domaine public — œuvre du gouvernement fédéral américain (17 U.S.C. § 105),"U.S. Department of Homeland Security, Office of Homeland Security Statistics — Key Homeland Security Metrics, Repatriations",2026-08-23
Haïti,Haiti,2022,1,2022-01,2022,1720,SRC-056,Domaine public — œuvre du gouvernement fédéral américain (17 U.S.C. § 105),"U.S. Department of Homeland Security, Office of Homeland Security Statistics — Key Homeland Security Metrics, Repatriations",2026-08-23
Haïti,Haiti,2022,2,2022-02,2022,930,SRC-056,Domaine public — œuvre du gouvernement fédéral américain (17 U.S.C. § 105),"U.S. Department of Homeland Security, Office of Homeland Security Statistics — Key Homeland Security Metrics, Repatriations",2026-08-23
Haïti,Haiti,2022,3,2022-03,2022,640,SRC-056,Domaine public — œuvre du gouvernement fédéral américain (17 U.S.C. § 105),"U.S. Department of Homeland Security, Office of Homeland Security Statistics — Key Homeland Security Metrics, Repatriations",2026-08-23
Haïti,Haiti,2022,4,2022-04,2022,1300,SRC-056,Domaine public — œuvre du gouvernement fédéral américain (17 U.S.C. § 105),"U.S. Department of Homeland Security, Office of Homeland Security Statistics — Key Homeland Security Metrics, Repatriations",2026-08-23
Haïti,Haiti,2022,5,2022-05,2022,3500,SRC-056,Domaine public — œuvre du gouvernement fédéral américain (17 U.S.C. § 105),"U.S. Department of Homeland Security, Office of Homeland Security Statistics — Key Homeland Security Metrics, Repatriations",2026-08-23
Haïti,Haiti,2022,6,2022-06,2022,90,SRC-056,Domaine public — œuvre du gouvernement fédéral américain (17 U.S.C. § 105),"U.S. Department of Homeland Security, Office of Homeland Security Statistics — Key Homeland Security Metrics, Repatriations",2026-08-23
Haïti,Haiti,2022,7,2022-07,2022,120,SRC-056,Domaine public — œuvre du gouvernement fédéral américain (17 U.S.C. § 105),"U.S. Department of Homeland Security, Office of Homeland Security Statistics — Key Homeland Security Metrics, Repatriations",2026-08-23
Haïti,Haiti,2022,8,2022-08,2022,150,SRC-056,Domaine public — œuvre du gouvernement fédéral américain (17 U.S.C. § 105),"U.S. Department of Homeland Security, Office of Homeland Security Statistics — Key Homeland Security Metrics, Repatriations",2026-08-23
Haïti,Haiti,2022,9,2022-09,2022,100,SRC-056,Domaine public — œuvre du gouvernement fédéral américain (17 U.S.C. § 105),"U.S. Department of Homeland Security, Office of Homeland Security Statistics — Key Homeland Security Metrics, Repatriations",2026-08-23
Haïti,Haiti,2022,10,2022-10,2023,110,SRC-056,Domaine public — œuvre du gouvernement fédéral américain (17 U.S.C. § 105),"U.S. Department of Homeland Security, Office of Homeland Security Statistics — Key Homeland Security Metrics, Repatriations",2026-08-23
Haïti,Haiti,2022,11,2022-11,2023,60,SRC-056,Domaine public — œuvre du gouvernement fédéral américain (17 U.S.C. § 105),"U.S. Department of Homeland Security, Office of Homeland Security Statistics — Key Homeland Security Metrics, Repatriations",2026-08-23
Haïti,Haiti,2022,12,2022-12,2023,80,SRC-056,Domaine public — œuvre du gouvernement fédéral américain (17 U.S.C. § 105),"U.S. Department of Homeland Security, Office of Homeland Security Statistics — Key Homeland Security Metrics, Repatriations",2026-08-23
Haïti,Haiti,2023,1,2023-01,2023,100,SRC-056,Domaine public — œuvre du gouvernement fédéral américain (17 U.S.C. § 105),"U.S. Department of Homeland Security, Office of Homeland Security Statistics — Key Homeland Security Metrics, Repatriations",2026-08-23
Haïti,Haiti,2023,2,2023-02,2023,110,SRC-056,Domaine public — œuvre du gouvernement fédéral américain (17 U.S.C. § 105),"U.S. Department of Homeland Security, Office of Homeland Security Statistics — Key Homeland Security Metrics, Repatriations",2026-08-23
Haïti,Haiti,2023,3,2023-03,2023,130,SRC-056,Domaine public — œuvre du gouvernement fédéral américain (17 U.S.C. § 105),"U.S. Department of Homeland Security, Office of Homeland Security Statistics — Key Homeland Security Metrics, Repatriations",2026-08-23
Haïti,Haiti,2023,4,2023-04,2023,330,SRC-056,Domaine public — œuvre du gouvernement fédéral américain (17 U.S.C. § 105),"U.S. Department of Homeland Security, Office of Homeland Security Statistics — Key Homeland Security Metrics, Repatriations",2026-08-23
Haïti,Haiti,2023,5,2023-05,2023,200,SRC-056,Domaine public — œuvre du gouvernement fédéral américain (17 U.S.C. § 105),"U.S. Department of Homeland Security, Office of Homeland Security Statistics — Key Homeland Security Metrics, Repatriations",2026-08-23
Haïti,Haiti,2023,6,2023-06,2023,100,SRC-056,Domaine public — œuvre du gouvernement fédéral américain (17 U.S.C. § 105),"U.S. Department of Homeland Security, Office of Homeland Security Statistics — Key Homeland Security Metrics, Repatriations",2026-08-23
Haïti,Haiti,2023,7,2023-07,2023,120,SRC-056,Domaine public — œuvre du gouvernement fédéral américain (17 U.S.C. § 105),"U.S. Department of Homeland Security, Office of Homeland Security Statistics — Key Homeland Security Metrics, Repatriations",2026-08-23
Haïti,Haiti,2023,8,2023-08,2023,190,SRC-056,Domaine public — œuvre du gouvernement fédéral américain (17 U.S.C. § 105),"U.S. Department of Homeland Security, Office of Homeland Security Statistics — Key Homeland Security Metrics, Repatriations",2026-08-23
Haïti,Haiti,2023,9,2023-09,2023,110,SRC-056,Domaine public — œuvre du gouvernement fédéral américain (17 U.S.C. § 105),"U.S. Department of Homeland Security, Office of Homeland Security Statistics — Key Homeland Security Metrics, Repatriations",2026-08-23
Haïti,Haiti,2023,10,2023-10,2024,180,SRC-056,Domaine public — œuvre du gouvernement fédéral américain (17 U.S.C. § 105),"U.S. Department of Homeland Security, Office of Homeland Security Statistics — Key Homeland Security Metrics, Repatriations",2026-08-23
Haïti,Haiti,2023,11,2023-11,2024,150,SRC-056,Domaine public — œuvre du gouvernement fédéral américain (17 U.S.C. § 105),"U.S. Department of Homeland Security, Office of Homeland Security Statistics — Key Homeland Security Metrics, Repatriations",2026-08-23
Haïti,Haiti,2023,12,2023-12,2024,130,SRC-056,Domaine public — œuvre du gouvernement fédéral américain (17 U.S.C. § 105),"U.S. Department of Homeland Security, Office of Homeland Security Statistics — Key Homeland Security Metrics, Repatriations",2026-08-23
Haïti,Haiti,2024,1,2024-01,2024,140,SRC-056,Domaine public — œuvre du gouvernement fédéral américain (17 U.S.C. § 105),"U.S. Department of Homeland Security, Office of Homeland Security Statistics — Key Homeland Security Metrics, Repatriations",2026-08-23
Haïti,Haiti,2024,2,2024-02,2024,90,SRC-056,Domaine public — œuvre du gouvernement fédéral américain (17 U.S.C. § 105),"U.S. Department of Homeland Security, Office of Homeland Security Statistics — Key Homeland Security Metrics, Repatriations",2026-08-23
Haïti,Haiti,2024,3,2024-03,2024,90,SRC-056,Domaine public — œuvre du gouvernement fédéral américain (17 U.S.C. § 105),"U.S. Department of Homeland Security, Office of Homeland Security Statistics — Key Homeland Security Metrics, Repatriations",2026-08-23
Haïti,Haiti,2024,4,2024-04,2024,170,SRC-056,Domaine public — œuvre du gouvernement fédéral américain (17 U.S.C. § 105),"U.S. Department of Homeland Security, Office of Homeland Security Statistics — Key Homeland Security Metrics, Repatriations",2026-08-23
Haïti,Haiti,2024,5,2024-05,2024,190,SRC-056,Domaine public — œuvre du gouvernement fédéral américain (17 U.S.C. § 105),"U.S. Department of Homeland Security, Office of Homeland Security Statistics — Key Homeland Security Metrics, Repatriations",2026-08-23
Haïti,Haiti,2024,6,2024-06,2024,100,SRC-056,Domaine public — œuvre du gouvernement fédéral américain (17 U.S.C. § 105),"U.S. Department of Homeland Security, Office of Homeland Security Statistics — Key Homeland Security Metrics, Repatriations",2026-08-23
Haïti,Haiti,2024,7,2024-07,2024,130,SRC-056,Domaine public — œuvre du gouvernement fédéral américain (17 U.S.C. § 105),"U.S. Department of Homeland Security, Office of Homeland Security Statistics — Key Homeland Security Metrics, Repatriations",2026-08-23
Haïti,Haiti,2024,8,2024-08,2024,60,SRC-056,Domaine public — œuvre du gouvernement fédéral américain (17 U.S.C. § 105),"U.S. Department of Homeland Security, Office of Homeland Security Statistics — Key Homeland Security Metrics, Repatriations",2026-08-23
Haïti,Haiti,2024,9,2024-09,2024,140,SRC-056,Domaine public — œuvre du gouvernement fédéral américain (17 U.S.C. § 105),"U.S. Department of Homeland Security, Office of Homeland Security Statistics — Key Homeland Security Metrics, Repatriations",2026-08-23
Haïti,Haiti,2024,10,2024-10,2025,200,SRC-056,Domaine public — œuvre du gouvernement fédéral américain (17 U.S.C. § 105),"U.S. Department of Homeland Security, Office of Homeland Security Statistics — Key Homeland Security Metrics, Repatriations",2026-08-23
Haïti,Haiti,2024,11,2024-11,2025,60,SRC-056,Domaine public — œuvre du gouvernement fédéral américain (17 U.S.C. § 105),"U.S. Department of Homeland Security, Office of Homeland Security Statistics — Key Homeland Security Metrics, Repatriations",2026-08-23
République dominicaine,Dominican Republic,2009,10,2009-10,2010,380,SRC-056,Domaine public — œuvre du gouvernement fédéral américain (17 U.S.C. § 105),"U.S. Department of Homeland Security, Office of Homeland Security Statistics — Key Homeland Security Metrics, Repatriations",2026-08-23
République dominicaine,Dominican Republic,2009,11,2009-11,2010,330,SRC-056,Domaine public — œuvre du gouvernement fédéral américain (17 U.S.C. § 105),"U.S. Department of Homeland Security, Office of Homeland Security Statistics — Key Homeland Security Metrics, Repatriations",2026-08-23
République dominicaine,Dominican Republic,2009,12,2009-12,2010,320,SRC-056,Domaine public — œuvre du gouvernement fédéral américain (17 U.S.C. § 105),"U.S. Department of Homeland Security, Office of Homeland Security Statistics — Key Homeland Security Metrics, Repatriations",2026-08-23
République dominicaine,Dominican Republic,2010,1,2010-01,2010,280,SRC-056,Domaine public — œuvre du gouvernement fédéral américain (17 U.S.C. § 105),"U.S. Department of Homeland Security, Office of Homeland Security Statistics — Key Homeland Security Metrics, Repatriations",2026-08-23
République dominicaine,Dominican Republic,2010,2,2010-02,2010,330,SRC-056,Domaine public — œuvre du gouvernement fédéral américain (17 U.S.C. § 105),"U.S. Department of Homeland Security, Office of Homeland Security Statistics — Key Homeland Security Metrics, Repatriations",2026-08-23
République dominicaine,Dominican Republic,2010,3,2010-03,2010,360,SRC-056,Domaine public — œuvre du gouvernement fédéral américain (17 U.S.C. § 105),"U.S. Department of Homeland Security, Office of Homeland Security Statistics — Key Homeland Security Metrics, Repatriations",2026-08-23
République dominicaine,Dominican Republic,2010,4,2010-04,2010,380,SRC-056,Domaine public — œuvre du gouvernement fédéral américain (17 U.S.C. § 105),"U.S. Department of Homeland Security, Office of Homeland Security Statistics — Key Homeland Security Metrics, Repatriations",2026-08-23
République dominicaine,Dominican Republic,2010,5,2010-05,2010,330,SRC-056,Domaine public — œuvre du gouvernement fédéral américain (17 U.S.C. § 105),"U.S. Department of Homeland Security, Office of Homeland Security Statistics — Key Homeland Security Metrics, Repatriations",2026-08-23
République dominicaine,Dominican Republic,2010,6,2010-06,2010,370,SRC-056,Domaine public — œuvre du gouvernement fédéral américain (17 U.S.C. § 105),"U.S. Department of Homeland Security, Office of Homeland Security Statistics — Key Homeland Security Metrics, Repatriations",2026-08-23
République dominicaine,Dominican Republic,2010,7,2010-07,2010,320,SRC-056,Domaine public — œuvre du gouvernement fédéral américain (17 U.S.C. § 105),"U.S. Department of Homeland Security, Office of Homeland Security Statistics — Key Homeland Security Metrics, Repatriations",2026-08-23
République dominicaine,Dominican Republic,2010,8,2010-08,2010,420,SRC-056,Domaine public — œuvre du gouvernement fédéral américain (17 U.S.C. § 105),"U.S. Department of Homeland Security, Office of Homeland Security Statistics — Key Homeland Security Metrics, Repatriations",2026-08-23
République dominicaine,Dominican Republic,2010,9,2010-09,2010,380,SRC-056,Domaine public — œuvre du gouvernement fédéral américain (17 U.S.C. § 105),"U.S. Department of Homeland Security, Office of Homeland Security Statistics — Key Homeland Security Metrics, Repatriations",2026-08-23
République dominicaine,Dominican Republic,2010,10,2010-10,2011,290,SRC-056,Domaine public — œuvre du gouvernement fédéral américain (17 U.S.C. § 105),"U.S. Department of Homeland Security, Office of Homeland Security Statistics — Key Homeland Security Metrics, Repatriations",2026-08-23
République dominicaine,Dominican Republic,2010,11,2010-11,2011,310,SRC-056,Domaine public — œuvre du gouvernement fédéral américain (17 U.S.C. § 105),"U.S. Department of Homeland Security, Office of Homeland Security Statistics — Key Homeland Security Metrics, Repatriations",2026-08-23
République dominicaine,Dominican Republic,2010,12,2010-12,2011,280,SRC-056,Domaine public — œuvre du gouvernement fédéral américain (17 U.S.C. § 105),"U.S. Department of Homeland Security, Office of Homeland Security Statistics — Key Homeland Security Metrics, Repatriations",2026-08-23
République dominicaine,Dominican Republic,2011,1,2011-01,2011,340,SRC-056,Domaine public — œuvre du gouvernement fédéral américain (17 U.S.C. § 105),"U.S. Department of Homeland Security, Office of Homeland Security Statistics — Key Homeland Security Metrics, Repatriations",2026-08-23
République dominicaine,Dominican Republic,2011,2,2011-02,2011,240,SRC-056,Domaine public — œuvre du gouvernement fédéral américain (17 U.S.C. § 105),"U.S. Department of Homeland Security, Office of Homeland Security Statistics — Key Homeland Security Metrics, Repatriations",2026-08-23
République dominicaine,Dominican Republic,2011,3,2011-03,2011,350,SRC-056,Domaine public — œuvre du gouvernement fédéral américain (17 U.S.C. § 105),"U.S. Department of Homeland Security, Office of Homeland Security Statistics — Key Homeland Security Metrics, Repatriations",2026-08-23
République dominicaine,Dominican Republic,2011,4,2011-04,2011,300,SRC-056,Domaine public — œuvre du gouvernement fédéral américain (17 U.S.C. § 105),"U.S. Department of Homeland Security, Office of Homeland Security Statistics — Key Homeland Security Metrics, Repatriations",2026-08-23
République dominicaine,Dominican Republic,2011,5,2011-05,2011,310,SRC-056,Domaine public — œuvre du gouvernement fédéral américain (17 U.S.C. § 105),"U.S. Department of Homeland Security, Office of Homeland Security Statistics — Key Homeland Security Metrics, Repatriations",2026-08-23
République dominicaine,Dominican Republic,2011,6,2011-06,2011,350,SRC-056,Domaine public — œuvre du gouvernement fédéral américain (17 U.S.C. § 105),"U.S. Department of Homeland Security, Office of Homeland Security Statistics — Key Homeland Security Metrics, Repatriations",2026-08-23
République dominicaine,Dominican Republic,2011,7,2011-07,2011,270,SRC-056,Domaine public — œuvre du gouvernement fédéral américain (17 U.S.C. § 105),"U.S. Department of Homeland Security, Office of Homeland Security Statistics — Key Homeland Security Metrics, Repatriations",2026-08-23
République dominicaine,Dominican Republic,2011,8,2011-08,2011,250,SRC-056,Domaine public — œuvre du gouvernement fédéral américain (17 U.S.C. § 105),"U.S. Department of Homeland Security, Office of Homeland Security Statistics — Key Homeland Security Metrics, Repatriations",2026-08-23
République dominicaine,Dominican Republic,2011,9,2011-09,2011,400,SRC-056,Domaine public — œuvre du gouvernement fédéral américain (17 U.S.C. § 105),"U.S. Department of Homeland Security, Office of Homeland Security Statistics — Key Homeland Security Metrics, Repatriations",2026-08-23
République dominicaine,Dominican Republic,2011,10,2011-10,2012,230,SRC-056,Domaine public — œuvre du gouvernement fédéral américain (17 U.S.C. § 105),"U.S. Department of Homeland Security, Office of Homeland Security Statistics — Key Homeland Security Metrics, Repatriations",2026-08-23
République dominicaine,Dominican Republic,2011,11,2011-11,2012,320,SRC-056,Domaine public — œuvre du gouvernement fédéral américain (17 U.S.C. § 105),"U.S. Department of Homeland Security, Office of Homeland Security Statistics — Key Homeland Security Metrics, Repatriations",2026-08-23
République dominicaine,Dominican Republic,2011,12,2011-12,2012,340,SRC-056,Domaine public — œuvre du gouvernement fédéral américain (17 U.S.C. § 105),"U.S. Department of Homeland Security, Office of Homeland Security Statistics — Key Homeland Security Metrics, Repatriations",2026-08-23
République dominicaine,Dominican Republic,2012,1,2012-01,2012,320,SRC-056,Domaine public — œuvre du gouvernement fédéral américain (17 U.S.C. § 105),"U.S. Department of Homeland Security, Office of Homeland Security Statistics — Key Homeland Security Metrics, Repatriations",2026-08-23
République dominicaine,Dominican Republic,2012,2,2012-02,2012,270,SRC-056,Domaine public — œuvre du gouvernement fédéral américain (17 U.S.C. § 105),"U.S. Department of Homeland Security, Office of Homeland Security Statistics — Key Homeland Security Metrics, Repatriations",2026-08-23
République dominicaine,Dominican Republic,2012,3,2012-03,2012,280,SRC-056,Domaine public — œuvre du gouvernement fédéral américain (17 U.S.C. § 105),"U.S. Department of Homeland Security, Office of Homeland Security Statistics — Key Homeland Security Metrics, Repatriations",2026-08-23
République dominicaine,Dominican Republic,2012,4,2012-04,2012,380,SRC-056,Domaine public — œuvre du gouvernement fédéral américain (17 U.S.C. § 105),"U.S. Department of Homeland Security, Office of Homeland Security Statistics — Key Homeland Security Metrics, Repatriations",2026-08-23
République dominicaine,Dominican Republic,2012,5,2012-05,2012,310,SRC-056,Domaine public — œuvre du gouvernement fédéral américain (17 U.S.C. § 105),"U.S. Department of Homeland Security, Office of Homeland Security Statistics — Key Homeland Security Metrics, Repatriations",2026-08-23
République dominicaine,Dominican Republic,2012,6,2012-06,2012,300,SRC-056,Domaine public — œuvre du gouvernement fédéral américain (17 U.S.C. § 105),"U.S. Department of Homeland Security, Office of Homeland Security Statistics — Key Homeland Security Metrics, Repatriations",2026-08-23
République dominicaine,Dominican Republic,2012,7,2012-07,2012,350,SRC-056,Domaine public — œuvre du gouvernement fédéral américain (17 U.S.C. § 105),"U.S. Department of Homeland Security, Office of Homeland Security Statistics — Key Homeland Security Metrics, Repatriations",2026-08-23
République dominicaine,Dominican Republic,2012,8,2012-08,2012,320,SRC-056,Domaine public — œuvre du gouvernement fédéral américain (17 U.S.C. § 105),"U.S. Department of Homeland Security, Office of Homeland Security Statistics — Key Homeland Security Metrics, Repatriations",2026-08-23
République dominicaine,Dominican Republic,2012,9,2012-09,2012,290,SRC-056,Domaine public — œuvre du gouvernement fédéral américain (17 U.S.C. § 105),"U.S. Department of Homeland Security, Office of Homeland Security Statistics — Key Homeland Security Metrics, Repatriations",2026-08-23
République dominicaine,Dominican Republic,2012,10,2012-10,2013,200,SRC-056,Domaine public — œuvre du gouvernement fédéral américain (17 U.S.C. § 105),"U.S. Department of Homeland Security, Office of Homeland Security Statistics — Key Homeland Security Metrics, Repatriations",2026-08-23
République dominicaine,Dominican Republic,2012,11,2012-11,2013,330,SRC-056,Domaine public — œuvre du gouvernement fédéral américain (17 U.S.C. § 105),"U.S. Department of Homeland Security, Office of Homeland Security Statistics — Key Homeland Security Metrics, Repatriations",2026-08-23
République dominicaine,Dominican Republic,2012,12,2012-12,2013,230,SRC-056,Domaine public — œuvre du gouvernement fédéral américain (17 U.S.C. § 105),"U.S. Department of Homeland Security, Office of Homeland Security Statistics — Key Homeland Security Metrics, Repatriations",2026-08-23
République dominicaine,Dominican Republic,2013,1,2013-01,2013,230,SRC-056,Domaine public — œuvre du gouvernement fédéral américain (17 U.S.C. § 105),"U.S. Department of Homeland Security, Office of Homeland Security Statistics — Key Homeland Security Metrics, Repatriations",2026-08-23
République dominicaine,Dominican Republic,2013,2,2013-02,2013,250,SRC-056,Domaine public — œuvre du gouvernement fédéral américain (17 U.S.C. § 105),"U.S. Department of Homeland Security, Office of Homeland Security Statistics — Key Homeland Security Metrics, Repatriations",2026-08-23
République dominicaine,Dominican Republic,2013,3,2013-03,2013,150,SRC-056,Domaine public — œuvre du gouvernement fédéral américain (17 U.S.C. § 105),"U.S. Department of Homeland Security, Office of Homeland Security Statistics — Key Homeland Security Metrics, Repatriations",2026-08-23
République dominicaine,Dominican Republic,2013,4,2013-04,2013,270,SRC-056,Domaine public — œuvre du gouvernement fédéral américain (17 U.S.C. § 105),"U.S. Department of Homeland Security, Office of Homeland Security Statistics — Key Homeland Security Metrics, Repatriations",2026-08-23
République dominicaine,Dominican Republic,2013,5,2013-05,2013,250,SRC-056,Domaine public — œuvre du gouvernement fédéral américain (17 U.S.C. § 105),"U.S. Department of Homeland Security, Office of Homeland Security Statistics — Key Homeland Security Metrics, Repatriations",2026-08-23
République dominicaine,Dominican Republic,2013,6,2013-06,2013,280,SRC-056,Domaine public — œuvre du gouvernement fédéral américain (17 U.S.C. § 105),"U.S. Department of Homeland Security, Office of Homeland Security Statistics — Key Homeland Security Metrics, Repatriations",2026-08-23
République dominicaine,Dominican Republic,2013,7,2013-07,2013,250,SRC-056,Domaine public — œuvre du gouvernement fédéral américain (17 U.S.C. § 105),"U.S. Department of Homeland Security, Office of Homeland Security Statistics — Key Homeland Security Metrics, Repatriations",2026-08-23
République dominicaine,Dominican Republic,2013,8,2013-08,2013,210,SRC-056,Domaine public — œuvre du gouvernement fédéral américain (17 U.S.C. § 105),"U.S. Department of Homeland Security, Office of Homeland Security Statistics — Key Homeland Security Metrics, Repatriations",2026-08-23
République dominicaine,Dominican Republic,2013,9,2013-09,2013,200,SRC-056,Domaine public — œuvre du gouvernement fédéral américain (17 U.S.C. § 105),"U.S. Department of Homeland Security, Office of Homeland Security Statistics — Key Homeland Security Metrics, Repatriations",2026-08-23
République dominicaine,Dominican Republic,2013,10,2013-10,2014,210,SRC-056,Domaine public — œuvre du gouvernement fédéral américain (17 U.S.C. § 105),"U.S. Department of Homeland Security, Office of Homeland Security Statistics — Key Homeland Security Metrics, Repatriations",2026-08-23
République dominicaine,Dominican Republic,2013,11,2013-11,2014,270,SRC-056,Domaine public — œuvre du gouvernement fédéral américain (17 U.S.C. § 105),"U.S. Department of Homeland Security, Office of Homeland Security Statistics — Key Homeland Security Metrics, Repatriations",2026-08-23
République dominicaine,Dominican Republic,2013,12,2013-12,2014,230,SRC-056,Domaine public — œuvre du gouvernement fédéral américain (17 U.S.C. § 105),"U.S. Department of Homeland Security, Office of Homeland Security Statistics — Key Homeland Security Metrics, Repatriations",2026-08-23
République dominicaine,Dominican Republic,2014,1,2014-01,2014,190,SRC-056,Domaine public — œuvre du gouvernement fédéral américain (17 U.S.C. § 105),"U.S. Department of Homeland Security, Office of Homeland Security Statistics — Key Homeland Security Metrics, Repatriations",2026-08-23
République dominicaine,Dominican Republic,2014,2,2014-02,2014,200,SRC-056,Domaine public — œuvre du gouvernement fédéral américain (17 U.S.C. § 105),"U.S. Department of Homeland Security, Office of Homeland Security Statistics — Key Homeland Security Metrics, Repatriations",2026-08-23
République dominicaine,Dominican Republic,2014,3,2014-03,2014,210,SRC-056,Domaine public — œuvre du gouvernement fédéral américain (17 U.S.C. § 105),"U.S. Department of Homeland Security, Office of Homeland Security Statistics — Key Homeland Security Metrics, Repatriations",2026-08-23
République dominicaine,Dominican Republic,2014,4,2014-04,2014,190,SRC-056,Domaine public — œuvre du gouvernement fédéral américain (17 U.S.C. § 105),"U.S. Department of Homeland Security, Office of Homeland Security Statistics — Key Homeland Security Metrics, Repatriations",2026-08-23
République dominicaine,Dominican Republic,2014,5,2014-05,2014,230,SRC-056,Domaine public — œuvre du gouvernement fédéral américain (17 U.S.C. § 105),"U.S. Department of Homeland Security, Office of Homeland Security Statistics — Key Homeland Security Metrics, Repatriations",2026-08-23
République dominicaine,Dominican Republic,2014,6,2014-06,2014,170,SRC-056,Domaine public — œuvre du gouvernement fédéral américain (17 U.S.C. § 105),"U.S. Department of Homeland Security, Office of Homeland Security Statistics — Key Homeland Security Metrics, Repatriations",2026-08-23
République dominicaine,Dominican Republic,2014,7,2014-07,2014,180,SRC-056,Domaine public — œuvre du gouvernement fédéral américain (17 U.S.C. § 105),"U.S. Department of Homeland Security, Office of Homeland Security Statistics — Key Homeland Security Metrics, Repatriations",2026-08-23
République dominicaine,Dominican Republic,2014,8,2014-08,2014,220,SRC-056,Domaine public — œuvre du gouvernement fédéral américain (17 U.S.C. § 105),"U.S. Department of Homeland Security, Office of Homeland Security Statistics — Key Homeland Security Metrics, Repatriations",2026-08-23
République dominicaine,Dominican Republic,2014,9,2014-09,2014,120,SRC-056,Domaine public — œuvre du gouvernement fédéral américain (17 U.S.C. § 105),"U.S. Department of Homeland Security, Office of Homeland Security Statistics — Key Homeland Security Metrics, Repatriations",2026-08-23
République dominicaine,Dominican Republic,2014,10,2014-10,2015,280,SRC-056,Domaine public — œuvre du gouvernement fédéral américain (17 U.S.C. § 105),"U.S. Department of Homeland Security, Office of Homeland Security Statistics — Key Homeland Security Metrics, Repatriations",2026-08-23
République dominicaine,Dominican Republic,2014,11,2014-11,2015,200,SRC-056,Domaine public — œuvre du gouvernement fédéral américain (17 U.S.C. § 105),"U.S. Department of Homeland Security, Office of Homeland Security Statistics — Key Homeland Security Metrics, Repatriations",2026-08-23
République dominicaine,Dominican Republic,2014,12,2014-12,2015,150,SRC-056,Domaine public — œuvre du gouvernement fédéral américain (17 U.S.C. § 105),"U.S. Department of Homeland Security, Office of Homeland Security Statistics — Key Homeland Security Metrics, Repatriations",2026-08-23
République dominicaine,Dominican Republic,2015,1,2015-01,2015,200,SRC-056,Domaine public — œuvre du gouvernement fédéral américain (17 U.S.C. § 105),"U.S. Department of Homeland Security, Office of Homeland Security Statistics — Key Homeland Security Metrics, Repatriations",2026-08-23
République dominicaine,Dominican Republic,2015,2,2015-02,2015,210,SRC-056,Domaine public — œuvre du gouvernement fédéral américain (17 U.S.C. § 105),"U.S. Department of Homeland Security, Office of Homeland Security Statistics — Key Homeland Security Metrics, Repatriations",2026-08-23
République dominicaine,Dominican Republic,2015,3,2015-03,2015,160,SRC-056,Domaine public — œuvre du gouvernement fédéral américain (17 U.S.C. § 105),"U.S. Department of Homeland Security, Office of Homeland Security Statistics — Key Homeland Security Metrics, Repatriations",2026-08-23
République dominicaine,Dominican Republic,2015,4,2015-04,2015,230,SRC-056,Domaine public — œuvre du gouvernement fédéral américain (17 U.S.C. § 105),"U.S. Department of Homeland Security, Office of Homeland Security Statistics — Key Homeland Security Metrics, Repatriations",2026-08-23
République dominicaine,Dominican Republic,2015,5,2015-05,2015,170,SRC-056,Domaine public — œuvre du gouvernement fédéral américain (17 U.S.C. § 105),"U.S. Department of Homeland Security, Office of Homeland Security Statistics — Key Homeland Security Metrics, Repatriations",2026-08-23
République dominicaine,Dominican Republic,2015,6,2015-06,2015,160,SRC-056,Domaine public — œuvre du gouvernement fédéral américain (17 U.S.C. § 105),"U.S. Department of Homeland Security, Office of Homeland Security Statistics — Key Homeland Security Metrics, Repatriations",2026-08-23
République dominicaine,Dominican Republic,2015,7,2015-07,2015,200,SRC-056,Domaine public — œuvre du gouvernement fédéral américain (17 U.S.C. § 105),"U.S. Department of Homeland Security, Office of Homeland Security Statistics — Key Homeland Security Metrics, Repatriations",2026-08-23
République dominicaine,Dominican Republic,2015,8,2015-08,2015,160,SRC-056,Domaine public — œuvre du gouvernement fédéral américain (17 U.S.C. § 105),"U.S. Department of Homeland Security, Office of Homeland Security Statistics — Key Homeland Security Metrics, Repatriations",2026-08-23
République dominicaine,Dominican Republic,2015,9,2015-09,2015,150,SRC-056,Domaine public — œuvre du gouvernement fédéral américain (17 U.S.C. § 105),"U.S. Department of Homeland Security, Office of Homeland Security Statistics — Key Homeland Security Metrics, Repatriations",2026-08-23
République dominicaine,Dominican Republic,2015,10,2015-10,2016,210,SRC-056,Domaine public — œuvre du gouvernement fédéral américain (17 U.S.C. § 105),"U.S. Department of Homeland Security, Office of Homeland Security Statistics — Key Homeland Security Metrics, Repatriations",2026-08-23
République dominicaine,Dominican Republic,2015,11,2015-11,2016,280,SRC-056,Domaine public — œuvre du gouvernement fédéral américain (17 U.S.C. § 105),"U.S. Department of Homeland Security, Office of Homeland Security Statistics — Key Homeland Security Metrics, Repatriations",2026-08-23
République dominicaine,Dominican Republic,2015,12,2015-12,2016,240,SRC-056,Domaine public — œuvre du gouvernement fédéral américain (17 U.S.C. § 105),"U.S. Department of Homeland Security, Office of Homeland Security Statistics — Key Homeland Security Metrics, Repatriations",2026-08-23
République dominicaine,Dominican Republic,2016,1,2016-01,2016,220,SRC-056,Domaine public — œuvre du gouvernement fédéral américain (17 U.S.C. § 105),"U.S. Department of Homeland Security, Office of Homeland Security Statistics — Key Homeland Security Metrics, Repatriations",2026-08-23
République dominicaine,Dominican Republic,2016,2,2016-02,2016,210,SRC-056,Domaine public — œuvre du gouvernement fédéral américain (17 U.S.C. § 105),"U.S. Department of Homeland Security, Office of Homeland Security Statistics — Key Homeland Security Metrics, Repatriations",2026-08-23
République dominicaine,Dominican Republic,2016,3,2016-03,2016,160,SRC-056,Domaine public — œuvre du gouvernement fédéral américain (17 U.S.C. § 105),"U.S. Department of Homeland Security, Office of Homeland Security Statistics — Key Homeland Security Metrics, Repatriations",2026-08-23
République dominicaine,Dominican Republic,2016,4,2016-04,2016,170,SRC-056,Domaine public — œuvre du gouvernement fédéral américain (17 U.S.C. § 105),"U.S. Department of Homeland Security, Office of Homeland Security Statistics — Key Homeland Security Metrics, Repatriations",2026-08-23
République dominicaine,Dominican Republic,2016,5,2016-05,2016,190,SRC-056,Domaine public — œuvre du gouvernement fédéral américain (17 U.S.C. § 105),"U.S. Department of Homeland Security, Office of Homeland Security Statistics — Key Homeland Security Metrics, Repatriations",2026-08-23
République dominicaine,Dominican Republic,2016,6,2016-06,2016,200,SRC-056,Domaine public — œuvre du gouvernement fédéral américain (17 U.S.C. § 105),"U.S. Department of Homeland Security, Office of Homeland Security Statistics — Key Homeland Security Metrics, Repatriations",2026-08-23
République dominicaine,Dominican Republic,2016,7,2016-07,2016,160,SRC-056,Domaine public — œuvre du gouvernement fédéral américain (17 U.S.C. § 105),"U.S. Department of Homeland Security, Office of Homeland Security Statistics — Key Homeland Security Metrics, Repatriations",2026-08-23
République dominicaine,Dominican Republic,2016,8,2016-08,2016,220,SRC-056,Domaine public — œuvre du gouvernement fédéral américain (17 U.S.C. § 105),"U.S. Department of Homeland Security, Office of Homeland Security Statistics — Key Homeland Security Metrics, Repatriations",2026-08-23
République dominicaine,Dominican Republic,2016,9,2016-09,2016,150,SRC-056,Domaine public — œuvre du gouvernement fédéral américain (17 U.S.C. § 105),"U.S. Department of Homeland Security, Office of Homeland Security Statistics — Key Homeland Security Metrics, Repatriations",2026-08-23
République dominicaine,Dominican Republic,2016,10,2016-10,2017,260,SRC-056,Domaine public — œuvre du gouvernement fédéral américain (17 U.S.C. § 105),"U.S. Department of Homeland Security, Office of Homeland Security Statistics — Key Homeland Security Metrics, Repatriations",2026-08-23
République dominicaine,Dominican Republic,2016,11,2016-11,2017,200,SRC-056,Domaine public — œuvre du gouvernement fédéral américain (17 U.S.C. § 105),"U.S. Department of Homeland Security, Office of Homeland Security Statistics — Key Homeland Security Metrics, Repatriations",2026-08-23
République dominicaine,Dominican Republic,2016,12,2016-12,2017,190,SRC-056,Domaine public — œuvre du gouvernement fédéral américain (17 U.S.C. § 105),"U.S. Department of Homeland Security, Office of Homeland Security Statistics — Key Homeland Security Metrics, Repatriations",2026-08-23
République dominicaine,Dominican Republic,2017,1,2017-01,2017,180,SRC-056,Domaine public — œuvre du gouvernement fédéral américain (17 U.S.C. § 105),"U.S. Department of Homeland Security, Office of Homeland Security Statistics — Key Homeland Security Metrics, Repatriations",2026-08-23
République dominicaine,Dominican Republic,2017,2,2017-02,2017,210,SRC-056,Domaine public — œuvre du gouvernement fédéral américain (17 U.S.C. § 105),"U.S. Department of Homeland Security, Office of Homeland Security Statistics — Key Homeland Security Metrics, Repatriations",2026-08-23
République dominicaine,Dominican Republic,2017,3,2017-03,2017,230,SRC-056,Domaine public — œuvre du gouvernement fédéral américain (17 U.S.C. § 105),"U.S. Department of Homeland Security, Office of Homeland Security Statistics — Key Homeland Security Metrics, Repatriations",2026-08-23
République dominicaine,Dominican Republic,2017,4,2017-04,2017,210,SRC-056,Domaine public — œuvre du gouvernement fédéral américain (17 U.S.C. § 105),"U.S. Department of Homeland Security, Office of Homeland Security Statistics — Key Homeland Security Metrics, Repatriations",2026-08-23
République dominicaine,Dominican Republic,2017,5,2017-05,2017,260,SRC-056,Domaine public — œuvre du gouvernement fédéral américain (17 U.S.C. § 105),"U.S. Department of Homeland Security, Office of Homeland Security Statistics — Key Homeland Security Metrics, Repatriations",2026-08-23
République dominicaine,Dominican Republic,2017,6,2017-06,2017,250,SRC-056,Domaine public — œuvre du gouvernement fédéral américain (17 U.S.C. § 105),"U.S. Department of Homeland Security, Office of Homeland Security Statistics — Key Homeland Security Metrics, Repatriations",2026-08-23
République dominicaine,Dominican Republic,2017,7,2017-07,2017,190,SRC-056,Domaine public — œuvre du gouvernement fédéral américain (17 U.S.C. § 105),"U.S. Department of Homeland Security, Office of Homeland Security Statistics — Key Homeland Security Metrics, Repatriations",2026-08-23
République dominicaine,Dominican Republic,2017,8,2017-08,2017,220,SRC-056,Domaine public — œuvre du gouvernement fédéral américain (17 U.S.C. § 105),"U.S. Department of Homeland Security, Office of Homeland Security Statistics — Key Homeland Security Metrics, Repatriations",2026-08-23
République dominicaine,Dominican Republic,2017,9,2017-09,2017,160,SRC-056,Domaine public — œuvre du gouvernement fédéral américain (17 U.S.C. § 105),"U.S. Department of Homeland Security, Office of Homeland Security Statistics — Key Homeland Security Metrics, Repatriations",2026-08-23
République dominicaine,Dominican Republic,2017,10,2017-10,2018,190,SRC-056,Domaine public — œuvre du gouvernement fédéral américain (17 U.S.C. § 105),"U.S. Department of Homeland Security, Office of Homeland Security Statistics — Key Homeland Security Metrics, Repatriations",2026-08-23
République dominicaine,Dominican Republic,2017,11,2017-11,2018,250,SRC-056,Domaine public — œuvre du gouvernement fédéral américain (17 U.S.C. § 105),"U.S. Department of Homeland Security, Office of Homeland Security Statistics — Key Homeland Security Metrics, Repatriations",2026-08-23
République dominicaine,Dominican Republic,2017,12,2017-12,2018,220,SRC-056,Domaine public — œuvre du gouvernement fédéral américain (17 U.S.C. § 105),"U.S. Department of Homeland Security, Office of Homeland Security Statistics — Key Homeland Security Metrics, Repatriations",2026-08-23
République dominicaine,Dominican Republic,2018,1,2018-01,2018,170,SRC-056,Domaine public — œuvre du gouvernement fédéral américain (17 U.S.C. § 105),"U.S. Department of Homeland Security, Office of Homeland Security Statistics — Key Homeland Security Metrics, Repatriations",2026-08-23
République dominicaine,Dominican Republic,2018,2,2018-02,2018,310,SRC-056,Domaine public — œuvre du gouvernement fédéral américain (17 U.S.C. § 105),"U.S. Department of Homeland Security, Office of Homeland Security Statistics — Key Homeland Security Metrics, Repatriations",2026-08-23
République dominicaine,Dominican Republic,2018,3,2018-03,2018,280,SRC-056,Domaine public — œuvre du gouvernement fédéral américain (17 U.S.C. § 105),"U.S. Department of Homeland Security, Office of Homeland Security Statistics — Key Homeland Security Metrics, Repatriations",2026-08-23
République dominicaine,Dominican Republic,2018,4,2018-04,2018,210,SRC-056,Domaine public — œuvre du gouvernement fédéral américain (17 U.S.C. § 105),"U.S. Department of Homeland Security, Office of Homeland Security Statistics — Key Homeland Security Metrics, Repatriations",2026-08-23
République dominicaine,Dominican Republic,2018,5,2018-05,2018,200,SRC-056,Domaine public — œuvre du gouvernement fédéral américain (17 U.S.C. § 105),"U.S. Department of Homeland Security, Office of Homeland Security Statistics — Key Homeland Security Metrics, Repatriations",2026-08-23
République dominicaine,Dominican Republic,2018,6,2018-06,2018,240,SRC-056,Domaine public — œuvre du gouvernement fédéral américain (17 U.S.C. § 105),"U.S. Department of Homeland Security, Office of Homeland Security Statistics — Key Homeland Security Metrics, Repatriations",2026-08-23
République dominicaine,Dominican Republic,2018,7,2018-07,2018,180,SRC-056,Domaine public — œuvre du gouvernement fédéral américain (17 U.S.C. § 105),"U.S. Department of Homeland Security, Office of Homeland Security Statistics — Key Homeland Security Metrics, Repatriations",2026-08-23
République dominicaine,Dominican Republic,2018,8,2018-08,2018,230,SRC-056,Domaine public — œuvre du gouvernement fédéral américain (17 U.S.C. § 105),"U.S. Department of Homeland Security, Office of Homeland Security Statistics — Key Homeland Security Metrics, Repatriations",2026-08-23
République dominicaine,Dominican Republic,2018,9,2018-09,2018,200,SRC-056,Domaine public — œuvre du gouvernement fédéral américain (17 U.S.C. § 105),"U.S. Department of Homeland Security, Office of Homeland Security Statistics — Key Homeland Security Metrics, Repatriations",2026-08-23
République dominicaine,Dominican Republic,2018,10,2018-10,2019,240,SRC-056,Domaine public — œuvre du gouvernement fédéral américain (17 U.S.C. § 105),"U.S. Department of Homeland Security, Office of Homeland Security Statistics — Key Homeland Security Metrics, Repatriations",2026-08-23
République dominicaine,Dominican Republic,2018,11,2018-11,2019,240,SRC-056,Domaine public — œuvre du gouvernement fédéral américain (17 U.S.C. § 105),"U.S. Department of Homeland Security, Office of Homeland Security Statistics — Key Homeland Security Metrics, Repatriations",2026-08-23
République dominicaine,Dominican Republic,2018,12,2018-12,2019,210,SRC-056,Domaine public — œuvre du gouvernement fédéral américain (17 U.S.C. § 105),"U.S. Department of Homeland Security, Office of Homeland Security Statistics — Key Homeland Security Metrics, Repatriations",2026-08-23
République dominicaine,Dominican Republic,2019,1,2019-01,2019,230,SRC-056,Domaine public — œuvre du gouvernement fédéral américain (17 U.S.C. § 105),"U.S. Department of Homeland Security, Office of Homeland Security Statistics — Key Homeland Security Metrics, Repatriations",2026-08-23
République dominicaine,Dominican Republic,2019,2,2019-02,2019,210,SRC-056,Domaine public — œuvre du gouvernement fédéral américain (17 U.S.C. § 105),"U.S. Department of Homeland Security, Office of Homeland Security Statistics — Key Homeland Security Metrics, Repatriations",2026-08-23
République dominicaine,Dominican Republic,2019,3,2019-03,2019,250,SRC-056,Domaine public — œuvre du gouvernement fédéral américain (17 U.S.C. § 105),"U.S. Department of Homeland Security, Office of Homeland Security Statistics — Key Homeland Security Metrics, Repatriations",2026-08-23
République dominicaine,Dominican Republic,2019,4,2019-04,2019,200,SRC-056,Domaine public — œuvre du gouvernement fédéral américain (17 U.S.C. § 105),"U.S. Department of Homeland Security, Office of Homeland Security Statistics — Key Homeland Security Metrics, Repatriations",2026-08-23
République dominicaine,Dominican Republic,2019,5,2019-05,2019,240,SRC-056,Domaine public — œuvre du gouvernement fédéral américain (17 U.S.C. § 105),"U.S. Department of Homeland Security, Office of Homeland Security Statistics — Key Homeland Security Metrics, Repatriations",2026-08-23
République dominicaine,Dominican Republic,2019,6,2019-06,2019,230,SRC-056,Domaine public — œuvre du gouvernement fédéral américain (17 U.S.C. § 105),"U.S. Department of Homeland Security, Office of Homeland Security Statistics — Key Homeland Security Metrics, Repatriations",2026-08-23
République dominicaine,Dominican Republic,2019,7,2019-07,2019,220,SRC-056,Domaine public — œuvre du gouvernement fédéral américain (17 U.S.C. § 105),"U.S. Department of Homeland Security, Office of Homeland Security Statistics — Key Homeland Security Metrics, Repatriations",2026-08-23
République dominicaine,Dominican Republic,2019,8,2019-08,2019,260,SRC-056,Domaine public — œuvre du gouvernement fédéral américain (17 U.S.C. § 105),"U.S. Department of Homeland Security, Office of Homeland Security Statistics — Key Homeland Security Metrics, Repatriations",2026-08-23
République dominicaine,Dominican Republic,2019,9,2019-09,2019,310,SRC-056,Domaine public — œuvre du gouvernement fédéral américain (17 U.S.C. § 105),"U.S. Department of Homeland Security, Office of Homeland Security Statistics — Key Homeland Security Metrics, Repatriations",2026-08-23
République dominicaine,Dominican Republic,2019,10,2019-10,2020,240,SRC-056,Domaine public — œuvre du gouvernement fédéral américain (17 U.S.C. § 105),"U.S. Department of Homeland Security, Office of Homeland Security Statistics — Key Homeland Security Metrics, Repatriations",2026-08-23
République dominicaine,Dominican Republic,2019,11,2019-11,2020,290,SRC-056,Domaine public — œuvre du gouvernement fédéral américain (17 U.S.C. § 105),"U.S. Department of Homeland Security, Office of Homeland Security Statistics — Key Homeland Security Metrics, Repatriations",2026-08-23
République dominicaine,Dominican Republic,2019,12,2019-12,2020,220,SRC-056,Domaine public — œuvre du gouvernement fédéral américain (17 U.S.C. § 105),"U.S. Department of Homeland Security, Office of Homeland Security Statistics — Key Homeland Security Metrics, Repatriations",2026-08-23
République dominicaine,Dominican Republic,2020,1,2020-01,2020,250,SRC-056,Domaine public — œuvre du gouvernement fédéral américain (17 U.S.C. § 105),"U.S. Department of Homeland Security, Office of Homeland Security Statistics — Key Homeland Security Metrics, Repatriations",2026-08-23
République dominicaine,Dominican Republic,2020,2,2020-02,2020,210,SRC-056,Domaine public — œuvre du gouvernement fédéral américain (17 U.S.C. § 105),"U.S. Department of Homeland Security, Office of Homeland Security Statistics — Key Homeland Security Metrics, Repatriations",2026-08-23
République dominicaine,Dominican Republic,2020,3,2020-03,2020,220,SRC-056,Domaine public — œuvre du gouvernement fédéral américain (17 U.S.C. § 105),"U.S. Department of Homeland Security, Office of Homeland Security Statistics — Key Homeland Security Metrics, Repatriations",2026-08-23
République dominicaine,Dominican Republic,2020,4,2020-04,2020,110,SRC-056,Domaine public — œuvre du gouvernement fédéral américain (17 U.S.C. § 105),"U.S. Department of Homeland Security, Office of Homeland Security Statistics — Key Homeland Security Metrics, Repatriations",2026-08-23
République dominicaine,Dominican Republic,2020,5,2020-05,2020,120,SRC-056,Domaine public — œuvre du gouvernement fédéral américain (17 U.S.C. § 105),"U.S. Department of Homeland Security, Office of Homeland Security Statistics — Key Homeland Security Metrics, Repatriations",2026-08-23
République dominicaine,Dominican Republic,2020,6,2020-06,2020,120,SRC-056,Domaine public — œuvre du gouvernement fédéral américain (17 U.S.C. § 105),"U.S. Department of Homeland Security, Office of Homeland Security Statistics — Key Homeland Security Metrics, Repatriations",2026-08-23
République dominicaine,Dominican Republic,2020,7,2020-07,2020,270,SRC-056,Domaine public — œuvre du gouvernement fédéral américain (17 U.S.C. § 105),"U.S. Department of Homeland Security, Office of Homeland Security Statistics — Key Homeland Security Metrics, Repatriations",2026-08-23
République dominicaine,Dominican Republic,2020,8,2020-08,2020,250,SRC-056,Domaine public — œuvre du gouvernement fédéral américain (17 U.S.C. § 105),"U.S. Department of Homeland Security, Office of Homeland Security Statistics — Key Homeland Security Metrics, Repatriations",2026-08-23
République dominicaine,Dominican Republic,2020,9,2020-09,2020,190,SRC-056,Domaine public — œuvre du gouvernement fédéral américain (17 U.S.C. § 105),"U.S. Department of Homeland Security, Office of Homeland Security Statistics — Key Homeland Security Metrics, Repatriations",2026-08-23
République dominicaine,Dominican Republic,2020,10,2020-10,2021,210,SRC-056,Domaine public — œuvre du gouvernement fédéral américain (17 U.S.C. § 105),"U.S. Department of Homeland Security, Office of Homeland Security Statistics — Key Homeland Security Metrics, Repatriations",2026-08-23
République dominicaine,Dominican Republic,2020,11,2020-11,2021,180,SRC-056,Domaine public — œuvre du gouvernement fédéral américain (17 U.S.C. § 105),"U.S. Department of Homeland Security, Office of Homeland Security Statistics — Key Homeland Security Metrics, Repatriations",2026-08-23
République dominicaine,Dominican Republic,2020,12,2020-12,2021,190,SRC-056,Domaine public — œuvre du gouvernement fédéral américain (17 U.S.C. § 105),"U.S. Department of Homeland Security, Office of Homeland Security Statistics — Key Homeland Security Metrics, Repatriations",2026-08-23
République dominicaine,Dominican Republic,2021,1,2021-01,2021,230,SRC-056,Domaine public — œuvre du gouvernement fédéral américain (17 U.S.C. § 105),"U.S. Department of Homeland Security, Office of Homeland Security Statistics — Key Homeland Security Metrics, Repatriations",2026-08-23
République dominicaine,Dominican Republic,2021,2,2021-02,2021,170,SRC-056,Domaine public — œuvre du gouvernement fédéral américain (17 U.S.C. § 105),"U.S. Department of Homeland Security, Office of Homeland Security Statistics — Key Homeland Security Metrics, Repatriations",2026-08-23
République dominicaine,Dominican Republic,2021,3,2021-03,2021,210,SRC-056,Domaine public — œuvre du gouvernement fédéral américain (17 U.S.C. § 105),"U.S. Department of Homeland Security, Office of Homeland Security Statistics — Key Homeland Security Metrics, Repatriations",2026-08-23
République dominicaine,Dominican Republic,2021,4,2021-04,2021,220,SRC-056,Domaine public — œuvre du gouvernement fédéral américain (17 U.S.C. § 105),"U.S. Department of Homeland Security, Office of Homeland Security Statistics — Key Homeland Security Metrics, Repatriations",2026-08-23
République dominicaine,Dominican Republic,2021,5,2021-05,2021,240,SRC-056,Domaine public — œuvre du gouvernement fédéral américain (17 U.S.C. § 105),"U.S. Department of Homeland Security, Office of Homeland Security Statistics — Key Homeland Security Metrics, Repatriations",2026-08-23
République dominicaine,Dominican Republic,2021,6,2021-06,2021,240,SRC-056,Domaine public — œuvre du gouvernement fédéral américain (17 U.S.C. § 105),"U.S. Department of Homeland Security, Office of Homeland Security Statistics — Key Homeland Security Metrics, Repatriations",2026-08-23
République dominicaine,Dominican Republic,2021,7,2021-07,2021,220,SRC-056,Domaine public — œuvre du gouvernement fédéral américain (17 U.S.C. § 105),"U.S. Department of Homeland Security, Office of Homeland Security Statistics — Key Homeland Security Metrics, Repatriations",2026-08-23
République dominicaine,Dominican Republic,2021,8,2021-08,2021,150,SRC-056,Domaine public — œuvre du gouvernement fédéral américain (17 U.S.C. § 105),"U.S. Department of Homeland Security, Office of Homeland Security Statistics — Key Homeland Security Metrics, Repatriations",2026-08-23
République dominicaine,Dominican Republic,2021,9,2021-09,2021,160,SRC-056,Domaine public — œuvre du gouvernement fédéral américain (17 U.S.C. § 105),"U.S. Department of Homeland Security, Office of Homeland Security Statistics — Key Homeland Security Metrics, Repatriations",2026-08-23
République dominicaine,Dominican Republic,2021,10,2021-10,2022,170,SRC-056,Domaine public — œuvre du gouvernement fédéral américain (17 U.S.C. § 105),"U.S. Department of Homeland Security, Office of Homeland Security Statistics — Key Homeland Security Metrics, Repatriations",2026-08-23
République dominicaine,Dominican Republic,2021,11,2021-11,2022,230,SRC-056,Domaine public — œuvre du gouvernement fédéral américain (17 U.S.C. § 105),"U.S. Department of Homeland Security, Office of Homeland Security Statistics — Key Homeland Security Metrics, Repatriations",2026-08-23
République dominicaine,Dominican Republic,2021,12,2021-12,2022,170,SRC-056,Domaine public — œuvre du gouvernement fédéral américain (17 U.S.C. § 105),"U.S. Department of Homeland Security, Office of Homeland Security Statistics — Key Homeland Security Metrics, Repatriations",2026-08-23
République dominicaine,Dominican Republic,2022,1,2022-01,2022,180,SRC-056,Domaine public — œuvre du gouvernement fédéral américain (17 U.S.C. § 105),"U.S. Department of Homeland Security, Office of Homeland Security Statistics — Key Homeland Security Metrics, Repatriations",2026-08-23
République dominicaine,Dominican Republic,2022,2,2022-02,2022,190,SRC-056,Domaine public — œuvre du gouvernement fédéral américain (17 U.S.C. § 105),"U.S. Department of Homeland Security, Office of Homeland Security Statistics — Key Homeland Security Metrics, Repatriations",2026-08-23
République dominicaine,Dominican Republic,2022,3,2022-03,2022,190,SRC-056,Domaine public — œuvre du gouvernement fédéral américain (17 U.S.C. § 105),"U.S. Department of Homeland Security, Office of Homeland Security Statistics — Key Homeland Security Metrics, Repatriations",2026-08-23
République dominicaine,Dominican Republic,2022,4,2022-04,2022,270,SRC-056,Domaine public — œuvre du gouvernement fédéral américain (17 U.S.C. § 105),"U.S. Department of Homeland Security, Office of Homeland Security Statistics — Key Homeland Security Metrics, Repatriations",2026-08-23
République dominicaine,Dominican Republic,2022,5,2022-05,2022,180,SRC-056,Domaine public — œuvre du gouvernement fédéral américain (17 U.S.C. § 105),"U.S. Department of Homeland Security, Office of Homeland Security Statistics — Key Homeland Security Metrics, Repatriations",2026-08-23
République dominicaine,Dominican Republic,2022,6,2022-06,2022,260,SRC-056,Domaine public — œuvre du gouvernement fédéral américain (17 U.S.C. § 105),"U.S. Department of Homeland Security, Office of Homeland Security Statistics — Key Homeland Security Metrics, Repatriations",2026-08-23
République dominicaine,Dominican Republic,2022,7,2022-07,2022,180,SRC-056,Domaine public — œuvre du gouvernement fédéral américain (17 U.S.C. § 105),"U.S. Department of Homeland Security, Office of Homeland Security Statistics — Key Homeland Security Metrics, Repatriations",2026-08-23
République dominicaine,Dominican Republic,2022,8,2022-08,2022,240,SRC-056,Domaine public — œuvre du gouvernement fédéral américain (17 U.S.C. § 105),"U.S. Department of Homeland Security, Office of Homeland Security Statistics — Key Homeland Security Metrics, Repatriations",2026-08-23
République dominicaine,Dominican Republic,2022,9,2022-09,2022,290,SRC-056,Domaine public — œuvre du gouvernement fédéral américain (17 U.S.C. § 105),"U.S. Department of Homeland Security, Office of Homeland Security Statistics — Key Homeland Security Metrics, Repatriations",2026-08-23
République dominicaine,Dominican Republic,2022,10,2022-10,2023,300,SRC-056,Domaine public — œuvre du gouvernement fédéral américain (17 U.S.C. § 105),"U.S. Department of Homeland Security, Office of Homeland Security Statistics — Key Homeland Security Metrics, Repatriations",2026-08-23
République dominicaine,Dominican Republic,2022,11,2022-11,2023,300,SRC-056,Domaine public — œuvre du gouvernement fédéral américain (17 U.S.C. § 105),"U.S. Department of Homeland Security, Office of Homeland Security Statistics — Key Homeland Security Metrics, Repatriations",2026-08-23
République dominicaine,Dominican Republic,2022,12,2022-12,2023,280,SRC-056,Domaine public — œuvre du gouvernement fédéral américain (17 U.S.C. § 105),"U.S. Department of Homeland Security, Office of Homeland Security Statistics — Key Homeland Security Metrics, Repatriations",2026-08-23
République dominicaine,Dominican Republic,2023,1,2023-01,2023,240,SRC-056,Domaine public — œuvre du gouvernement fédéral américain (17 U.S.C. § 105),"U.S. Department of Homeland Security, Office of Homeland Security Statistics — Key Homeland Security Metrics, Repatriations",2026-08-23
République dominicaine,Dominican Republic,2023,2,2023-02,2023,400,SRC-056,Domaine public — œuvre du gouvernement fédéral américain (17 U.S.C. § 105),"U.S. Department of Homeland Security, Office of Homeland Security Statistics — Key Homeland Security Metrics, Repatriations",2026-08-23
République dominicaine,Dominican Republic,2023,3,2023-03,2023,570,SRC-056,Domaine public — œuvre du gouvernement fédéral américain (17 U.S.C. § 105),"U.S. Department of Homeland Security, Office of Homeland Security Statistics — Key Homeland Security Metrics, Repatriations",2026-08-23
République dominicaine,Dominican Republic,2023,4,2023-04,2023,1000,SRC-056,Domaine public — œuvre du gouvernement fédéral américain (17 U.S.C. § 105),"U.S. Department of Homeland Security, Office of Homeland Security Statistics — Key Homeland Security Metrics, Repatriations",2026-08-23
République dominicaine,Dominican Republic,2023,5,2023-05,2023,560,SRC-056,Domaine public — œuvre du gouvernement fédéral américain (17 U.S.C. § 105),"U.S. Department of Homeland Security, Office of Homeland Security Statistics — Key Homeland Security Metrics, Repatriations",2026-08-23
République dominicaine,Dominican Republic,2023,6,2023-06,2023,390,SRC-056,Domaine public — œuvre du gouvernement fédéral américain (17 U.S.C. § 105),"U.S. Department of Homeland Security, Office of Homeland Security Statistics — Key Homeland Security Metrics, Repatriations",2026-08-23
République dominicaine,Dominican Republic,2023,7,2023-07,2023,260,SRC-056,Domaine public — œuvre du gouvernement fédéral américain (17 U.S.C. § 105),"U.S. Department of Homeland Security, Office of Homeland Security Statistics — Key Homeland Security Metrics, Repatriations",2026-08-23
République dominicaine,Dominican Republic,2023,8,2023-08,2023,500,SRC-056,Domaine public — œuvre du gouvernement fédéral américain (17 U.S.C. § 105),"U.S. Department of Homeland Security, Office of Homeland Security Statistics — Key Homeland Security Metrics, Repatriations",2026-08-23
République dominicaine,Dominican Republic,2023,9,2023-09,2023,340,SRC-056,Domaine public — œuvre du gouvernement fédéral américain (17 U.S.C. § 105),"U.S. Department of Homeland Security, Office of Homeland Security Statistics — Key Homeland Security Metrics, Repatriations",2026-08-23
République dominicaine,Dominican Republic,2023,10,2023-10,2024,520,SRC-056,Domaine public — œuvre du gouvernement fédéral américain (17 U.S.C. § 105),"U.S. Department of Homeland Security, Office of Homeland Security Statistics — Key Homeland Security Metrics, Repatriations",2026-08-23
République dominicaine,Dominican Republic,2023,11,2023-11,2024,440,SRC-056,Domaine public — œuvre du gouvernement fédéral américain (17 U.S.C. § 105),"U.S. Department of Homeland Security, Office of Homeland Security Statistics — Key Homeland Security Metrics, Repatriations",2026-08-23
République dominicaine,Dominican Republic,2023,12,2023-12,2024,350,SRC-056,Domaine public — œuvre du gouvernement fédéral américain (17 U.S.C. § 105),"U.S. Department of Homeland Security, Office of Homeland Security Statistics — Key Homeland Security Metrics, Repatriations",2026-08-23
République dominicaine,Dominican Republic,2024,1,2024-01,2024,440,SRC-056,Domaine public — œuvre du gouvernement fédéral américain (17 U.S.C. § 105),"U.S. Department of Homeland Security, Office of Homeland Security Statistics — Key Homeland Security Metrics, Repatriations",2026-08-23
République dominicaine,Dominican Republic,2024,2,2024-02,2024,310,SRC-056,Domaine public — œuvre du gouvernement fédéral américain (17 U.S.C. § 105),"U.S. Department of Homeland Security, Office of Homeland Security Statistics — Key Homeland Security Metrics, Repatriations",2026-08-23
République dominicaine,Dominican Republic,2024,3,2024-03,2024,380,SRC-056,Domaine public — œuvre du gouvernement fédéral américain (17 U.S.C. § 105),"U.S. Department of Homeland Security, Office of Homeland Security Statistics — Key Homeland Security Metrics, Repatriations",2026-08-23
République dominicaine,Dominican Republic,2024,4,2024-04,2024,370,SRC-056,Domaine public — œuvre du gouvernement fédéral américain (17 U.S.C. § 105),"U.S. Department of Homeland Security, Office of Homeland Security Statistics — Key Homeland Security Metrics, Repatriations",2026-08-23
République dominicaine,Dominican Republic,2024,5,2024-05,2024,330,SRC-056,Domaine public — œuvre du gouvernement fédéral américain (17 U.S.C. § 105),"U.S. Department of Homeland Security, Office of Homeland Security Statistics — Key Homeland Security Metrics, Repatriations",2026-08-23
République dominicaine,Dominican Republic,2024,6,2024-06,2024,310,SRC-056,Domaine public — œuvre du gouvernement fédéral américain (17 U.S.C. § 105),"U.S. Department of Homeland Security, Office of Homeland Security Statistics — Key Homeland Security Metrics, Repatriations",2026-08-23
République dominicaine,Dominican Republic,2024,7,2024-07,2024,340,SRC-056,Domaine public — œuvre du gouvernement fédéral américain (17 U.S.C. § 105),"U.S. Department of Homeland Security, Office of Homeland Security Statistics — Key Homeland Security Metrics, Repatriations",2026-08-23
République dominicaine,Dominican Republic,2024,8,2024-08,2024,330,SRC-056,Domaine public — œuvre du gouvernement fédéral américain (17 U.S.C. § 105),"U.S. Department of Homeland Security, Office of Homeland Security Statistics — Key Homeland Security Metrics, Repatriations",2026-08-23
République dominicaine,Dominican Republic,2024,9,2024-09,2024,510,SRC-056,Domaine public — œuvre du gouvernement fédéral américain (17 U.S.C. § 105),"U.S. Department of Homeland Security, Office of Homeland Security Statistics — Key Homeland Security Metrics, Repatriations",2026-08-23
République dominicaine,Dominican Republic,2024,10,2024-10,2025,740,SRC-056,Domaine public — œuvre du gouvernement fédéral américain (17 U.S.C. § 105),"U.S. Department of Homeland Security, Office of Homeland Security Statistics — Key Homeland Security Metrics, Repatriations",2026-08-23
République dominicaine,Dominican Republic,2024,11,2024-11,2025,680,SRC-056,Domaine public — œuvre du gouvernement fédéral américain (17 U.S.C. § 105),"U.S. Department of Homeland Security, Office of Homeland Security Statistics — Key Homeland Security Metrics, Repatriations",2026-08-23
