pcode_commune,commune,pct_zone_inondable,noeuds_echantillon,source_id,source,limite_connue
HT0812,Abricots,3.0,981,SRC-035,"CNIGS via HaitiData (haitidata.org), téléchargé le 14/08/2026",Zones inondables cartographiées (méthode source non documentée dans la couche) — PAS un aléa probabiliste par période de retour. Échantillonnage ~330 m : ordre de grandeur.
HT0321,Acul du Nord,16.1,1796,SRC-035,"CNIGS via HaitiData (haitidata.org), téléchargé le 14/08/2026",Zones inondables cartographiées (méthode source non documentée dans la couche) — PAS un aléa probabiliste par période de retour. Échantillonnage ~330 m : ordre de grandeur.
HT0922,Anse-a-Foleur,4.0,675,SRC-035,"CNIGS via HaitiData (haitidata.org), téléchargé le 14/08/2026",Zones inondables cartographiées (méthode source non documentée dans la couche) — PAS un aléa probabiliste par période de retour. Échantillonnage ~330 m : ordre de grandeur.
HT0234,Anse-a-Pitre,0.0,1730,SRC-035,"CNIGS via HaitiData (haitidata.org), téléchargé le 14/08/2026",Zones inondables cartographiées (méthode source non documentée dans la couche) — PAS un aléa probabiliste par période de retour. Échantillonnage ~330 m : ordre de grandeur.
HT1021,Anse-a-Veau,21.5,1020,SRC-035,"CNIGS via HaitiData (haitidata.org), téléchargé le 14/08/2026",Zones inondables cartographiées (méthode source non documentée dans la couche) — PAS un aléa probabiliste par période de retour. Échantillonnage ~330 m : ordre de grandeur.
HT0151,Anse a Galets,1.6,3588,SRC-035,"CNIGS via HaitiData (haitidata.org), téléchargé le 14/08/2026",Zones inondables cartographiées (méthode source non documentée dans la couche) — PAS un aléa probabiliste par période de retour. Échantillonnage ~330 m : ordre de grandeur.
HT0821,Anse d'Hainault,4.2,924,SRC-035,"CNIGS via HaitiData (haitidata.org), téléchargé le 14/08/2026",Zones inondables cartographiées (méthode source non documentée dans la couche) — PAS un aléa probabiliste par période de retour. Échantillonnage ~330 m : ordre de grandeur.
HT0523,Anse Rouge,14.9,4128,SRC-035,"CNIGS via HaitiData (haitidata.org), téléchargé le 14/08/2026",Zones inondables cartographiées (méthode source non documentée dans la couche) — PAS un aléa probabiliste par période de retour. Échantillonnage ~330 m : ordre de grandeur.
HT0731,Aquin,20.9,6051,SRC-035,"CNIGS via HaitiData (haitidata.org), téléchargé le 14/08/2026",Zones inondables cartographiées (méthode source non documentée dans la couche) — PAS un aléa probabiliste par période de retour. Échantillonnage ~330 m : ordre de grandeur.
HT0141,Arcahaie,11.3,3911,SRC-035,"CNIGS via HaitiData (haitidata.org), téléchargé le 14/08/2026",Zones inondables cartographiées (méthode source non documentée dans la couche) — PAS un aléa probabiliste par période de retour. Échantillonnage ~330 m : ordre de grandeur.
HT1024,Arnaud,9.5,706,SRC-035,"CNIGS via HaitiData (haitidata.org), téléchargé le 14/08/2026",Zones inondables cartographiées (méthode source non documentée dans la couche) — PAS un aléa probabiliste par période de retour. Échantillonnage ~330 m : ordre de grandeur.
HT0723,Arniquet,4.5,470,SRC-035,"CNIGS via HaitiData (haitidata.org), téléchargé le 14/08/2026",Zones inondables cartographiées (méthode source non documentée dans la couche) — PAS un aléa probabiliste par période de retour. Échantillonnage ~330 m : ordre de grandeur.
HT0332,Bahon,0.0,753,SRC-035,"CNIGS via HaitiData (haitidata.org), téléchargé le 14/08/2026",Zones inondables cartographiées (méthode source non documentée dans la couche) — PAS un aléa probabiliste par période de retour. Échantillonnage ~330 m : ordre de grandeur.
HT0932,Baie de Henne,3.0,1958,SRC-035,"CNIGS via HaitiData (haitidata.org), téléchargé le 14/08/2026",Zones inondables cartographiées (méthode source non documentée dans la couche) — PAS un aléa probabiliste par période de retour. Échantillonnage ~330 m : ordre de grandeur.
HT0221,Bainet,1.9,2848,SRC-035,"CNIGS via HaitiData (haitidata.org), téléchargé le 14/08/2026",Zones inondables cartographiées (méthode source non documentée dans la couche) — PAS un aléa probabiliste par période de retour. Échantillonnage ~330 m : ordre de grandeur.
HT1031,Baraderes,8.4,1766,SRC-035,"CNIGS via HaitiData (haitidata.org), téléchargé le 14/08/2026",Zones inondables cartographiées (méthode source non documentée dans la couche) — PAS un aléa probabiliste par période de retour. Échantillonnage ~330 m : ordre de grandeur.
HT0362,Bas Limbe,55.7,506,SRC-035,"CNIGS via HaitiData (haitidata.org), téléchargé le 14/08/2026",Zones inondables cartographiées (méthode source non documentée dans la couche) — PAS un aléa probabiliste par période de retour. Échantillonnage ~330 m : ordre de grandeur.
HT0913,Bassin Bleu,5.0,2039,SRC-035,"CNIGS via HaitiData (haitidata.org), téléchargé le 14/08/2026",Zones inondables cartographiées (méthode source non documentée dans la couche) — PAS un aléa probabiliste par période de retour. Échantillonnage ~330 m : ordre de grandeur.
HT0833,Beaumont,0.0,1597,SRC-035,"CNIGS via HaitiData (haitidata.org), téléchargé le 14/08/2026",Zones inondables cartographiées (méthode source non documentée dans la couche) — PAS un aléa probabiliste par période de retour. Échantillonnage ~330 m : ordre de grandeur.
HT0632,Belladere,0.0,2863,SRC-035,"CNIGS via HaitiData (haitidata.org), téléchargé le 14/08/2026",Zones inondables cartographiées (méthode source non documentée dans la couche) — PAS un aléa probabiliste par période de retour. Échantillonnage ~330 m : ordre de grandeur.
HT0231,Belle Anse,2.5,3637,SRC-035,"CNIGS via HaitiData (haitidata.org), téléchargé le 14/08/2026",Zones inondables cartographiées (méthode source non documentée dans la couche) — PAS un aléa probabiliste par période de retour. Échantillonnage ~330 m : ordre de grandeur.
HT0933,Bombardopolis,0.0,1784,SRC-035,"CNIGS via HaitiData (haitidata.org), téléchargé le 14/08/2026",Zones inondables cartographiées (méthode source non documentée dans la couche) — PAS un aléa probabiliste par période de retour. Échantillonnage ~330 m : ordre de grandeur.
HT0813,Bonbon,6.4,326,SRC-035,"CNIGS via HaitiData (haitidata.org), téléchargé le 14/08/2026",Zones inondables cartographiées (méthode source non documentée dans la couche) — PAS un aléa probabiliste par période de retour. Échantillonnage ~330 m : ordre de grandeur.
HT0351,Borgne,2.0,1735,SRC-035,"CNIGS via HaitiData (haitidata.org), téléchargé le 14/08/2026",Zones inondables cartographiées (méthode source non documentée dans la couche) — PAS un aléa probabiliste par période de retour. Échantillonnage ~330 m : ordre de grandeur.
HT0623,Boucan Carre,4.3,3388,SRC-035,"CNIGS via HaitiData (haitidata.org), téléchargé le 14/08/2026",Zones inondables cartographiées (méthode source non documentée dans la couche) — PAS un aléa probabiliste par période de retour. Échantillonnage ~330 m : ordre de grandeur.
HT0142,Cabaret,10.7,1942,SRC-035,"CNIGS via HaitiData (haitidata.org), téléchargé le 14/08/2026",Zones inondables cartographiées (méthode source non documentée dans la couche) — PAS un aléa probabiliste par période de retour. Échantillonnage ~330 m : ordre de grandeur.
HT0714,Camp-Perrin,15.2,1201,SRC-035,"CNIGS via HaitiData (haitidata.org), téléchargé le 14/08/2026",Zones inondables cartographiées (méthode source non documentée dans la couche) — PAS un aléa probabiliste par période de retour. Échantillonnage ~330 m : ordre de grandeur.
HT0311,Cap-Haitien,34.9,521,SRC-035,"CNIGS via HaitiData (haitidata.org), téléchargé le 14/08/2026",Zones inondables cartographiées (méthode source non documentée dans la couche) — PAS un aléa probabiliste par période de retour. Échantillonnage ~330 m : ordre de grandeur.
HT0422,Capotille,3.3,581,SRC-035,"CNIGS via HaitiData (haitidata.org), téléchargé le 14/08/2026",Zones inondables cartographiées (méthode source non documentée dans la couche) — PAS un aléa probabiliste par période de retour. Échantillonnage ~330 m : ordre de grandeur.
HT0434,Caracol,95.8,714,SRC-035,"CNIGS via HaitiData (haitidata.org), téléchargé le 14/08/2026",Zones inondables cartographiées (méthode source non documentée dans la couche) — PAS un aléa probabiliste par période de retour. Échantillonnage ~330 m : ordre de grandeur.
HT0442,Carice,13.6,537,SRC-035,"CNIGS via HaitiData (haitidata.org), téléchargé le 14/08/2026",Zones inondables cartographiées (méthode source non documentée dans la couche) — PAS un aléa probabiliste par période de retour. Échantillonnage ~330 m : ordre de grandeur.
HT0113,Carrefour,3.3,1553,SRC-035,"CNIGS via HaitiData (haitidata.org), téléchargé le 14/08/2026",Zones inondables cartographiées (méthode source non documentée dans la couche) — PAS un aléa probabiliste par période de retour. Échantillonnage ~330 m : ordre de grandeur.
HT0733,Cavaillon,17.0,2172,SRC-035,"CNIGS via HaitiData (haitidata.org), téléchargé le 14/08/2026",Zones inondables cartographiées (méthode source non documentée dans la couche) — PAS un aléa probabiliste par période de retour. Échantillonnage ~330 m : ordre de grandeur.
HT0213,Cayes-Jacmel,6.1,766,SRC-035,"CNIGS via HaitiData (haitidata.org), téléchargé le 14/08/2026",Zones inondables cartographiées (méthode source non documentée dans la couche) — PAS un aléa probabiliste par période de retour. Échantillonnage ~330 m : ordre de grandeur.
HT0614,Cerca Carvajal,0.3,1488,SRC-035,"CNIGS via HaitiData (haitidata.org), téléchargé le 14/08/2026",Zones inondables cartographiées (méthode source non documentée dans la couche) — PAS un aléa probabiliste par période de retour. Échantillonnage ~330 m : ordre de grandeur.
HT0641,Cerca La Source,5.9,3450,SRC-035,"CNIGS via HaitiData (haitidata.org), téléchargé le 14/08/2026",Zones inondables cartographiées (méthode source non documentée dans la couche) — PAS un aléa probabiliste par période de retour. Échantillonnage ~330 m : ordre de grandeur.
HT0815,Chambellan,5.0,699,SRC-035,"CNIGS via HaitiData (haitidata.org), téléchargé le 14/08/2026",Zones inondables cartographiées (méthode source non documentée dans la couche) — PAS un aléa probabiliste par période de retour. Échantillonnage ~330 m : ordre de grandeur.
HT0914,Chamsolme,9.1,516,SRC-035,"CNIGS via HaitiData (haitidata.org), téléchargé le 14/08/2026",Zones inondables cartographiées (méthode source non documentée dans la couche) — PAS un aléa probabiliste par période de retour. Échantillonnage ~330 m : ordre de grandeur.
HT0713,Chantal,8.9,1432,SRC-035,"CNIGS via HaitiData (haitidata.org), téléchargé le 14/08/2026",Zones inondables cartographiées (méthode source non documentée dans la couche) — PAS un aléa probabiliste par période de retour. Échantillonnage ~330 m : ordre de grandeur.
HT0751,Chardonnieres,4.7,1094,SRC-035,"CNIGS via HaitiData (haitidata.org), téléchargé le 14/08/2026",Zones inondables cartographiées (méthode source non documentée dans la couche) — PAS un aléa probabiliste par période de retour. Échantillonnage ~330 m : ordre de grandeur.
HT0117,Cite Soleil,95.6,204,SRC-035,"CNIGS via HaitiData (haitidata.org), téléchargé le 14/08/2026",Zones inondables cartographiées (méthode source non documentée dans la couche) — PAS un aléa probabiliste par période de retour. Échantillonnage ~330 m : ordre de grandeur.
HT0831,Corail,4.4,1022,SRC-035,"CNIGS via HaitiData (haitidata.org), téléchargé le 14/08/2026",Zones inondables cartographiées (méthode source non documentée dans la couche) — PAS un aléa probabiliste par période de retour. Échantillonnage ~330 m : ordre de grandeur.
HT0134,Cornillon / Grand Bois,0.0,2138,SRC-035,"CNIGS via HaitiData (haitidata.org), téléchargé le 14/08/2026",Zones inondables cartographiées (méthode source non documentée dans la couche) — PAS un aléa probabiliste par période de retour. Échantillonnage ~330 m : ordre de grandeur.
HT0741,Coteaux,8.6,674,SRC-035,"CNIGS via HaitiData (haitidata.org), téléchargé le 14/08/2026",Zones inondables cartographiées (méthode source non documentée dans la couche) — PAS un aléa probabiliste par période de retour. Échantillonnage ~330 m : ordre de grandeur.
HT0222,Cotes de Fer,2.6,1660,SRC-035,"CNIGS via HaitiData (haitidata.org), téléchargé le 14/08/2026",Zones inondables cartographiées (méthode source non documentée dans la couche) — PAS un aléa probabiliste par période de retour. Échantillonnage ~330 m : ordre de grandeur.
HT0131,Croix-Des-Bouquets,28.0,6119,SRC-035,"CNIGS via HaitiData (haitidata.org), téléchargé le 14/08/2026",Zones inondables cartographiées (méthode source non documentée dans la couche) — PAS un aléa probabiliste par période de retour. Échantillonnage ~330 m : ordre de grandeur.
HT0822,Dame Marie,11.9,958,SRC-035,"CNIGS via HaitiData (haitidata.org), téléchargé le 14/08/2026",Zones inondables cartographiées (méthode source non documentée dans la couche) — PAS un aléa probabiliste par période de retour. Échantillonnage ~330 m : ordre de grandeur.
HT0112,Delmas,8.0,249,SRC-035,"CNIGS via HaitiData (haitidata.org), téléchargé le 14/08/2026",Zones inondables cartographiées (méthode source non documentée dans la couche) — PAS un aléa probabiliste par période de retour. Échantillonnage ~330 m : ordre de grandeur.
HT0544,Desdunes,59.7,960,SRC-035,"CNIGS via HaitiData (haitidata.org), téléchargé le 14/08/2026",Zones inondables cartographiées (méthode source non documentée dans la couche) — PAS un aléa probabiliste par période de retour. Échantillonnage ~330 m : ordre de grandeur.
HT0541,Dessalines,37.4,4473,SRC-035,"CNIGS via HaitiData (haitidata.org), téléchargé le 14/08/2026",Zones inondables cartographiées (méthode source non documentée dans la couche) — PAS un aléa probabiliste par période de retour. Échantillonnage ~330 m : ordre de grandeur.
HT0342,Dondon,9.6,1147,SRC-035,"CNIGS via HaitiData (haitidata.org), téléchargé le 14/08/2026",Zones inondables cartographiées (méthode source non documentée dans la couche) — PAS un aléa probabiliste par période de retour. Échantillonnage ~330 m : ordre de grandeur.
HT0512,Ennery,2.1,2026,SRC-035,"CNIGS via HaitiData (haitidata.org), téléchargé le 14/08/2026",Zones inondables cartographiées (méthode source non documentée dans la couche) — PAS un aléa probabiliste par période de retour. Échantillonnage ~330 m : ordre de grandeur.
HT0412,Ferrier,99.1,652,SRC-035,"CNIGS via HaitiData (haitidata.org), téléchargé le 14/08/2026",Zones inondables cartographiées (méthode source non documentée dans la couche) — PAS un aléa probabiliste par période de retour. Échantillonnage ~330 m : ordre de grandeur.
HT0135,Fonds-Verrettes,0.7,2728,SRC-035,"CNIGS via HaitiData (haitidata.org), téléchargé le 14/08/2026",Zones inondables cartographiées (méthode source non documentée dans la couche) — PAS un aléa probabiliste par période de retour. Échantillonnage ~330 m : ordre de grandeur.
HT1013,Fonds des Negres,2.1,816,SRC-035,"CNIGS via HaitiData (haitidata.org), téléchargé le 14/08/2026",Zones inondables cartographiées (méthode source non documentée dans la couche) — PAS un aléa probabiliste par période de retour. Échantillonnage ~330 m : ordre de grandeur.
HT0411,Fort-Liberte,41.7,2276,SRC-035,"CNIGS via HaitiData (haitidata.org), téléchargé le 14/08/2026",Zones inondables cartographiées (méthode source non documentée dans la couche) — PAS un aléa probabiliste par période de retour. Échantillonnage ~330 m : ordre de grandeur.
HT0133,Ganthier,20.1,4664,SRC-035,"CNIGS via HaitiData (haitidata.org), téléchargé le 14/08/2026",Zones inondables cartographiées (méthode source non documentée dans la couche) — PAS un aléa probabiliste par période de retour. Échantillonnage ~330 m : ordre de grandeur.
HT0511,Gonaives,20.0,5432,SRC-035,"CNIGS via HaitiData (haitidata.org), téléchargé le 14/08/2026",Zones inondables cartographiées (méthode source non documentée dans la couche) — PAS un aléa probabiliste par période de retour. Échantillonnage ~330 m : ordre de grandeur.
HT1032,Grand-Boucan,5.2,422,SRC-035,"CNIGS via HaitiData (haitidata.org), téléchargé le 14/08/2026",Zones inondables cartographiées (méthode source non documentée dans la couche) — PAS un aléa probabiliste par période de retour. Échantillonnage ~330 m : ordre de grandeur.
HT0123,Grand-Goave,3.6,2340,SRC-035,"CNIGS via HaitiData (haitidata.org), téléchargé le 14/08/2026",Zones inondables cartographiées (méthode source non documentée dans la couche) — PAS un aléa probabiliste par période de retour. Échantillonnage ~330 m : ordre de grandeur.
HT0232,Grand Gosier,3.7,756,SRC-035,"CNIGS via HaitiData (haitidata.org), téléchargé le 14/08/2026",Zones inondables cartographiées (méthode source non documentée dans la couche) — PAS un aléa probabiliste par période de retour. Échantillonnage ~330 m : ordre de grandeur.
HT0331,Grande Riviere Du Nord,5.0,1207,SRC-035,"CNIGS via HaitiData (haitidata.org), téléchargé le 14/08/2026",Zones inondables cartographiées (méthode source non documentée dans la couche) — PAS un aléa probabiliste par période de retour. Échantillonnage ~330 m : ordre de grandeur.
HT0543,Grande Saline,91.8,486,SRC-035,"CNIGS via HaitiData (haitidata.org), téléchargé le 14/08/2026",Zones inondables cartographiées (méthode source non documentée dans la couche) — PAS un aléa probabiliste par période de retour. Échantillonnage ~330 m : ordre de grandeur.
HT0116,Gressier,8.6,849,SRC-035,"CNIGS via HaitiData (haitidata.org), téléchargé le 14/08/2026",Zones inondables cartographiées (méthode source non documentée dans la couche) — PAS un aléa probabiliste par période de retour. Échantillonnage ~330 m : ordre de grandeur.
HT0521,Gros Morne,5.9,3807,SRC-035,"CNIGS via HaitiData (haitidata.org), téléchargé le 14/08/2026",Zones inondables cartographiées (méthode source non documentée dans la couche) — PAS un aléa probabiliste par période de retour. Échantillonnage ~330 m : ordre de grandeur.
HT0611,Hinche,10.1,5559,SRC-035,"CNIGS via HaitiData (haitidata.org), téléchargé le 14/08/2026",Zones inondables cartographiées (méthode source non documentée dans la couche) — PAS un aléa probabiliste par période de retour. Échantillonnage ~330 m : ordre de grandeur.
HT0716,Ile a Vache,53.4,438,SRC-035,"CNIGS via HaitiData (haitidata.org), téléchargé le 14/08/2026",Zones inondables cartographiées (méthode source non documentée dans la couche) — PAS un aléa probabiliste par période de retour. Échantillonnage ~330 m : ordre de grandeur.
HT0211,Jacmel,7.8,4196,SRC-035,"CNIGS via HaitiData (haitidata.org), téléchargé le 14/08/2026",Zones inondables cartographiées (méthode source non documentée dans la couche) — PAS un aléa probabiliste par période de retour. Échantillonnage ~330 m : ordre de grandeur.
HT0934,Jean Rabel,9.3,4626,SRC-035,"CNIGS via HaitiData (haitidata.org), téléchargé le 14/08/2026",Zones inondables cartographiées (méthode source non documentée dans la couche) — PAS un aléa probabiliste par période de retour. Échantillonnage ~330 m : ordre de grandeur.
HT0811,Jeremie,4.9,3979,SRC-035,"CNIGS via HaitiData (haitidata.org), téléchargé le 14/08/2026",Zones inondables cartographiées (méthode source non documentée dans la couche) — PAS un aléa probabiliste par période de retour. Échantillonnage ~330 m : ordre de grandeur.
HT0115,Kenscoff,0.0,1939,SRC-035,"CNIGS via HaitiData (haitidata.org), téléchargé le 14/08/2026",Zones inondables cartographiées (méthode source non documentée dans la couche) — PAS un aléa probabiliste par période de retour. Échantillonnage ~330 m : ordre de grandeur.
HT1023,L'Asile,3.5,1487,SRC-035,"CNIGS via HaitiData (haitidata.org), téléchargé le 14/08/2026",Zones inondables cartographiées (méthode source non documentée dans la couche) — PAS un aléa probabiliste par période de retour. Échantillonnage ~330 m : ordre de grandeur.
HT0513,L'Estere,50.3,1658,SRC-035,"CNIGS via HaitiData (haitidata.org), téléchargé le 14/08/2026",Zones inondables cartographiées (méthode source non documentée dans la couche) — PAS un aléa probabiliste par période de retour. Échantillonnage ~330 m : ordre de grandeur.
HT0533,La Chapelle,4.0,1395,SRC-035,"CNIGS via HaitiData (haitidata.org), téléchargé le 14/08/2026",Zones inondables cartographiées (méthode source non documentée dans la couche) — PAS un aléa probabiliste par période de retour. Échantillonnage ~330 m : ordre de grandeur.
HT0912,La Tortue,0.9,1722,SRC-035,"CNIGS via HaitiData (haitidata.org), téléchargé le 14/08/2026",Zones inondables cartographiées (méthode source non documentée dans la couche) — PAS un aléa probabiliste par période de retour. Échantillonnage ~330 m : ordre de grandeur.
HT0214,La Vallee,0.0,809,SRC-035,"CNIGS via HaitiData (haitidata.org), téléchargé le 14/08/2026",Zones inondables cartographiées (méthode source non documentée dans la couche) — PAS un aléa probabiliste par période de retour. Échantillonnage ~330 m : ordre de grandeur.
HT0345,La Victoire,5.5,292,SRC-035,"CNIGS via HaitiData (haitidata.org), téléchargé le 14/08/2026",Zones inondables cartographiées (méthode source non documentée dans la couche) — PAS un aléa probabiliste par période de retour. Échantillonnage ~330 m : ordre de grandeur.
HT0631,Lascahobas,1.1,1399,SRC-035,"CNIGS via HaitiData (haitidata.org), téléchargé le 14/08/2026",Zones inondables cartographiées (méthode source non documentée dans la couche) — PAS un aléa probabiliste par période de retour. Échantillonnage ~330 m : ordre de grandeur.
HT0121,Leogane,27.7,3615,SRC-035,"CNIGS via HaitiData (haitidata.org), téléchargé le 14/08/2026",Zones inondables cartographiées (méthode source non documentée dans la couche) — PAS un aléa probabiliste par période de retour. Échantillonnage ~330 m : ordre de grandeur.
HT0752,Les Anglais,7.7,1136,SRC-035,"CNIGS via HaitiData (haitidata.org), téléchargé le 14/08/2026",Zones inondables cartographiées (méthode source non documentée dans la couche) — PAS un aléa probabiliste par période de retour. Échantillonnage ~330 m : ordre de grandeur.
HT0711,Les Cayes,53.3,2067,SRC-035,"CNIGS via HaitiData (haitidata.org), téléchargé le 14/08/2026",Zones inondables cartographiées (méthode source non documentée dans la couche) — PAS un aléa probabiliste par période de retour. Échantillonnage ~330 m : ordre de grandeur.
HT0823,Les Irois,3.6,1192,SRC-035,"CNIGS via HaitiData (haitidata.org), téléchargé le 14/08/2026",Zones inondables cartographiées (méthode source non documentée dans la couche) — PAS un aléa probabiliste par période de retour. Échantillonnage ~330 m : ordre de grandeur.
HT0361,Limbe,9.2,1144,SRC-035,"CNIGS via HaitiData (haitidata.org), téléchargé le 14/08/2026",Zones inondables cartographiées (méthode source non documentée dans la couche) — PAS un aléa probabiliste par période de retour. Échantillonnage ~330 m : ordre de grandeur.
HT0313,Limonade,57.2,1255,SRC-035,"CNIGS via HaitiData (haitidata.org), téléchargé le 14/08/2026",Zones inondables cartographiées (méthode source non documentée dans la couche) — PAS un aléa probabiliste par période de retour. Échantillonnage ~330 m : ordre de grandeur.
HT0612,Maissade,19.1,2818,SRC-035,"CNIGS via HaitiData (haitidata.org), téléchargé le 14/08/2026",Zones inondables cartographiées (méthode source non documentée dans la couche) — PAS un aléa probabiliste par période de retour. Échantillonnage ~330 m : ordre de grandeur.
HT0715,Maniche,3.6,1244,SRC-035,"CNIGS via HaitiData (haitidata.org), téléchargé le 14/08/2026",Zones inondables cartographiées (méthode source non documentée dans la couche) — PAS un aléa probabiliste par période de retour. Échantillonnage ~330 m : ordre de grandeur.
HT0212,Marigot,3.6,1798,SRC-035,"CNIGS via HaitiData (haitidata.org), téléchargé le 14/08/2026",Zones inondables cartographiées (méthode source non documentée dans la couche) — PAS un aléa probabiliste par période de retour. Échantillonnage ~330 m : ordre de grandeur.
HT0552,Marmelade,0.0,1078,SRC-035,"CNIGS via HaitiData (haitidata.org), téléchargé le 14/08/2026",Zones inondables cartographiées (méthode source non documentée dans la couche) — PAS un aléa probabiliste par période de retour. Échantillonnage ~330 m : ordre de grandeur.
HT0323,Milot,64.4,671,SRC-035,"CNIGS via HaitiData (haitidata.org), téléchargé le 14/08/2026",Zones inondables cartographiées (méthode source non documentée dans la couche) — PAS un aléa probabiliste par période de retour. Échantillonnage ~330 m : ordre de grandeur.
HT1011,Miragoane,5.6,1614,SRC-035,"CNIGS via HaitiData (haitidata.org), téléchargé le 14/08/2026",Zones inondables cartographiées (méthode source non documentée dans la couche) — PAS un aléa probabiliste par période de retour. Échantillonnage ~330 m : ordre de grandeur.
HT0621,Mirebalais,13.3,3102,SRC-035,"CNIGS via HaitiData (haitidata.org), téléchargé le 14/08/2026",Zones inondables cartographiées (méthode source non documentée dans la couche) — PAS un aléa probabiliste par période de retour. Échantillonnage ~330 m : ordre de grandeur.
HT0931,Mole Saint Nicolas,0.8,2217,SRC-035,"CNIGS via HaitiData (haitidata.org), téléchargé le 14/08/2026",Zones inondables cartographiées (méthode source non documentée dans la couche) — PAS un aléa probabiliste par période de retour. Échantillonnage ~330 m : ordre de grandeur.
HT0443,Mombin Crochu,0.0,1914,SRC-035,"CNIGS via HaitiData (haitidata.org), téléchargé le 14/08/2026",Zones inondables cartographiées (méthode source non documentée dans la couche) — PAS un aléa probabiliste par période de retour. Échantillonnage ~330 m : ordre de grandeur.
HT0423,Mont-Organise,4.2,978,SRC-035,"CNIGS via HaitiData (haitidata.org), téléchargé le 14/08/2026",Zones inondables cartographiées (méthode source non documentée dans la couche) — PAS un aléa probabiliste par période de retour. Échantillonnage ~330 m : ordre de grandeur.
HT0814,Moron,2.2,1714,SRC-035,"CNIGS via HaitiData (haitidata.org), téléchargé le 14/08/2026",Zones inondables cartographiées (méthode source non documentée dans la couche) — PAS un aléa probabiliste par période de retour. Échantillonnage ~330 m : ordre de grandeur.
HT0421,Ouanaminthe,28.5,1940,SRC-035,"CNIGS via HaitiData (haitidata.org), téléchargé le 14/08/2026",Zones inondables cartographiées (méthode source non documentée dans la couche) — PAS un aléa probabiliste par période de retour. Échantillonnage ~330 m : ordre de grandeur.
HT1014,Paillant,0.0,621,SRC-035,"CNIGS via HaitiData (haitidata.org), téléchargé le 14/08/2026",Zones inondables cartographiées (méthode source non documentée dans la couche) — PAS un aléa probabiliste par période de retour. Échantillonnage ~330 m : ordre de grandeur.
HT0413,Perches,12.5,391,SRC-035,"CNIGS via HaitiData (haitidata.org), téléchargé le 14/08/2026",Zones inondables cartographiées (méthode source non documentée dans la couche) — PAS un aléa probabiliste par période de retour. Échantillonnage ~330 m : ordre de grandeur.
HT0834,Pestel,1.7,2774,SRC-035,"CNIGS via HaitiData (haitidata.org), téléchargé le 14/08/2026",Zones inondables cartographiées (méthode source non documentée dans la couche) — PAS un aléa probabiliste par période de retour. Échantillonnage ~330 m : ordre de grandeur.
HT0114,Petion-Ville,3.7,1499,SRC-035,"CNIGS via HaitiData (haitidata.org), téléchargé le 14/08/2026",Zones inondables cartographiées (méthode source non documentée dans la couche) — PAS un aléa probabiliste par période de retour. Échantillonnage ~330 m : ordre de grandeur.
HT0122,Petit-Goave,5.8,3609,SRC-035,"CNIGS via HaitiData (haitidata.org), téléchargé le 14/08/2026",Zones inondables cartographiées (méthode source non documentée dans la couche) — PAS un aléa probabiliste par période de retour. Échantillonnage ~330 m : ordre de grandeur.
HT1022,Petit Trou de Nippes,19.4,1465,SRC-035,"CNIGS via HaitiData (haitidata.org), téléchargé le 14/08/2026",Zones inondables cartographiées (méthode source non documentée dans la couche) — PAS un aléa probabiliste par période de retour. Échantillonnage ~330 m : ordre de grandeur.
HT0542,Petite Riviere de l'Artibonite,21.1,4843,SRC-035,"CNIGS via HaitiData (haitidata.org), téléchargé le 14/08/2026",Zones inondables cartographiées (méthode source non documentée dans la couche) — PAS un aléa probabiliste par période de retour. Échantillonnage ~330 m : ordre de grandeur.
HT1012,Petite Riviere de Nippes,12.6,857,SRC-035,"CNIGS via HaitiData (haitidata.org), téléchargé le 14/08/2026",Zones inondables cartographiées (méthode source non documentée dans la couche) — PAS un aléa probabiliste par période de retour. Échantillonnage ~330 m : ordre de grandeur.
HT0344,Pignon,37.2,1375,SRC-035,"CNIGS via HaitiData (haitidata.org), téléchargé le 14/08/2026",Zones inondables cartographiées (méthode source non documentée dans la couche) — PAS un aléa probabiliste par période de retour. Échantillonnage ~330 m : ordre de grandeur.
HT0372,Pilate,5.4,1299,SRC-035,"CNIGS via HaitiData (haitidata.org), téléchargé le 14/08/2026",Zones inondables cartographiées (méthode source non documentée dans la couche) — PAS un aléa probabiliste par période de retour. Échantillonnage ~330 m : ordre de grandeur.
HT0322,Plaine du Nord,55.8,963,SRC-035,"CNIGS via HaitiData (haitidata.org), téléchargé le 14/08/2026",Zones inondables cartographiées (méthode source non documentée dans la couche) — PAS un aléa probabiliste par période de retour. Échantillonnage ~330 m : ordre de grandeur.
HT0371,Plaisance,5.8,1164,SRC-035,"CNIGS via HaitiData (haitidata.org), téléchargé le 14/08/2026",Zones inondables cartographiées (méthode source non documentée dans la couche) — PAS un aléa probabiliste par période de retour. Échantillonnage ~330 m : ordre de grandeur.
HT1025,Plaisance du Sud,5.4,867,SRC-035,"CNIGS via HaitiData (haitidata.org), téléchargé le 14/08/2026",Zones inondables cartographiées (méthode source non documentée dans la couche) — PAS un aléa probabiliste par période de retour. Échantillonnage ~330 m : ordre de grandeur.
HT0152,Pointe a Raquette,4.0,3003,SRC-035,"CNIGS via HaitiData (haitidata.org), téléchargé le 14/08/2026",Zones inondables cartographiées (méthode source non documentée dans la couche) — PAS un aléa probabiliste par période de retour. Échantillonnage ~330 m : ordre de grandeur.
HT0742,Port-a-Piment,5.3,544,SRC-035,"CNIGS via HaitiData (haitidata.org), téléchargé le 14/08/2026",Zones inondables cartographiées (méthode source non documentée dans la couche) — PAS un aléa probabiliste par période de retour. Échantillonnage ~330 m : ordre de grandeur.
HT0111,Port-au-Prince,12.3,324,SRC-035,"CNIGS via HaitiData (haitidata.org), téléchargé le 14/08/2026",Zones inondables cartographiées (méthode source non documentée dans la couche) — PAS un aléa probabiliste par période de retour. Échantillonnage ~330 m : ordre de grandeur.
HT0911,Port-de-Paix,10.0,3427,SRC-035,"CNIGS via HaitiData (haitidata.org), téléchargé le 14/08/2026",Zones inondables cartographiées (méthode source non documentée dans la couche) — PAS un aléa probabiliste par période de retour. Échantillonnage ~330 m : ordre de grandeur.
HT0352,Port-Margot,17.8,1189,SRC-035,"CNIGS via HaitiData (haitidata.org), téléchargé le 14/08/2026",Zones inondables cartographiées (méthode source non documentée dans la couche) — PAS un aléa probabiliste par période de retour. Échantillonnage ~330 m : ordre de grandeur.
HT0721,Port-Salut,10.9,552,SRC-035,"CNIGS via HaitiData (haitidata.org), téléchargé le 14/08/2026",Zones inondables cartographiées (méthode source non documentée dans la couche) — PAS un aléa probabiliste par période de retour. Échantillonnage ~330 m : ordre de grandeur.
HT0312,Quartier Morin,90.0,572,SRC-035,"CNIGS via HaitiData (haitidata.org), téléchargé le 14/08/2026",Zones inondables cartographiées (méthode source non documentée dans la couche) — PAS un aléa probabiliste par période de retour. Échantillonnage ~330 m : ordre de grandeur.
HT0343,Ranquitte,0.0,769,SRC-035,"CNIGS via HaitiData (haitidata.org), téléchargé le 14/08/2026",Zones inondables cartographiées (méthode source non documentée dans la couche) — PAS un aléa probabiliste par période de retour. Échantillonnage ~330 m : ordre de grandeur.
HT0743,Roche a Bateau,5.1,467,SRC-035,"CNIGS via HaitiData (haitidata.org), téléchargé le 14/08/2026",Zones inondables cartographiées (méthode source non documentée dans la couche) — PAS un aléa probabiliste par période de retour. Échantillonnage ~330 m : ordre de grandeur.
HT0832,Roseaux,3.9,2031,SRC-035,"CNIGS via HaitiData (haitidata.org), téléchargé le 14/08/2026",Zones inondables cartographiées (méthode source non documentée dans la couche) — PAS un aléa probabiliste par période de retour. Échantillonnage ~330 m : ordre de grandeur.
HT0921,Saint-Louis du Nord,5.3,1095,SRC-035,"CNIGS via HaitiData (haitidata.org), téléchargé le 14/08/2026",Zones inondables cartographiées (méthode source non documentée dans la couche) — PAS un aléa probabiliste par période de retour. Échantillonnage ~330 m : ordre de grandeur.
HT0531,Saint-Marc,24.1,5313,SRC-035,"CNIGS via HaitiData (haitidata.org), téléchargé le 14/08/2026",Zones inondables cartographiées (méthode source non documentée dans la couche) — PAS un aléa probabiliste par période de retour. Échantillonnage ~330 m : ordre de grandeur.
HT0551,Saint-Michel de l'Attalaye,25.9,5769,SRC-035,"CNIGS via HaitiData (haitidata.org), téléchargé le 14/08/2026",Zones inondables cartographiées (méthode source non documentée dans la couche) — PAS un aléa probabiliste par période de retour. Échantillonnage ~330 m : ordre de grandeur.
HT0341,Saint-Raphael,50.9,1751,SRC-035,"CNIGS via HaitiData (haitidata.org), téléchargé le 14/08/2026",Zones inondables cartographiées (méthode source non documentée dans la couche) — PAS un aléa probabiliste par période de retour. Échantillonnage ~330 m : ordre de grandeur.
HT0722,Saint Jean du Sud,14.2,653,SRC-035,"CNIGS via HaitiData (haitidata.org), téléchargé le 14/08/2026",Zones inondables cartographiées (méthode source non documentée dans la couche) — PAS un aléa probabiliste par période de retour. Échantillonnage ~330 m : ordre de grandeur.
HT0732,Saint Louis du Sud,10.4,1737,SRC-035,"CNIGS via HaitiData (haitidata.org), téléchargé le 14/08/2026",Zones inondables cartographiées (méthode source non documentée dans la couche) — PAS un aléa probabiliste par période de retour. Échantillonnage ~330 m : ordre de grandeur.
HT0432,Sainte Suzanne,0.0,1226,SRC-035,"CNIGS via HaitiData (haitidata.org), téléchargé le 14/08/2026",Zones inondables cartographiées (méthode source non documentée dans la couche) — PAS un aléa probabiliste par période de retour. Échantillonnage ~330 m : ordre de grandeur.
HT0622,Saut d'Eau,5.6,1629,SRC-035,"CNIGS via HaitiData (haitidata.org), téléchargé le 14/08/2026",Zones inondables cartographiées (méthode source non documentée dans la couche) — PAS un aléa probabiliste par période de retour. Échantillonnage ~330 m : ordre de grandeur.
HT0633,Savanette,0.6,1588,SRC-035,"CNIGS via HaitiData (haitidata.org), téléchargé le 14/08/2026",Zones inondables cartographiées (méthode source non documentée dans la couche) — PAS un aléa probabiliste par période de retour. Échantillonnage ~330 m : ordre de grandeur.
HT0118,Tabarre,94.2,274,SRC-035,"CNIGS via HaitiData (haitidata.org), téléchargé le 14/08/2026",Zones inondables cartographiées (méthode source non documentée dans la couche) — PAS un aléa probabiliste par période de retour. Échantillonnage ~330 m : ordre de grandeur.
HT0522,Terre Neuve,0.0,1737,SRC-035,"CNIGS via HaitiData (haitidata.org), téléchargé le 14/08/2026",Zones inondables cartographiées (méthode source non documentée dans la couche) — PAS un aléa probabiliste par période de retour. Échantillonnage ~330 m : ordre de grandeur.
HT0433,Terrier Rouge,70.7,1625,SRC-035,"CNIGS via HaitiData (haitidata.org), téléchargé le 14/08/2026",Zones inondables cartographiées (méthode source non documentée dans la couche) — PAS un aléa probabiliste par période de retour. Échantillonnage ~330 m : ordre de grandeur.
HT0233,Thiotte,0.0,1153,SRC-035,"CNIGS via HaitiData (haitidata.org), téléchargé le 14/08/2026",Zones inondables cartographiées (méthode source non documentée dans la couche) — PAS un aléa probabiliste par période de retour. Échantillonnage ~330 m : ordre de grandeur.
HT0642,Thomassique,1.0,2265,SRC-035,"CNIGS via HaitiData (haitidata.org), téléchargé le 14/08/2026",Zones inondables cartographiées (méthode source non documentée dans la couche) — PAS un aléa probabiliste par période de retour. Échantillonnage ~330 m : ordre de grandeur.
HT0132,Thomazeau,34.8,2780,SRC-035,"CNIGS via HaitiData (haitidata.org), téléchargé le 14/08/2026",Zones inondables cartographiées (méthode source non documentée dans la couche) — PAS un aléa probabiliste par période de retour. Échantillonnage ~330 m : ordre de grandeur.
HT0613,Thomonde,4.4,3437,SRC-035,"CNIGS via HaitiData (haitidata.org), téléchargé le 14/08/2026",Zones inondables cartographiées (méthode source non documentée dans la couche) — PAS un aléa probabiliste par période de retour. Échantillonnage ~330 m : ordre de grandeur.
HT0753,Tiburon,13.0,1407,SRC-035,"CNIGS via HaitiData (haitidata.org), téléchargé le 14/08/2026",Zones inondables cartographiées (méthode source non documentée dans la couche) — PAS un aléa probabiliste par période de retour. Échantillonnage ~330 m : ordre de grandeur.
HT0712,Torbeck,62.4,1797,SRC-035,"CNIGS via HaitiData (haitidata.org), téléchargé le 14/08/2026",Zones inondables cartographiées (méthode source non documentée dans la couche) — PAS un aléa probabiliste par période de retour. Échantillonnage ~330 m : ordre de grandeur.
HT0431,Trou du Nord,32.7,1240,SRC-035,"CNIGS via HaitiData (haitidata.org), téléchargé le 14/08/2026",Zones inondables cartographiées (méthode source non documentée dans la couche) — PAS un aléa probabiliste par période de retour. Échantillonnage ~330 m : ordre de grandeur.
HT0441,Vallieres,1.1,1485,SRC-035,"CNIGS via HaitiData (haitidata.org), téléchargé le 14/08/2026",Zones inondables cartographiées (méthode source non documentée dans la couche) — PAS un aléa probabiliste par période de retour. Échantillonnage ~330 m : ordre de grandeur.
HT0532,Verrettes,23.1,3319,SRC-035,"CNIGS via HaitiData (haitidata.org), téléchargé le 14/08/2026",Zones inondables cartographiées (méthode source non documentée dans la couche) — PAS un aléa probabiliste par période de retour. Échantillonnage ~330 m : ordre de grandeur.
