indicateur_id,nom,definition,unite,categorie,methode_calcul,niveau_territorial_min,frequence,source_primaire,statut,dependance,comparabilite,limites_connues,sens_interpretation,regle_agregation,numerateur,denominateur,facteur_ratio,type_indicateur,dimensions,population_reference,nature_periode,regle_confidentialite,niveau_diffusion,responsable_validation,date_prochaine_revision,version
IND-GEO-001,Superficie,Superficie de l'entité territoriale.,km²,Territoire,Somme des superficies des sections communales (CNIGS).,Section communale,À chaque millésime CNIGS,CNIGS via OCHA COD-AB,Disponible,,Comparable tant que le découpage administratif ne change pas.,Le total national des sections (26 942 km²) diffère des 27 750 km² usuels : tracé côtier des polygones.,Neutre,officielle,,,,mesure,aucune — une valeur par territoire,sans objet — mesure territoriale,millésime,"Aucune — agrégat territorial, aucune donnée personnelle, aucun seuil de diffusion requis",Ouvert — publié dans l'édition publique,Atmart Data,à la prochaine publication du découpage CNIGS,v1.2026.07
IND-GEO-002,Nombre de sections communales,Nombre de sections communales composant la commune.,nombre,Territoire,Comptage dans le référentiel territoire.,Commune,À chaque millésime CNIGS,CNIGS via OCHA COD-AB,Disponible,,Comparable entre communes.,Découpage de 2018.,Neutre,somme,,,,effectif,aucune — une valeur par territoire,sans objet — mesure territoriale,millésime,"Aucune — agrégat territorial, aucune donnée personnelle, aucun seuil de diffusion requis",Ouvert — publié dans l'édition publique,Atmart Data,à la prochaine publication du découpage CNIGS,v1.2026.07
IND-GEO-003,Nombre de localités recensées,Nombre de lieux habités recensés dans la commune.,nombre,Territoire,Comptage des localités GeoNames rattachées à la commune par point-dans-polygone.,Section communale,Continue (GeoNames),GeoNames,Disponible,,"Prudence : reflète l'effort de recensement de GeoNames, pas seulement la réalité du peuplement.","De petites localités peuvent manquer ; 1,3 % des points sont rattachés par proximité.",Une valeur élevée n'est pas un mérite : c'est aussi une meilleure couverture documentaire.,somme,,,,effectif,aucune — une valeur par territoire,sans objet — mesure territoriale,relevé,"Aucune — agrégat territorial, aucune donnée personnelle, aucun seuil de diffusion requis",Ouvert — publié dans l'édition publique,Atmart Data,2027-01-31,v1.2026.07
IND-GEO-004,Densité de localités,Nombre de localités recensées pour 100 km².,localités / 100 km²,Territoire,IND-GEO-003 ÷ IND-GEO-001 × 100.,Commune,Continue,GeoNames + CNIGS,Disponible,,Comparable entre communes de même millésime.,Hérite des limites de IND-GEO-003.,"Approche du peuplement, pas une densité de population.",ratio_recalcule,IND-GEO-003,IND-GEO-001,100,ratio,aucune — une valeur par territoire,sans objet — mesure territoriale,relevé,"Aucune — agrégat territorial, aucune donnée personnelle, aucun seuil de diffusion requis",Ouvert — publié dans l'édition publique,Atmart Data,2027-01-31,v1.2026.07
IND-POP-001,Population,Population résidente estimée de l'entité territoriale.,habitants,Démographie,"Projection démographique 2024 par sexe et âge (COD-PS, UNFPA), construite sur le découpage COD-AB CNIGS 2018 — estimation, pas un dénombrement : le dernier recensement date de 2003.",Section communale,Annuelle,UNFPA/OCHA HDX — COD-PS Haïti 2024 (CC BY-IGO),Disponible,,Rupture méthodologique probable entre recensement 2003 et estimations récentes — à signaler.,"Absence de cinquième recensement : toute valeur récente est une estimation, statut E, jamais O. Anomalie ponctuelle : 3 987 habitants pour Gressier (HT0116), hors de proportion avec les communes voisines — valeur publiée telle quelle, à ne pas utiliser.",Dénominateur de la plupart des autres indicateurs : sa qualité conditionne la leur.,somme,,,,effectif,"sexe et âge — 17 tranches quinquennales, publiées dans atmart_pyramide_ages_HT.csv",sans objet — l'indicateur est la population,observation,"Aucune — agrégat territorial, aucune donnée personnelle, aucun seuil de diffusion requis",Ouvert — publié dans l'édition publique,Atmart Data,2027-07-31,v1.2026.07
IND-POP-002,Densité de population,Population résidente estimée rapportée à la superficie de l'entité territoriale.,habitants / km²,Démographie,"IND-POP-001 ÷ IND-GEO-001 : population projetée 2024 divisée par la superficie du découpage CNIGS 2018. Les deux millésimes diffèrent — c'est assumé, pas ignoré : le découpage n'a pas changé entre les deux.",Commune,Annuelle,UNFPA/OCHA HDX — COD-PS Haïti 2024 (population) + CNIGS via OCHA COD-AB (superficie),Disponible,,"Comparable entre les 140 communes du référentiel CNIGS 2018 : numérateur et dénominateur couvrent l'ensemble du pays, sans zone aveugle — ce qui n'est le cas d'aucun indicateur de santé ou d'éducation publié ici.","Une population estimée divisée par une superficie officielle donne une densité estimée (statut E), jamais un dénombrement. La superficie inclut les surfaces inhabitables : en montagne et sur le littoral, la densité vécue dépasse la densité calculée. Le total national des polygones (26 942 km²) étant inférieur aux 27 750 km² usuels, toutes les valeurs sont très légèrement rehaussées. Anomalie de source à connaître : le COD-PS 2024 attribue 3 987 habitants à Gressier (HT0116), hors de proportion avec les communes voisines ; nous publions la valeur telle quelle et la densité de Gressier ne doit pas être lue.","Élevé = pression sur le foncier, les services et les réseaux. À lire avec la superficie : une même densité ne dit pas la même chose sur 21 km² et sur 490 km².",ratio_recalcule,IND-POP-001,IND-GEO-001,1,ratio,aucune — une valeur par territoire,IND-POP-001 — population totale,observation,"Aucune — agrégat territorial, aucune donnée personnelle, aucun seuil de diffusion requis",Ouvert — publié dans l'édition publique,Atmart Data,2027-08-11,v1.2026.07
IND-POP-003,Population de moins de 15 ans,Population résidente estimée âgée de moins de 15 ans.,habitants,Démographie,"Somme des tranches quinquennales du COD-PS 2024 : 0-4, 5-9, 10-14.",Commune,Annuelle,UNFPA/OCHA HDX — COD-PS Haïti 2024 (CC BY-IGO),Disponible,,"Comparable entre les 140 communes du référentiel CNIGS 2018 : la projection couvre l'ensemble du pays, sans zone aveugle. Comparable dans le temps seulement face à un autre millésime COD-PS construit sur le même découpage.","Toutes ces valeurs dérivent d'une projection (COD-PS 2024), non d'un dénombrement : statut E, jamais O — le dernier recensement date de 2003. La source est quinquennale : aucune borne d'âge intermédiaire (5-18 ans, âge médian) n'en est tirée, faute de pouvoir répartir une tranche sans inventer. La dernière tranche est ouverte (80 ans et plus). Anomalie de source connue : le COD-PS 2024 attribue 3 987 habitants à Gressier (HT0116), hors de proportion avec les communes voisines ; ses effectifs par âge héritent de l'anomalie et ne doivent pas être lus. Enfin, la désagrégation communale est plus fragile que le total : le rapport de masculinité à la naissance est biologiquement stable (101,8 hommes pour 100 femmes au niveau national sur la tranche 0-4), mais il s'étale de 89 à 116 selon la commune. Une structure par âge et sexe se lit au niveau communal avec prudence, et l'écart d'une seule tranche ne veut rien dire à lui seul.","Base de la pyramide. Élevé = pression sur l'école et la santé infantile aujourd'hui, sur l'emploi dans dix ans.",somme,,,,effectif,âge — groupes construits sur les tranches quinquennales,IND-POP-001 — population totale,observation,"Aucune — agrégat territorial, aucune donnée personnelle, aucun seuil de diffusion requis",Ouvert — publié dans l'édition publique,Atmart Data,2027-08-11,v1.2026.07
IND-POP-004,Population de 15 à 64 ans,Population résidente estimée située dans la tranche d'âge conventionnelle d'activité.,habitants,Démographie,Somme des tranches quinquennales du COD-PS 2024 : 15-19 à 60-64.,Commune,Annuelle,UNFPA/OCHA HDX — COD-PS Haïti 2024 (CC BY-IGO),Disponible,,"Comparable entre les 140 communes du référentiel CNIGS 2018 : la projection couvre l'ensemble du pays, sans zone aveugle. Comparable dans le temps seulement face à un autre millésime COD-PS construit sur le même découpage.","Toutes ces valeurs dérivent d'une projection (COD-PS 2024), non d'un dénombrement : statut E, jamais O — le dernier recensement date de 2003. La source est quinquennale : aucune borne d'âge intermédiaire (5-18 ans, âge médian) n'en est tirée, faute de pouvoir répartir une tranche sans inventer. La dernière tranche est ouverte (80 ans et plus). Anomalie de source connue : le COD-PS 2024 attribue 3 987 habitants à Gressier (HT0116), hors de proportion avec les communes voisines ; ses effectifs par âge héritent de l'anomalie et ne doivent pas être lus. Enfin, la désagrégation communale est plus fragile que le total : le rapport de masculinité à la naissance est biologiquement stable (101,8 hommes pour 100 femmes au niveau national sur la tranche 0-4), mais il s'étale de 89 à 116 selon la commune. Une structure par âge et sexe se lit au niveau communal avec prudence, et l'écart d'une seule tranche ne veut rien dire à lui seul.","Dénominateur du ratio de dépendance. « Âge d'activité » est une convention d'âge, pas une mesure : elle ne dit rien de l'emploi réel.",somme,,,,effectif,âge — groupes construits sur les tranches quinquennales,IND-POP-001 — population totale,observation,"Aucune — agrégat territorial, aucune donnée personnelle, aucun seuil de diffusion requis",Ouvert — publié dans l'édition publique,Atmart Data,2027-08-11,v1.2026.07
IND-POP-005,Population de 65 ans et plus,Population résidente estimée âgée de 65 ans et plus.,habitants,Démographie,"Somme des tranches quinquennales du COD-PS 2024 : 65-69, 70-74, 75-79, 80 et plus — la dernière tranche est ouverte.",Commune,Annuelle,UNFPA/OCHA HDX — COD-PS Haïti 2024 (CC BY-IGO),Disponible,,"Comparable entre les 140 communes du référentiel CNIGS 2018 : la projection couvre l'ensemble du pays, sans zone aveugle. Comparable dans le temps seulement face à un autre millésime COD-PS construit sur le même découpage.","Toutes ces valeurs dérivent d'une projection (COD-PS 2024), non d'un dénombrement : statut E, jamais O — le dernier recensement date de 2003. La source est quinquennale : aucune borne d'âge intermédiaire (5-18 ans, âge médian) n'en est tirée, faute de pouvoir répartir une tranche sans inventer. La dernière tranche est ouverte (80 ans et plus). Anomalie de source connue : le COD-PS 2024 attribue 3 987 habitants à Gressier (HT0116), hors de proportion avec les communes voisines ; ses effectifs par âge héritent de l'anomalie et ne doivent pas être lus. Enfin, la désagrégation communale est plus fragile que le total : le rapport de masculinité à la naissance est biologiquement stable (101,8 hommes pour 100 femmes au niveau national sur la tranche 0-4), mais il s'étale de 89 à 116 selon la commune. Une structure par âge et sexe se lit au niveau communal avec prudence, et l'écart d'une seule tranche ne veut rien dire à lui seul.",Sommet de la pyramide. Élevé = besoins de santé et de prise en charge accrus.,somme,,,,effectif,âge — groupes construits sur les tranches quinquennales,IND-POP-001 — population totale,observation,"Aucune — agrégat territorial, aucune donnée personnelle, aucun seuil de diffusion requis",Ouvert — publié dans l'édition publique,Atmart Data,2027-08-11,v1.2026.07
IND-POP-006,Population dépendante (moins de 15 ans et 65 ans et plus),Population résidente estimée située hors de la tranche d'âge conventionnelle d'activité.,habitants,Démographie,IND-POP-003 + IND-POP-005.,Commune,Annuelle,UNFPA/OCHA HDX — COD-PS Haïti 2024 (CC BY-IGO),Disponible,,"Comparable entre les 140 communes du référentiel CNIGS 2018 : la projection couvre l'ensemble du pays, sans zone aveugle. Comparable dans le temps seulement face à un autre millésime COD-PS construit sur le même découpage.","Toutes ces valeurs dérivent d'une projection (COD-PS 2024), non d'un dénombrement : statut E, jamais O — le dernier recensement date de 2003. La source est quinquennale : aucune borne d'âge intermédiaire (5-18 ans, âge médian) n'en est tirée, faute de pouvoir répartir une tranche sans inventer. La dernière tranche est ouverte (80 ans et plus). Anomalie de source connue : le COD-PS 2024 attribue 3 987 habitants à Gressier (HT0116), hors de proportion avec les communes voisines ; ses effectifs par âge héritent de l'anomalie et ne doivent pas être lus. Enfin, la désagrégation communale est plus fragile que le total : le rapport de masculinité à la naissance est biologiquement stable (101,8 hommes pour 100 femmes au niveau national sur la tranche 0-4), mais il s'étale de 89 à 116 selon la commune. Une structure par âge et sexe se lit au niveau communal avec prudence, et l'écart d'une seule tranche ne veut rien dire à lui seul.",Numérateur du ratio de dépendance. Le mot « dépendante » est une convention d'âge : beaucoup de ces personnes travaillent.,somme,,,,effectif,âge — groupes construits sur les tranches quinquennales,IND-POP-001 — population totale,observation,"Aucune — agrégat territorial, aucune donnée personnelle, aucun seuil de diffusion requis",Ouvert — publié dans l'édition publique,Atmart Data,2027-08-11,v1.2026.07
IND-POP-007,Population de 5 à 19 ans,Population résidente estimée d'âge scolarisable.,habitants,Démographie,"Somme des tranches quinquennales du COD-PS 2024 : 5-9, 10-14, 15-19. La borne haute est 19 ans et non 18 : la source est quinquennale, découper la tranche 15-19 reviendrait à inventer une répartition.",Commune,Annuelle,UNFPA/OCHA HDX — COD-PS Haïti 2024 (CC BY-IGO),Disponible,,"Comparable entre les 140 communes du référentiel CNIGS 2018 : la projection couvre l'ensemble du pays, sans zone aveugle. Comparable dans le temps seulement face à un autre millésime COD-PS construit sur le même découpage.","Toutes ces valeurs dérivent d'une projection (COD-PS 2024), non d'un dénombrement : statut E, jamais O — le dernier recensement date de 2003. La source est quinquennale : aucune borne d'âge intermédiaire (5-18 ans, âge médian) n'en est tirée, faute de pouvoir répartir une tranche sans inventer. La dernière tranche est ouverte (80 ans et plus). Anomalie de source connue : le COD-PS 2024 attribue 3 987 habitants à Gressier (HT0116), hors de proportion avec les communes voisines ; ses effectifs par âge héritent de l'anomalie et ne doivent pas être lus. Enfin, la désagrégation communale est plus fragile que le total : le rapport de masculinité à la naissance est biologiquement stable (101,8 hommes pour 100 femmes au niveau national sur la tranche 0-4), mais il s'étale de 89 à 116 selon la commune. Une structure par âge et sexe se lit au niveau communal avec prudence, et l'écart d'une seule tranche ne veut rien dire à lui seul.",Dénominateur des indicateurs d'offre scolaire. Recouvre en partie les moins de 15 ans : les deux ne s'additionnent pas.,somme,,,,effectif,âge — groupes construits sur les tranches quinquennales,IND-POP-001 — population totale,observation,"Aucune — agrégat territorial, aucune donnée personnelle, aucun seuil de diffusion requis",Ouvert — publié dans l'édition publique,Atmart Data,2027-08-11,v1.2026.07
IND-POP-008,Population féminine,"Population résidente estimée de sexe féminin, tous âges confondus.",habitants,Démographie,"Colonne F_TL du COD-PS 2024, égale à la somme des 17 tranches féminines.",Commune,Annuelle,UNFPA/OCHA HDX — COD-PS Haïti 2024 (CC BY-IGO),Disponible,,"Comparable entre les 140 communes du référentiel CNIGS 2018 : la projection couvre l'ensemble du pays, sans zone aveugle. Comparable dans le temps seulement face à un autre millésime COD-PS construit sur le même découpage.","Toutes ces valeurs dérivent d'une projection (COD-PS 2024), non d'un dénombrement : statut E, jamais O — le dernier recensement date de 2003. La source est quinquennale : aucune borne d'âge intermédiaire (5-18 ans, âge médian) n'en est tirée, faute de pouvoir répartir une tranche sans inventer. La dernière tranche est ouverte (80 ans et plus). Anomalie de source connue : le COD-PS 2024 attribue 3 987 habitants à Gressier (HT0116), hors de proportion avec les communes voisines ; ses effectifs par âge héritent de l'anomalie et ne doivent pas être lus. Enfin, la désagrégation communale est plus fragile que le total : le rapport de masculinité à la naissance est biologiquement stable (101,8 hommes pour 100 femmes au niveau national sur la tranche 0-4), mais il s'étale de 89 à 116 selon la commune. Une structure par âge et sexe se lit au niveau communal avec prudence, et l'écart d'une seule tranche ne veut rien dire à lui seul.",À lire avec la population masculine ; l'écart entre les deux se lit dans le rapport de masculinité.,somme,,,,effectif,sexe,IND-POP-001 — population totale,observation,"Aucune — agrégat territorial, aucune donnée personnelle, aucun seuil de diffusion requis",Ouvert — publié dans l'édition publique,Atmart Data,2027-08-11,v1.2026.07
IND-POP-009,Population masculine,"Population résidente estimée de sexe masculin, tous âges confondus.",habitants,Démographie,"Colonne M_TL du COD-PS 2024, égale à la somme des 17 tranches masculines.",Commune,Annuelle,UNFPA/OCHA HDX — COD-PS Haïti 2024 (CC BY-IGO),Disponible,,"Comparable entre les 140 communes du référentiel CNIGS 2018 : la projection couvre l'ensemble du pays, sans zone aveugle. Comparable dans le temps seulement face à un autre millésime COD-PS construit sur le même découpage.","Toutes ces valeurs dérivent d'une projection (COD-PS 2024), non d'un dénombrement : statut E, jamais O — le dernier recensement date de 2003. La source est quinquennale : aucune borne d'âge intermédiaire (5-18 ans, âge médian) n'en est tirée, faute de pouvoir répartir une tranche sans inventer. La dernière tranche est ouverte (80 ans et plus). Anomalie de source connue : le COD-PS 2024 attribue 3 987 habitants à Gressier (HT0116), hors de proportion avec les communes voisines ; ses effectifs par âge héritent de l'anomalie et ne doivent pas être lus. Enfin, la désagrégation communale est plus fragile que le total : le rapport de masculinité à la naissance est biologiquement stable (101,8 hommes pour 100 femmes au niveau national sur la tranche 0-4), mais il s'étale de 89 à 116 selon la commune. Une structure par âge et sexe se lit au niveau communal avec prudence, et l'écart d'une seule tranche ne veut rien dire à lui seul.",À lire avec la population féminine ; l'écart entre les deux se lit dans le rapport de masculinité.,somme,,,,effectif,sexe,IND-POP-001 — population totale,observation,"Aucune — agrégat territorial, aucune donnée personnelle, aucun seuil de diffusion requis",Ouvert — publié dans l'édition publique,Atmart Data,2027-08-11,v1.2026.07
IND-POP-010,Part des moins de 15 ans,Part des moins de 15 ans dans la population totale.,%,Démographie,IND-POP-003 ÷ IND-POP-001 × 100.,Commune,Annuelle,UNFPA/OCHA HDX — COD-PS Haïti 2024 (CC BY-IGO),Disponible,,"Comparable entre les 140 communes du référentiel CNIGS 2018 : la projection couvre l'ensemble du pays, sans zone aveugle. Comparable dans le temps seulement face à un autre millésime COD-PS construit sur le même découpage.","Toutes ces valeurs dérivent d'une projection (COD-PS 2024), non d'un dénombrement : statut E, jamais O — le dernier recensement date de 2003. La source est quinquennale : aucune borne d'âge intermédiaire (5-18 ans, âge médian) n'en est tirée, faute de pouvoir répartir une tranche sans inventer. La dernière tranche est ouverte (80 ans et plus). Anomalie de source connue : le COD-PS 2024 attribue 3 987 habitants à Gressier (HT0116), hors de proportion avec les communes voisines ; ses effectifs par âge héritent de l'anomalie et ne doivent pas être lus. Enfin, la désagrégation communale est plus fragile que le total : le rapport de masculinité à la naissance est biologiquement stable (101,8 hommes pour 100 femmes au niveau national sur la tranche 0-4), mais il s'étale de 89 à 116 selon la commune. Une structure par âge et sexe se lit au niveau communal avec prudence, et l'écart d'une seule tranche ne veut rien dire à lui seul.","Élevé = population jeune. Se recalcule sur les totaux à chaque agrégation, jamais en moyennant les parts communales.",ratio_recalcule,IND-POP-003,IND-POP-001,100,ratio,âge — groupes construits sur les tranches quinquennales,IND-POP-001 — population totale,observation,"Aucune — agrégat territorial, aucune donnée personnelle, aucun seuil de diffusion requis",Ouvert — publié dans l'édition publique,Atmart Data,2027-08-11,v1.2026.07
IND-POP-011,Part des 65 ans et plus,Part des 65 ans et plus dans la population totale.,%,Démographie,IND-POP-005 ÷ IND-POP-001 × 100.,Commune,Annuelle,UNFPA/OCHA HDX — COD-PS Haïti 2024 (CC BY-IGO),Disponible,,"Comparable entre les 140 communes du référentiel CNIGS 2018 : la projection couvre l'ensemble du pays, sans zone aveugle. Comparable dans le temps seulement face à un autre millésime COD-PS construit sur le même découpage.","Toutes ces valeurs dérivent d'une projection (COD-PS 2024), non d'un dénombrement : statut E, jamais O — le dernier recensement date de 2003. La source est quinquennale : aucune borne d'âge intermédiaire (5-18 ans, âge médian) n'en est tirée, faute de pouvoir répartir une tranche sans inventer. La dernière tranche est ouverte (80 ans et plus). Anomalie de source connue : le COD-PS 2024 attribue 3 987 habitants à Gressier (HT0116), hors de proportion avec les communes voisines ; ses effectifs par âge héritent de l'anomalie et ne doivent pas être lus. Enfin, la désagrégation communale est plus fragile que le total : le rapport de masculinité à la naissance est biologiquement stable (101,8 hommes pour 100 femmes au niveau national sur la tranche 0-4), mais il s'étale de 89 à 116 selon la commune. Une structure par âge et sexe se lit au niveau communal avec prudence, et l'écart d'une seule tranche ne veut rien dire à lui seul.",Élevé = population plus âgée : besoins de santé et de prise en charge accrus.,ratio_recalcule,IND-POP-005,IND-POP-001,100,ratio,âge — groupes construits sur les tranches quinquennales,IND-POP-001 — population totale,observation,"Aucune — agrégat territorial, aucune donnée personnelle, aucun seuil de diffusion requis",Ouvert — publié dans l'édition publique,Atmart Data,2027-08-11,v1.2026.07
IND-POP-012,Ratio de dépendance démographique,Nombre de personnes hors de la tranche d'âge d'activité pour 100 personnes de 15 à 64 ans.,dépendants / 100 personnes de 15-64 ans,Démographie,IND-POP-006 ÷ IND-POP-004 × 100.,Commune,Annuelle,UNFPA/OCHA HDX — COD-PS Haïti 2024 (CC BY-IGO),Disponible,,"Comparable entre les 140 communes du référentiel CNIGS 2018 : la projection couvre l'ensemble du pays, sans zone aveugle. Comparable dans le temps seulement face à un autre millésime COD-PS construit sur le même découpage.","Toutes ces valeurs dérivent d'une projection (COD-PS 2024), non d'un dénombrement : statut E, jamais O — le dernier recensement date de 2003. La source est quinquennale : aucune borne d'âge intermédiaire (5-18 ans, âge médian) n'en est tirée, faute de pouvoir répartir une tranche sans inventer. La dernière tranche est ouverte (80 ans et plus). Anomalie de source connue : le COD-PS 2024 attribue 3 987 habitants à Gressier (HT0116), hors de proportion avec les communes voisines ; ses effectifs par âge héritent de l'anomalie et ne doivent pas être lus. Enfin, la désagrégation communale est plus fragile que le total : le rapport de masculinité à la naissance est biologiquement stable (101,8 hommes pour 100 femmes au niveau national sur la tranche 0-4), mais il s'étale de 89 à 116 selon la commune. Une structure par âge et sexe se lit au niveau communal avec prudence, et l'écart d'une seule tranche ne veut rien dire à lui seul.",Élevé = charge démographique forte sur la tranche d'âge active. Ce n'est pas une charge économique mesurée : c'est un rapport entre des âges.,ratio_recalcule,IND-POP-006,IND-POP-004,100,ratio,âge — groupes construits sur les tranches quinquennales,IND-POP-001 — population totale,observation,"Aucune — agrégat territorial, aucune donnée personnelle, aucun seuil de diffusion requis",Ouvert — publié dans l'édition publique,Atmart Data,2027-08-11,v1.2026.07
IND-POP-013,Rapport de masculinité,Nombre d'hommes pour 100 femmes.,hommes / 100 femmes,Démographie,IND-POP-009 ÷ IND-POP-008 × 100.,Commune,Annuelle,UNFPA/OCHA HDX — COD-PS Haïti 2024 (CC BY-IGO),Disponible,,"Comparable entre les 140 communes du référentiel CNIGS 2018 : la projection couvre l'ensemble du pays, sans zone aveugle. Comparable dans le temps seulement face à un autre millésime COD-PS construit sur le même découpage.","Toutes ces valeurs dérivent d'une projection (COD-PS 2024), non d'un dénombrement : statut E, jamais O — le dernier recensement date de 2003. La source est quinquennale : aucune borne d'âge intermédiaire (5-18 ans, âge médian) n'en est tirée, faute de pouvoir répartir une tranche sans inventer. La dernière tranche est ouverte (80 ans et plus). Anomalie de source connue : le COD-PS 2024 attribue 3 987 habitants à Gressier (HT0116), hors de proportion avec les communes voisines ; ses effectifs par âge héritent de l'anomalie et ne doivent pas être lus. Enfin, la désagrégation communale est plus fragile que le total : le rapport de masculinité à la naissance est biologiquement stable (101,8 hommes pour 100 femmes au niveau national sur la tranche 0-4), mais il s'étale de 89 à 116 selon la commune. Une structure par âge et sexe se lit au niveau communal avec prudence, et l'écart d'une seule tranche ne veut rien dire à lui seul.",Proche de 95-100 dans une population sans mouvement marqué. Un écart net signale une migration sélective — ou une limite de la projection.,ratio_recalcule,IND-POP-009,IND-POP-008,100,ratio,sexe,IND-POP-001 — population totale,observation,"Aucune — agrégat territorial, aucune donnée personnelle, aucun seuil de diffusion requis",Ouvert — publié dans l'édition publique,Atmart Data,2027-08-11,v1.2026.07
IND-SAN-001,Établissements de santé recensés,Nombre d'établissements de santé en fonctionnement recensés.,nombre,Santé,"Comptage dans le référentiel organisations, catégorie Santé.",Section communale,Irrégulière,OCHA Haïti — Location of health facilities (2023),Disponible,,NON comparable entre communes hors zone couverte : la source ne couvre que 14 communes sur 140.,"COUVERTURE PARTIELLE — 14 communes (Artibonite, Centre, Nord, Ouest). Une commune absente n'a pas zéro établissement : elle n'est pas couverte, d'où le statut N. Recensement de 2023.","Plus élevé = offre plus dense, à rapporter à la population.",somme,,,,effectif,aucune — une valeur par territoire,IND-POP-001 — population totale,relevé,"Aucune — agrégat territorial, aucune donnée personnelle, aucun seuil de diffusion requis",Ouvert — publié dans l'édition publique,Atmart Data,2027-07-31,v1.2026.07
IND-SAN-002,Part d'établissements de santé publics,Part des établissements de santé de statut public.,%,Santé,Établissements de statut « Public » ÷ total recensé × 100.,Commune,Irrégulière,OCHA Haïti,Disponible,,Comparable entre communes du même millésime.,Le statut « Mixte » est compté hors public.,"Neutre : décrit la structure de l'offre, pas sa qualité.",ratio_recalcule,IND-SAN-004,IND-SAN-001,100,ratio,statut public / privé,IND-POP-001 — population totale,relevé,"Aucune — agrégat territorial, aucune donnée personnelle, aucun seuil de diffusion requis",Ouvert — publié dans l'édition publique,Atmart Data,2027-08-12,v1.2026.07
IND-SAN-003,Complétude du géocodage sanitaire,Part des établissements de santé dont la source fournit des coordonnées.,%,Qualité,Établissements géocodés ÷ total recensé × 100.,Commune,Irrégulière,OCHA Haïti,Disponible,,Comparable entre communes.,"Mesure la qualité de la SOURCE, pas celle du système de santé.",Une valeur basse signale une commune où toute analyse spatiale sanitaire sera fragile.,ratio_recalcule,IND-SAN-005,IND-SAN-001,100,score composite,géocodage oui / non,IND-POP-001 — population totale,relevé,"Aucune — agrégat territorial, aucune donnée personnelle, aucun seuil de diffusion requis",Ouvert — publié dans l'édition publique,Atmart Data,2027-08-12,v1.2026.07
IND-SAN-004,Établissements de santé publics,Nombre d'établissements de santé de statut public.,nombre,Santé,Comptage des établissements dont le statut source est « Public ».,Commune,Irrégulière,OCHA Haïti — établissements de santé (2023),Disponible,,Mêmes limites de couverture que les établissements recensés.,Le statut « Mixte » n'est pas compté comme public.,Numérateur de la part d'établissements publics ; publié séparément pour que ce taux soit recalculable à tout niveau.,somme,,,,effectif,statut public / privé,IND-POP-001 — population totale,relevé,"Aucune — agrégat territorial, aucune donnée personnelle, aucun seuil de diffusion requis",Ouvert — publié dans l'édition publique,Atmart Data,2027-08-12,v1.2026.07
IND-SAN-005,Établissements de santé géocodés,Nombre d'établissements de santé dont la source fournit des coordonnées.,nombre,Qualité,Comptage des établissements avec latitude et longitude renseignées.,Commune,Irrégulière,OCHA Haïti — établissements de santé (2023),Disponible,,Mêmes limites de couverture que les établissements recensés.,"Mesure la qualité de la source, pas celle du système de santé.",Numérateur de la complétude du géocodage.,somme,,,,score composite,géocodage oui / non,IND-POP-001 — population totale,relevé,"Aucune — agrégat territorial, aucune donnée personnelle, aucun seuil de diffusion requis",Ouvert — publié dans l'édition publique,Atmart Data,2027-08-12,v1.2026.07
IND-SAN-010,Établissements de santé pour 10 000 habitants,Nombre d'établissements de santé recensés rapporté à la population de la commune.,établissements / 10 000 hab.,Santé,IND-SAN-001 ÷ IND-POP-001 × 10 000.,Commune,Annuelle,OCHA Haïti + IHSI (population),Disponible,,"Comparable entre les 14 communes couvertes par la source OCHA 2023, et entre elles seulement.","Le numérateur ne couvre que 14 communes sur 140 : le ratio décrit les établissements recensés, pas l'offre de soins. Le dénominateur est une projection (COD-PS 2024, statut E), et les millésimes diffèrent — 2023 pour les établissements, 2024 pour la population. Un dispensaire et un hôpital comptent chacun pour un : l'indicateur ne mesure ni la capacité, ni le plateau technique, ni le personnel. L'écart observé entre les 14 communes couvertes va de 0,61 à 7,12 : un tel rapport traduit d'abord l'inégale exhaustivité du recensement, pas l'offre réelle.","Élevé = beaucoup d'établissements recensés au regard de la population. À lire avec le temps d'accès, qu'un ratio communal ne capte pas.",ratio_recalcule,IND-SAN-001,IND-POP-001,10000,ratio,aucune — une valeur par territoire,IND-POP-001 — population totale,relevé,"Aucune — agrégat territorial, aucune donnée personnelle, aucun seuil de diffusion requis",Ouvert — publié dans l'édition publique,Atmart Data,2027-08-13,v1.2026.08
IND-EDU-001,Écoles recensées,Nombre d'établissements scolaires recensés.,nombre,Éducation,"Comptage dans le référentiel organisations, catégorie Éducation.",Commune,Irrégulière,OCHA Haïti — Cartographie des institutions scolaires (2022),Disponible,,"NON comparable entre départements : la source ne couvre que le Sud, l'Ouest, les Nippes et la Grande'Anse.","COUVERTURE PARTIELLE — 4 départements sur 10, 49 communes sur 140. Une valeur nulle signifie « non recensé », jamais « aucune école ».",À lire uniquement à l'intérieur de la zone couverte.,somme,,,,effectif,aucune — une valeur par territoire,IND-POP-007 — population de 5 à 19 ans,relevé,"Aucune — agrégat territorial, aucune donnée personnelle, aucun seuil de diffusion requis",Ouvert — publié dans l'édition publique,Atmart Data,2027-07-31,v1.2026.07
IND-EDU-002,Part d'écoles publiques,Part des écoles de statut public parmi les écoles recensées.,%,Éducation,"Écoles « Public » ÷ total recensé × 100, après harmonisation des libellés (PUBLIQUE / Public → Public).",Commune,Irrégulière,OCHA Haïti (2022),Disponible,,Uniquement dans la zone couverte.,Hérite de la couverture partielle de IND-EDU-001.,Une part faible traduit le poids du secteur non public.,ratio_recalcule,IND-EDU-003,IND-EDU-001,100,ratio,secteur public / privé,IND-POP-007 — population de 5 à 19 ans,relevé,"Aucune — agrégat territorial, aucune donnée personnelle, aucun seuil de diffusion requis",Ouvert — publié dans l'édition publique,Atmart Data,2027-08-12,v1.2026.07
IND-EDU-003,Écoles publiques,Nombre d'établissements scolaires de statut public.,nombre,Éducation,Comptage après harmonisation des libellés de statut.,Commune,Irrégulière,OCHA Haïti — institutions scolaires (2022),Disponible,,Mêmes limites de couverture que les écoles recensées.,Hérite de la couverture partielle du recensement scolaire.,Numérateur de la part d'écoles publiques.,somme,,,,effectif,secteur public / privé,IND-POP-007 — population de 5 à 19 ans,relevé,"Aucune — agrégat territorial, aucune donnée personnelle, aucun seuil de diffusion requis",Ouvert — publié dans l'édition publique,Atmart Data,2027-08-12,v1.2026.07
IND-EDU-010,Écoles pour 10 000 jeunes de 5 à 19 ans,Nombre d'écoles recensées rapporté à la population d'âge scolarisable de la commune.,écoles / 10 000 jeunes,Éducation,"IND-EDU-001 ÷ IND-POP-007 × 10 000. La borne haute du dénominateur est 19 ans et non 18 : le COD-PS est quinquennal, découper la tranche 15-19 reviendrait à inventer une répartition.",Commune,Annuelle,MENFP/OCHA + IHSI,Disponible,,"Comparable entre les 49 communes couvertes par la cartographie scolaire 2022, et entre elles seulement. Les 91 autres n'ont pas un ratio bas : elles n'ont pas de dénombrement.","Le numérateur ne couvre que 49 communes sur 140 : le ratio décrit les écoles recensées, pas les écoles existantes. Le dénominateur est une projection (COD-PS 2024, statut E), et les deux millésimes diffèrent — 2022 pour les écoles, 2024 pour la population. Une école recensée n'est pas une école ouverte, ni une place disponible : l'indicateur compte des établissements, pas des capacités. L'écart observé entre les 49 communes couvertes va de 1,71 à 154,28 : un tel rapport traduit d'abord l'inégale exhaustivité du recensement, pas l'offre réelle.","Élevé = beaucoup d'établissements recensés au regard des jeunes de 5 à 19 ans. Ne dit rien de la taille des écoles, de leur état, ni de la distance à parcourir pour s'y rendre.",ratio_recalcule,IND-EDU-001,IND-POP-007,10000,ratio,aucune — une valeur par territoire,IND-POP-007 — population de 5 à 19 ans,relevé,"Aucune — agrégat territorial, aucune donnée personnelle, aucun seuil de diffusion requis",Ouvert — publié dans l'édition publique,Atmart Data,2027-08-13,v1.2026.08
IND-MAR-001,Marchés suivis pour les prix,Nombre de marchés inclus dans le dispositif de suivi des prix.,nombre,Marchés,"Comptage dans le référentiel organisations, catégorie Marché.",Section communale,Continue (PAM),PAM — Haiti Food Prices,Disponible,,Comparable dans le temps si le dispositif de suivi ne change pas.,"Ne recense pas tous les marchés du pays, seulement ceux suivis.","Mesure la couverture du suivi, pas l'activité commerciale.",somme,,,,effectif,aucune — une valeur par territoire,IND-POP-001 — population totale,relevé,"Aucune — agrégat territorial, aucune donnée personnelle, aucun seuil de diffusion requis",Ouvert — publié dans l'édition publique,Atmart Data,2027-01-31,v1.2026.07
IND-QUA-001,Score de complétude administrative,Part des dimensions du backbone documentées pour la commune.,%,Qualité,"Cinq dimensions testées : superficie connue, localités recensées, au moins un établissement de santé recensé, au moins une école recensée, au moins un marché suivi. Score = dimensions renseignées ÷ 5 × 100.",Commune,À chaque version du backbone,Atmart — calcul sur le backbone,Disponible,,Comparable entre communes d'une même version du backbone.,"Mesure ce que NOUS savons de la commune, pas la réalité de la commune. Un score faible désigne un angle mort documentaire.","Élevé = commune bien documentée. Bas = toute analyse y sera fragile, et c'est une information en soi.",moyenne_simple,,,,score composite,aucune — une valeur par territoire,sans objet — score sur le backbone,millésime,"Aucune — agrégat territorial, aucune donnée personnelle, aucun seuil de diffusion requis",Ouvert — publié dans l'édition publique,Atmart Data,à la prochaine version du backbone,v1.2026.07
IND-BUD-001,Dépense publique par habitant,Dépense publique exécutée rapportée à la population.,HTG / habitant,Finances publiques,Dépense exécutée de l'exercice ÷ population. L'exercice fiscal (1er octobre – 30 septembre) est fourni par le référentiel temps : ne jamais rapporter à une année civile.,Département,Annuelle (exercice fiscal),MEF + IHSI,À construire,Budget ouvert Haïti (SRC à créer) ; population IHSI.,Exige de corriger de l'inflation pour comparer deux exercices.,Une dépense votée n'est pas une dépense exécutée.,À interpréter avec la structure de la dépense.,non_agregeable,,,,ratio,aucune — une valeur par territoire,IND-POP-001 — population totale,sans objet,"Aucune — agrégat territorial, aucune donnée personnelle, aucun seuil de diffusion requis",Non diffusé — indicateur à construire,Atmart Data,,v1.2026.07
IND-ACC-001,Temps d'accès au centre de santé le plus proche,Temps de trajet médian depuis les localités habitées jusqu'à l'établissement de santé le plus proche.,minutes,Accessibilité,"Calcul d'isochrones sur le réseau routier depuis chaque localité, puis médiane pondérée par la population.",Section communale,À chaque mise à jour du réseau,MTPTC / OSM (réseau) + OCHA (établissements) + population,À construire,Réseau routier exploitable ; population par localité ; géocodage complet des établissements (aujourd'hui 66 %).,Comparable si le réseau et la méthode ne changent pas.,Le réseau OSM est sous licence ODbL : incompatible avec une licence Atmart propriétaire sans partage à l'identique.,"Bas = service accessible. C'est l'indicateur le plus difficile à reproduire, donc le plus différenciant.",non_agregeable,,,,mesure,aucune — une valeur par territoire,IND-POP-001 — population totale,sans objet,"Aucune — agrégat territorial, aucune donnée personnelle, aucun seuil de diffusion requis",Non diffusé — indicateur à construire,Atmart Data,,v1.2026.07
IND-PRX-001,Volatilité des prix alimentaires,Ampleur des variations mensuelles des prix de détail sur les marchés de la commune.,coefficient de variation (%),Marchés,"Coefficient de variation des prix de détail nominaux en gourdes sur l'année 2024 : pour chaque couple (marché, produit) relevé au moins 6 mois, écart-type ÷ moyenne × 100 ; la valeur communale est la médiane de ces coefficients. Médiane et non moyenne : un seul produit erratique ne doit pas emporter la commune.",Marché,Mensuelle,PAM (WFP) via OCHA HDX — Haiti Food Prices (CC BY-IGO),Disponible,,"Comparable entre les neuf communes suivies par le PAM, et entre elles seulement.","Neuf communes sur 140 : le PAM ne suit les prix que sur douze marchés, et non sur les 182 du registre. Les prix sont nominaux, en gourdes, non déflatés — une partie de la variation observée est de l'inflation, pas de l'instabilité de marché. L'année 2024 compte onze mois et non douze : septembre manque à la source. La série des neuf marchés historiques s'arrête au 15 décembre 2024 ; le seul relevé de 2025 porte sur trois marchés de Jérémie ouverts en juillet, trop récents pour être mesurés, et il est exclu du calcul. Un coefficient de variation ne dit pas si les prix montent ou descendent : il dit de combien ils bougent.","Élevé = prix instables d'un mois à l'autre, ce qui pèse sur les ménages même quand le niveau moyen ne change pas. À lire avec le nombre de produits suivis : une volatilité calculée sur trois produits n'a pas le poids d'une volatilité calculée sur dix.",non_agregeable,,,,effectif,aucune — une valeur par territoire,sans objet — mesure de série de prix,observation,"Aucune — agrégat territorial, aucune donnée personnelle, aucun seuil de diffusion requis",Ouvert — publié dans l'édition publique,Atmart Data,2026-09-13,v1.2026.08
