atmart_id,source_id,pcode,niveau,nom_fr,nom_ht,parent_id,millesime,date_debut_validite,date_fin_validite,source,statut,note_divergence
HTD-01,HT01,HT01,departement,Ouest,Lwès,HT,CNIGS 2018,2018-11-29,,CNIGS / UN OCHA COD-AB Haiti,en vigueur dans ce millesime,"Le millesime CNIGS 2018 compte 20 communes dans l'Ouest. Ce nombre peut differer dans des referentiels plus recents. Verifie par comptage sur ce fichier, non repris d'une source tierce. Millesime CNIGS en vigueur au 29/11/2018, republie par OCHA le 26/01/2026. Des referentiels haitiens plus recents reconnaissent des communes creees apres cette date : leur absence ici ne signifie pas qu'elles n'existent pas."
HTD-02,HT02,HT02,departement,Sud-Est,Sidès,HT,CNIGS 2018,2018-11-29,,CNIGS / UN OCHA COD-AB Haiti,en vigueur dans ce millesime,"Millesime CNIGS en vigueur au 29/11/2018, republie par OCHA le 26/01/2026. Des referentiels haitiens plus recents reconnaissent des communes creees apres cette date : leur absence ici ne signifie pas qu'elles n'existent pas."
HTD-03,HT03,HT03,departement,Nord,Nò,HT,CNIGS 2018,2018-11-29,,CNIGS / UN OCHA COD-AB Haiti,en vigueur dans ce millesime,"Millesime CNIGS en vigueur au 29/11/2018, republie par OCHA le 26/01/2026. Des referentiels haitiens plus recents reconnaissent des communes creees apres cette date : leur absence ici ne signifie pas qu'elles n'existent pas."
HTD-04,HT04,HT04,departement,Nord-Est,Nòdès,HT,CNIGS 2018,2018-11-29,,CNIGS / UN OCHA COD-AB Haiti,en vigueur dans ce millesime,"Millesime CNIGS en vigueur au 29/11/2018, republie par OCHA le 26/01/2026. Des referentiels haitiens plus recents reconnaissent des communes creees apres cette date : leur absence ici ne signifie pas qu'elles n'existent pas."
HTD-05,HT05,HT05,departement,Artibonite,Latibonit,HT,CNIGS 2018,2018-11-29,,CNIGS / UN OCHA COD-AB Haiti,en vigueur dans ce millesime,"Millesime CNIGS en vigueur au 29/11/2018, republie par OCHA le 26/01/2026. Des referentiels haitiens plus recents reconnaissent des communes creees apres cette date : leur absence ici ne signifie pas qu'elles n'existent pas."
HTD-06,HT06,HT06,departement,Centre,Sant,HT,CNIGS 2018,2018-11-29,,CNIGS / UN OCHA COD-AB Haiti,en vigueur dans ce millesime,"Millesime CNIGS en vigueur au 29/11/2018, republie par OCHA le 26/01/2026. Des referentiels haitiens plus recents reconnaissent des communes creees apres cette date : leur absence ici ne signifie pas qu'elles n'existent pas."
HTD-07,HT07,HT07,departement,Sud,Sid,HT,CNIGS 2018,2018-11-29,,CNIGS / UN OCHA COD-AB Haiti,en vigueur dans ce millesime,"Millesime CNIGS en vigueur au 29/11/2018, republie par OCHA le 26/01/2026. Des referentiels haitiens plus recents reconnaissent des communes creees apres cette date : leur absence ici ne signifie pas qu'elles n'existent pas."
HTD-08,HT08,HT08,departement,Grande'Anse,Grandans,HT,CNIGS 2018,2018-11-29,,CNIGS / UN OCHA COD-AB Haiti,en vigueur dans ce millesime,"Millesime CNIGS en vigueur au 29/11/2018, republie par OCHA le 26/01/2026. Des referentiels haitiens plus recents reconnaissent des communes creees apres cette date : leur absence ici ne signifie pas qu'elles n'existent pas."
HTD-09,HT09,HT09,departement,Nord-Ouest,Nòdwès,HT,CNIGS 2018,2018-11-29,,CNIGS / UN OCHA COD-AB Haiti,en vigueur dans ce millesime,"Millesime CNIGS en vigueur au 29/11/2018, republie par OCHA le 26/01/2026. Des referentiels haitiens plus recents reconnaissent des communes creees apres cette date : leur absence ici ne signifie pas qu'elles n'existent pas."
HTD-10,HT10,HT10,departement,Nippes,Nip,HT,CNIGS 2018,2018-11-29,,CNIGS / UN OCHA COD-AB Haiti,en vigueur dans ce millesime,"Millesime CNIGS en vigueur au 29/11/2018, republie par OCHA le 26/01/2026. Des referentiels haitiens plus recents reconnaissent des communes creees apres cette date : leur absence ici ne signifie pas qu'elles n'existent pas."
HTA-011,HT011,,arrondissement,Port-au-Prince,Pòtoprens,HTD-01,CNIGS 2018,2018-11-29,,CNIGS / UN OCHA COD-AB Haiti (structure du p-code),en vigueur dans ce millesime,"Millesime CNIGS en vigueur au 29/11/2018, republie par OCHA le 26/01/2026. Des referentiels haitiens plus recents reconnaissent des communes creees apres cette date : leur absence ici ne signifie pas qu'elles n'existent pas."
HTA-012,HT012,,arrondissement,Léogâne,Leyogàn,HTD-01,CNIGS 2018,2018-11-29,,CNIGS / UN OCHA COD-AB Haiti (structure du p-code),en vigueur dans ce millesime,"Millesime CNIGS en vigueur au 29/11/2018, republie par OCHA le 26/01/2026. Des referentiels haitiens plus recents reconnaissent des communes creees apres cette date : leur absence ici ne signifie pas qu'elles n'existent pas."
HTA-013,HT013,,arrondissement,Croix-Des-Bouquets,Kwadèboukè,HTD-01,CNIGS 2018,2018-11-29,,CNIGS / UN OCHA COD-AB Haiti (structure du p-code),en vigueur dans ce millesime,"Millesime CNIGS en vigueur au 29/11/2018, republie par OCHA le 26/01/2026. Des referentiels haitiens plus recents reconnaissent des communes creees apres cette date : leur absence ici ne signifie pas qu'elles n'existent pas."
HTA-014,HT014,,arrondissement,Arcahaie,Akayè,HTD-01,CNIGS 2018,2018-11-29,,CNIGS / UN OCHA COD-AB Haiti (structure du p-code),en vigueur dans ce millesime,"Millesime CNIGS en vigueur au 29/11/2018, republie par OCHA le 26/01/2026. Des referentiels haitiens plus recents reconnaissent des communes creees apres cette date : leur absence ici ne signifie pas qu'elles n'existent pas."
HTA-015,HT015,,arrondissement,Anse à Galets,Ansa galè ,HTD-01,CNIGS 2018,2018-11-29,,CNIGS / UN OCHA COD-AB Haiti (structure du p-code),en vigueur dans ce millesime,"Millesime CNIGS en vigueur au 29/11/2018, republie par OCHA le 26/01/2026. Des referentiels haitiens plus recents reconnaissent des communes creees apres cette date : leur absence ici ne signifie pas qu'elles n'existent pas."
HTA-021,HT021,,arrondissement,Jacmel,Jakmèl,HTD-02,CNIGS 2018,2018-11-29,,CNIGS / UN OCHA COD-AB Haiti (structure du p-code),en vigueur dans ce millesime,"Millesime CNIGS en vigueur au 29/11/2018, republie par OCHA le 26/01/2026. Des referentiels haitiens plus recents reconnaissent des communes creees apres cette date : leur absence ici ne signifie pas qu'elles n'existent pas."
HTA-022,HT022,,arrondissement,Bainet,Benè,HTD-02,CNIGS 2018,2018-11-29,,CNIGS / UN OCHA COD-AB Haiti (structure du p-code),en vigueur dans ce millesime,"Millesime CNIGS en vigueur au 29/11/2018, republie par OCHA le 26/01/2026. Des referentiels haitiens plus recents reconnaissent des communes creees apres cette date : leur absence ici ne signifie pas qu'elles n'existent pas."
HTA-023,HT023,,arrondissement,Belle-Anse,Bèlans,HTD-02,CNIGS 2018,2018-11-29,,CNIGS / UN OCHA COD-AB Haiti (structure du p-code),en vigueur dans ce millesime,"Millesime CNIGS en vigueur au 29/11/2018, republie par OCHA le 26/01/2026. Des referentiels haitiens plus recents reconnaissent des communes creees apres cette date : leur absence ici ne signifie pas qu'elles n'existent pas."
HTA-031,HT031,,arrondissement,Cap-Haïtien,Kap Ayisyen,HTD-03,CNIGS 2018,2018-11-29,,CNIGS / UN OCHA COD-AB Haiti (structure du p-code),en vigueur dans ce millesime,"Millesime CNIGS en vigueur au 29/11/2018, republie par OCHA le 26/01/2026. Des referentiels haitiens plus recents reconnaissent des communes creees apres cette date : leur absence ici ne signifie pas qu'elles n'existent pas."
HTA-032,HT032,,arrondissement,Acul du Nord,Akil dinò,HTD-03,CNIGS 2018,2018-11-29,,CNIGS / UN OCHA COD-AB Haiti (structure du p-code),en vigueur dans ce millesime,"Millesime CNIGS en vigueur au 29/11/2018, republie par OCHA le 26/01/2026. Des referentiels haitiens plus recents reconnaissent des communes creees apres cette date : leur absence ici ne signifie pas qu'elles n'existent pas."
HTA-033,HT033,,arrondissement,Grande Rivière Du Nord,Grann Rivyè dinò,HTD-03,CNIGS 2018,2018-11-29,,CNIGS / UN OCHA COD-AB Haiti (structure du p-code),en vigueur dans ce millesime,"Millesime CNIGS en vigueur au 29/11/2018, republie par OCHA le 26/01/2026. Des referentiels haitiens plus recents reconnaissent des communes creees apres cette date : leur absence ici ne signifie pas qu'elles n'existent pas."
HTA-034,HT034,,arrondissement,Saint-Raphaël,Sen Rafayèl,HTD-03,CNIGS 2018,2018-11-29,,CNIGS / UN OCHA COD-AB Haiti (structure du p-code),en vigueur dans ce millesime,"Millesime CNIGS en vigueur au 29/11/2018, republie par OCHA le 26/01/2026. Des referentiels haitiens plus recents reconnaissent des communes creees apres cette date : leur absence ici ne signifie pas qu'elles n'existent pas."
HTA-035,HT035,,arrondissement,Borgne,Bòn,HTD-03,CNIGS 2018,2018-11-29,,CNIGS / UN OCHA COD-AB Haiti (structure du p-code),en vigueur dans ce millesime,"Millesime CNIGS en vigueur au 29/11/2018, republie par OCHA le 26/01/2026. Des referentiels haitiens plus recents reconnaissent des communes creees apres cette date : leur absence ici ne signifie pas qu'elles n'existent pas."
HTA-036,HT036,,arrondissement,Limbé,Lenbe,HTD-03,CNIGS 2018,2018-11-29,,CNIGS / UN OCHA COD-AB Haiti (structure du p-code),en vigueur dans ce millesime,"Millesime CNIGS en vigueur au 29/11/2018, republie par OCHA le 26/01/2026. Des referentiels haitiens plus recents reconnaissent des communes creees apres cette date : leur absence ici ne signifie pas qu'elles n'existent pas."
HTA-037,HT037,,arrondissement,Plaisance,Plezans,HTD-03,CNIGS 2018,2018-11-29,,CNIGS / UN OCHA COD-AB Haiti (structure du p-code),en vigueur dans ce millesime,"Millesime CNIGS en vigueur au 29/11/2018, republie par OCHA le 26/01/2026. Des referentiels haitiens plus recents reconnaissent des communes creees apres cette date : leur absence ici ne signifie pas qu'elles n'existent pas."
HTA-041,HT041,,arrondissement,Fort-Liberté,Fòlibète,HTD-04,CNIGS 2018,2018-11-29,,CNIGS / UN OCHA COD-AB Haiti (structure du p-code),en vigueur dans ce millesime,"Millesime CNIGS en vigueur au 29/11/2018, republie par OCHA le 26/01/2026. Des referentiels haitiens plus recents reconnaissent des communes creees apres cette date : leur absence ici ne signifie pas qu'elles n'existent pas."
HTA-042,HT042,,arrondissement,Ouanaminthe,Wanament,HTD-04,CNIGS 2018,2018-11-29,,CNIGS / UN OCHA COD-AB Haiti (structure du p-code),en vigueur dans ce millesime,"Millesime CNIGS en vigueur au 29/11/2018, republie par OCHA le 26/01/2026. Des referentiels haitiens plus recents reconnaissent des communes creees apres cette date : leur absence ici ne signifie pas qu'elles n'existent pas."
HTA-043,HT043,,arrondissement,Trou du Nord,Twou dinò,HTD-04,CNIGS 2018,2018-11-29,,CNIGS / UN OCHA COD-AB Haiti (structure du p-code),en vigueur dans ce millesime,"Millesime CNIGS en vigueur au 29/11/2018, republie par OCHA le 26/01/2026. Des referentiels haitiens plus recents reconnaissent des communes creees apres cette date : leur absence ici ne signifie pas qu'elles n'existent pas."
HTA-044,HT044,,arrondissement,Vallières,Valyè,HTD-04,CNIGS 2018,2018-11-29,,CNIGS / UN OCHA COD-AB Haiti (structure du p-code),en vigueur dans ce millesime,"Millesime CNIGS en vigueur au 29/11/2018, republie par OCHA le 26/01/2026. Des referentiels haitiens plus recents reconnaissent des communes creees apres cette date : leur absence ici ne signifie pas qu'elles n'existent pas."
HTA-051,HT051,,arrondissement,Gonaïves,Gonayiv,HTD-05,CNIGS 2018,2018-11-29,,CNIGS / UN OCHA COD-AB Haiti (structure du p-code),en vigueur dans ce millesime,"Millesime CNIGS en vigueur au 29/11/2018, republie par OCHA le 26/01/2026. Des referentiels haitiens plus recents reconnaissent des communes creees apres cette date : leur absence ici ne signifie pas qu'elles n'existent pas."
HTA-052,HT052,,arrondissement,Gros Morne,Gro Mòn,HTD-05,CNIGS 2018,2018-11-29,,CNIGS / UN OCHA COD-AB Haiti (structure du p-code),en vigueur dans ce millesime,"Millesime CNIGS en vigueur au 29/11/2018, republie par OCHA le 26/01/2026. Des referentiels haitiens plus recents reconnaissent des communes creees apres cette date : leur absence ici ne signifie pas qu'elles n'existent pas."
HTA-053,HT053,,arrondissement,Saint-Marc,Sen Mak,HTD-05,CNIGS 2018,2018-11-29,,CNIGS / UN OCHA COD-AB Haiti (structure du p-code),en vigueur dans ce millesime,"Millesime CNIGS en vigueur au 29/11/2018, republie par OCHA le 26/01/2026. Des referentiels haitiens plus recents reconnaissent des communes creees apres cette date : leur absence ici ne signifie pas qu'elles n'existent pas."
HTA-054,HT054,,arrondissement,Dessalines,Desalin,HTD-05,CNIGS 2018,2018-11-29,,CNIGS / UN OCHA COD-AB Haiti (structure du p-code),en vigueur dans ce millesime,"Millesime CNIGS en vigueur au 29/11/2018, republie par OCHA le 26/01/2026. Des referentiels haitiens plus recents reconnaissent des communes creees apres cette date : leur absence ici ne signifie pas qu'elles n'existent pas."
HTA-055,HT055,,arrondissement,Saint-Michel de l'Attalaye,Sen Michèl Latalay,HTD-05,CNIGS 2018,2018-11-29,,CNIGS / UN OCHA COD-AB Haiti (structure du p-code),en vigueur dans ce millesime,"Millesime CNIGS en vigueur au 29/11/2018, republie par OCHA le 26/01/2026. Des referentiels haitiens plus recents reconnaissent des communes creees apres cette date : leur absence ici ne signifie pas qu'elles n'existent pas."
HTA-061,HT061,,arrondissement,Hinche,Ench,HTD-06,CNIGS 2018,2018-11-29,,CNIGS / UN OCHA COD-AB Haiti (structure du p-code),en vigueur dans ce millesime,"Millesime CNIGS en vigueur au 29/11/2018, republie par OCHA le 26/01/2026. Des referentiels haitiens plus recents reconnaissent des communes creees apres cette date : leur absence ici ne signifie pas qu'elles n'existent pas."
HTA-062,HT062,,arrondissement,Mirebalais,Mibalè,HTD-06,CNIGS 2018,2018-11-29,,CNIGS / UN OCHA COD-AB Haiti (structure du p-code),en vigueur dans ce millesime,"Millesime CNIGS en vigueur au 29/11/2018, republie par OCHA le 26/01/2026. Des referentiels haitiens plus recents reconnaissent des communes creees apres cette date : leur absence ici ne signifie pas qu'elles n'existent pas."
HTA-063,HT063,,arrondissement,Lascahobas,Laskawobas,HTD-06,CNIGS 2018,2018-11-29,,CNIGS / UN OCHA COD-AB Haiti (structure du p-code),en vigueur dans ce millesime,"Millesime CNIGS en vigueur au 29/11/2018, republie par OCHA le 26/01/2026. Des referentiels haitiens plus recents reconnaissent des communes creees apres cette date : leur absence ici ne signifie pas qu'elles n'existent pas."
HTA-064,HT064,,arrondissement,Cerca La Source,Sèka Lasous,HTD-06,CNIGS 2018,2018-11-29,,CNIGS / UN OCHA COD-AB Haiti (structure du p-code),en vigueur dans ce millesime,"Millesime CNIGS en vigueur au 29/11/2018, republie par OCHA le 26/01/2026. Des referentiels haitiens plus recents reconnaissent des communes creees apres cette date : leur absence ici ne signifie pas qu'elles n'existent pas."
HTA-071,HT071,,arrondissement,Les Cayes,Okay,HTD-07,CNIGS 2018,2018-11-29,,CNIGS / UN OCHA COD-AB Haiti (structure du p-code),en vigueur dans ce millesime,"Millesime CNIGS en vigueur au 29/11/2018, republie par OCHA le 26/01/2026. Des referentiels haitiens plus recents reconnaissent des communes creees apres cette date : leur absence ici ne signifie pas qu'elles n'existent pas."
HTA-072,HT072,,arrondissement,Port-Salut,Pò Sali,HTD-07,CNIGS 2018,2018-11-29,,CNIGS / UN OCHA COD-AB Haiti (structure du p-code),en vigueur dans ce millesime,"Millesime CNIGS en vigueur au 29/11/2018, republie par OCHA le 26/01/2026. Des referentiels haitiens plus recents reconnaissent des communes creees apres cette date : leur absence ici ne signifie pas qu'elles n'existent pas."
HTA-073,HT073,,arrondissement,Aquin,Aken,HTD-07,CNIGS 2018,2018-11-29,,CNIGS / UN OCHA COD-AB Haiti (structure du p-code),en vigueur dans ce millesime,"Millesime CNIGS en vigueur au 29/11/2018, republie par OCHA le 26/01/2026. Des referentiels haitiens plus recents reconnaissent des communes creees apres cette date : leur absence ici ne signifie pas qu'elles n'existent pas."
HTA-074,HT074,,arrondissement,Côteaux,Okoto,HTD-07,CNIGS 2018,2018-11-29,,CNIGS / UN OCHA COD-AB Haiti (structure du p-code),en vigueur dans ce millesime,"Millesime CNIGS en vigueur au 29/11/2018, republie par OCHA le 26/01/2026. Des referentiels haitiens plus recents reconnaissent des communes creees apres cette date : leur absence ici ne signifie pas qu'elles n'existent pas."
HTA-075,HT075,,arrondissement,Chardonnières,Chadonyè,HTD-07,CNIGS 2018,2018-11-29,,CNIGS / UN OCHA COD-AB Haiti (structure du p-code),en vigueur dans ce millesime,"Millesime CNIGS en vigueur au 29/11/2018, republie par OCHA le 26/01/2026. Des referentiels haitiens plus recents reconnaissent des communes creees apres cette date : leur absence ici ne signifie pas qu'elles n'existent pas."
HTA-081,HT081,,arrondissement,Jérémie,Jeremi,HTD-08,CNIGS 2018,2018-11-29,,CNIGS / UN OCHA COD-AB Haiti (structure du p-code),en vigueur dans ce millesime,"Millesime CNIGS en vigueur au 29/11/2018, republie par OCHA le 26/01/2026. Des referentiels haitiens plus recents reconnaissent des communes creees apres cette date : leur absence ici ne signifie pas qu'elles n'existent pas."
HTA-082,HT082,,arrondissement,Anse d'Hainault,Ansdeno,HTD-08,CNIGS 2018,2018-11-29,,CNIGS / UN OCHA COD-AB Haiti (structure du p-code),en vigueur dans ce millesime,"Millesime CNIGS en vigueur au 29/11/2018, republie par OCHA le 26/01/2026. Des referentiels haitiens plus recents reconnaissent des communes creees apres cette date : leur absence ici ne signifie pas qu'elles n'existent pas."
HTA-083,HT083,,arrondissement,Corail,Koray,HTD-08,CNIGS 2018,2018-11-29,,CNIGS / UN OCHA COD-AB Haiti (structure du p-code),en vigueur dans ce millesime,"Millesime CNIGS en vigueur au 29/11/2018, republie par OCHA le 26/01/2026. Des referentiels haitiens plus recents reconnaissent des communes creees apres cette date : leur absence ici ne signifie pas qu'elles n'existent pas."
HTA-091,HT091,,arrondissement,Port-de-Paix,Pòdpè,HTD-09,CNIGS 2018,2018-11-29,,CNIGS / UN OCHA COD-AB Haiti (structure du p-code),en vigueur dans ce millesime,"Millesime CNIGS en vigueur au 29/11/2018, republie par OCHA le 26/01/2026. Des referentiels haitiens plus recents reconnaissent des communes creees apres cette date : leur absence ici ne signifie pas qu'elles n'existent pas."
HTA-092,HT092,,arrondissement,Saint-Louis du Nord,Sen Lwi dinò,HTD-09,CNIGS 2018,2018-11-29,,CNIGS / UN OCHA COD-AB Haiti (structure du p-code),en vigueur dans ce millesime,"Millesime CNIGS en vigueur au 29/11/2018, republie par OCHA le 26/01/2026. Des referentiels haitiens plus recents reconnaissent des communes creees apres cette date : leur absence ici ne signifie pas qu'elles n'existent pas."
HTA-093,HT093,,arrondissement,Môle Saint Nicolas,Mòl Sen Nikola,HTD-09,CNIGS 2018,2018-11-29,,CNIGS / UN OCHA COD-AB Haiti (structure du p-code),en vigueur dans ce millesime,"Millesime CNIGS en vigueur au 29/11/2018, republie par OCHA le 26/01/2026. Des referentiels haitiens plus recents reconnaissent des communes creees apres cette date : leur absence ici ne signifie pas qu'elles n'existent pas."
HTA-101,HT101,,arrondissement,Miragoâne,Miragwàn,HTD-10,CNIGS 2018,2018-11-29,,CNIGS / UN OCHA COD-AB Haiti (structure du p-code),en vigueur dans ce millesime,"Millesime CNIGS en vigueur au 29/11/2018, republie par OCHA le 26/01/2026. Des referentiels haitiens plus recents reconnaissent des communes creees apres cette date : leur absence ici ne signifie pas qu'elles n'existent pas."
HTA-102,HT102,,arrondissement,Anse-à-Veau,Ansavo,HTD-10,CNIGS 2018,2018-11-29,,CNIGS / UN OCHA COD-AB Haiti (structure du p-code),en vigueur dans ce millesime,"Millesime CNIGS en vigueur au 29/11/2018, republie par OCHA le 26/01/2026. Des referentiels haitiens plus recents reconnaissent des communes creees apres cette date : leur absence ici ne signifie pas qu'elles n'existent pas."
HTA-103,HT103,,arrondissement,Baradères,Baradè,HTD-10,CNIGS 2018,2018-11-29,,CNIGS / UN OCHA COD-AB Haiti (structure du p-code),en vigueur dans ce millesime,"Millesime CNIGS en vigueur au 29/11/2018, republie par OCHA le 26/01/2026. Des referentiels haitiens plus recents reconnaissent des communes creees apres cette date : leur absence ici ne signifie pas qu'elles n'existent pas."
HTC-0111,HT0111,HT0111,commune,Port-au-Prince,Pòtoprens,HTA-011,CNIGS 2018,2018-11-29,,CNIGS / UN OCHA COD-AB Haiti,en vigueur dans ce millesime,"Millesime CNIGS en vigueur au 29/11/2018, republie par OCHA le 26/01/2026. Des referentiels haitiens plus recents reconnaissent des communes creees apres cette date : leur absence ici ne signifie pas qu'elles n'existent pas."
HTC-0112,HT0112,HT0112,commune,Delmas,Dèlma,HTA-011,CNIGS 2018,2018-11-29,,CNIGS / UN OCHA COD-AB Haiti,en vigueur dans ce millesime,"Millesime CNIGS en vigueur au 29/11/2018, republie par OCHA le 26/01/2026. Des referentiels haitiens plus recents reconnaissent des communes creees apres cette date : leur absence ici ne signifie pas qu'elles n'existent pas."
HTC-0113,HT0113,HT0113,commune,Carrefour,Kafou,HTA-011,CNIGS 2018,2018-11-29,,CNIGS / UN OCHA COD-AB Haiti,en vigueur dans ce millesime,"Millesime CNIGS en vigueur au 29/11/2018, republie par OCHA le 26/01/2026. Des referentiels haitiens plus recents reconnaissent des communes creees apres cette date : leur absence ici ne signifie pas qu'elles n'existent pas."
HTC-0114,HT0114,HT0114,commune,Pétion-Ville,Petyonvil,HTA-011,CNIGS 2018,2018-11-29,,CNIGS / UN OCHA COD-AB Haiti,en vigueur dans ce millesime,"Millesime CNIGS en vigueur au 29/11/2018, republie par OCHA le 26/01/2026. Des referentiels haitiens plus recents reconnaissent des communes creees apres cette date : leur absence ici ne signifie pas qu'elles n'existent pas."
HTC-0115,HT0115,HT0115,commune,Kenscoff,Kenskòf,HTA-011,CNIGS 2018,2018-11-29,,CNIGS / UN OCHA COD-AB Haiti,en vigueur dans ce millesime,"Millesime CNIGS en vigueur au 29/11/2018, republie par OCHA le 26/01/2026. Des referentiels haitiens plus recents reconnaissent des communes creees apres cette date : leur absence ici ne signifie pas qu'elles n'existent pas."
HTC-0116,HT0116,HT0116,commune,Gressier,Gresye,HTA-011,CNIGS 2018,2018-11-29,,CNIGS / UN OCHA COD-AB Haiti,en vigueur dans ce millesime,"Millesime CNIGS en vigueur au 29/11/2018, republie par OCHA le 26/01/2026. Des referentiels haitiens plus recents reconnaissent des communes creees apres cette date : leur absence ici ne signifie pas qu'elles n'existent pas."
HTC-0117,HT0117,HT0117,commune,Cité Soleil,Site Solèy,HTA-011,CNIGS 2018,2018-11-29,,CNIGS / UN OCHA COD-AB Haiti,en vigueur dans ce millesime,"Millesime CNIGS en vigueur au 29/11/2018, republie par OCHA le 26/01/2026. Des referentiels haitiens plus recents reconnaissent des communes creees apres cette date : leur absence ici ne signifie pas qu'elles n'existent pas."
HTC-0118,HT0118,HT0118,commune,Tabarre,Taba,HTA-011,CNIGS 2018,2018-11-29,,CNIGS / UN OCHA COD-AB Haiti,en vigueur dans ce millesime,"Millesime CNIGS en vigueur au 29/11/2018, republie par OCHA le 26/01/2026. Des referentiels haitiens plus recents reconnaissent des communes creees apres cette date : leur absence ici ne signifie pas qu'elles n'existent pas."
HTC-0121,HT0121,HT0121,commune,Léogâne,Leyogàn,HTA-012,CNIGS 2018,2018-11-29,,CNIGS / UN OCHA COD-AB Haiti,en vigueur dans ce millesime,"Millesime CNIGS en vigueur au 29/11/2018, republie par OCHA le 26/01/2026. Des referentiels haitiens plus recents reconnaissent des communes creees apres cette date : leur absence ici ne signifie pas qu'elles n'existent pas."
HTC-0122,HT0122,HT0122,commune,Petit-Goâve,Tigwav,HTA-012,CNIGS 2018,2018-11-29,,CNIGS / UN OCHA COD-AB Haiti,en vigueur dans ce millesime,"Millesime CNIGS en vigueur au 29/11/2018, republie par OCHA le 26/01/2026. Des referentiels haitiens plus recents reconnaissent des communes creees apres cette date : leur absence ici ne signifie pas qu'elles n'existent pas."
HTC-0123,HT0123,HT0123,commune,Grand-Goâve,Gran Gwav,HTA-012,CNIGS 2018,2018-11-29,,CNIGS / UN OCHA COD-AB Haiti,en vigueur dans ce millesime,"Millesime CNIGS en vigueur au 29/11/2018, republie par OCHA le 26/01/2026. Des referentiels haitiens plus recents reconnaissent des communes creees apres cette date : leur absence ici ne signifie pas qu'elles n'existent pas."
HTC-0131,HT0131,HT0131,commune,Croix-Des-Bouquets,Kwadèboukè,HTA-013,CNIGS 2018,2018-11-29,,CNIGS / UN OCHA COD-AB Haiti,en vigueur dans ce millesime,"Millesime CNIGS en vigueur au 29/11/2018, republie par OCHA le 26/01/2026. Des referentiels haitiens plus recents reconnaissent des communes creees apres cette date : leur absence ici ne signifie pas qu'elles n'existent pas."
HTC-0132,HT0132,HT0132,commune,Thomazeau,Tomazo,HTA-013,CNIGS 2018,2018-11-29,,CNIGS / UN OCHA COD-AB Haiti,en vigueur dans ce millesime,"Millesime CNIGS en vigueur au 29/11/2018, republie par OCHA le 26/01/2026. Des referentiels haitiens plus recents reconnaissent des communes creees apres cette date : leur absence ici ne signifie pas qu'elles n'existent pas."
HTC-0133,HT0133,HT0133,commune,Ganthier,Gantye,HTA-013,CNIGS 2018,2018-11-29,,CNIGS / UN OCHA COD-AB Haiti,en vigueur dans ce millesime,"Millesime CNIGS en vigueur au 29/11/2018, republie par OCHA le 26/01/2026. Des referentiels haitiens plus recents reconnaissent des communes creees apres cette date : leur absence ici ne signifie pas qu'elles n'existent pas."
HTC-0134,HT0134,HT0134,commune,Cornillon / Grand Bois,Kòniyon / Gran Bwa,HTA-013,CNIGS 2018,2018-11-29,,CNIGS / UN OCHA COD-AB Haiti,en vigueur dans ce millesime,"Millesime CNIGS en vigueur au 29/11/2018, republie par OCHA le 26/01/2026. Des referentiels haitiens plus recents reconnaissent des communes creees apres cette date : leur absence ici ne signifie pas qu'elles n'existent pas."
HTC-0135,HT0135,HT0135,commune,Fonds-Verrettes,Fonvèrèt,HTA-013,CNIGS 2018,2018-11-29,,CNIGS / UN OCHA COD-AB Haiti,en vigueur dans ce millesime,"Millesime CNIGS en vigueur au 29/11/2018, republie par OCHA le 26/01/2026. Des referentiels haitiens plus recents reconnaissent des communes creees apres cette date : leur absence ici ne signifie pas qu'elles n'existent pas."
HTC-0141,HT0141,HT0141,commune,Arcahaie,Akayè,HTA-014,CNIGS 2018,2018-11-29,,CNIGS / UN OCHA COD-AB Haiti,en vigueur dans ce millesime,"Millesime CNIGS en vigueur au 29/11/2018, republie par OCHA le 26/01/2026. Des referentiels haitiens plus recents reconnaissent des communes creees apres cette date : leur absence ici ne signifie pas qu'elles n'existent pas."
HTC-0142,HT0142,HT0142,commune,Cabaret,Kabarè,HTA-014,CNIGS 2018,2018-11-29,,CNIGS / UN OCHA COD-AB Haiti,en vigueur dans ce millesime,"Millesime CNIGS en vigueur au 29/11/2018, republie par OCHA le 26/01/2026. Des referentiels haitiens plus recents reconnaissent des communes creees apres cette date : leur absence ici ne signifie pas qu'elles n'existent pas."
HTC-0151,HT0151,HT0151,commune,Anse à Galets,Ansa galè ,HTA-015,CNIGS 2018,2018-11-29,,CNIGS / UN OCHA COD-AB Haiti,en vigueur dans ce millesime,"Millesime CNIGS en vigueur au 29/11/2018, republie par OCHA le 26/01/2026. Des referentiels haitiens plus recents reconnaissent des communes creees apres cette date : leur absence ici ne signifie pas qu'elles n'existent pas."
HTC-0152,HT0152,HT0152,commune,Pointe à Raquette,Pwent a Rakèt,HTA-015,CNIGS 2018,2018-11-29,,CNIGS / UN OCHA COD-AB Haiti,en vigueur dans ce millesime,"Millesime CNIGS en vigueur au 29/11/2018, republie par OCHA le 26/01/2026. Des referentiels haitiens plus recents reconnaissent des communes creees apres cette date : leur absence ici ne signifie pas qu'elles n'existent pas."
HTC-0211,HT0211,HT0211,commune,Jacmel,Jakmèl,HTA-021,CNIGS 2018,2018-11-29,,CNIGS / UN OCHA COD-AB Haiti,en vigueur dans ce millesime,"Millesime CNIGS en vigueur au 29/11/2018, republie par OCHA le 26/01/2026. Des referentiels haitiens plus recents reconnaissent des communes creees apres cette date : leur absence ici ne signifie pas qu'elles n'existent pas."
HTC-0212,HT0212,HT0212,commune,Marigot,Marigo,HTA-021,CNIGS 2018,2018-11-29,,CNIGS / UN OCHA COD-AB Haiti,en vigueur dans ce millesime,"Millesime CNIGS en vigueur au 29/11/2018, republie par OCHA le 26/01/2026. Des referentiels haitiens plus recents reconnaissent des communes creees apres cette date : leur absence ici ne signifie pas qu'elles n'existent pas."
HTC-0213,HT0213,HT0213,commune,Cayes-Jacmel,Kay Jakmèl,HTA-021,CNIGS 2018,2018-11-29,,CNIGS / UN OCHA COD-AB Haiti,en vigueur dans ce millesime,"Millesime CNIGS en vigueur au 29/11/2018, republie par OCHA le 26/01/2026. Des referentiels haitiens plus recents reconnaissent des communes creees apres cette date : leur absence ici ne signifie pas qu'elles n'existent pas."
HTC-0214,HT0214,HT0214,commune,La Vallée,Lavale,HTA-021,CNIGS 2018,2018-11-29,,CNIGS / UN OCHA COD-AB Haiti,en vigueur dans ce millesime,"Millesime CNIGS en vigueur au 29/11/2018, republie par OCHA le 26/01/2026. Des referentiels haitiens plus recents reconnaissent des communes creees apres cette date : leur absence ici ne signifie pas qu'elles n'existent pas."
HTC-0221,HT0221,HT0221,commune,Bainet,Benè,HTA-022,CNIGS 2018,2018-11-29,,CNIGS / UN OCHA COD-AB Haiti,en vigueur dans ce millesime,"Millesime CNIGS en vigueur au 29/11/2018, republie par OCHA le 26/01/2026. Des referentiels haitiens plus recents reconnaissent des communes creees apres cette date : leur absence ici ne signifie pas qu'elles n'existent pas."
HTC-0222,HT0222,HT0222,commune,Côtes de Fer,Kòtdefè,HTA-022,CNIGS 2018,2018-11-29,,CNIGS / UN OCHA COD-AB Haiti,en vigueur dans ce millesime,"Millesime CNIGS en vigueur au 29/11/2018, republie par OCHA le 26/01/2026. Des referentiels haitiens plus recents reconnaissent des communes creees apres cette date : leur absence ici ne signifie pas qu'elles n'existent pas."
HTC-0231,HT0231,HT0231,commune,Belle-Anse,Bèlans,HTA-023,CNIGS 2018,2018-11-29,,CNIGS / UN OCHA COD-AB Haiti,en vigueur dans ce millesime,"Millesime CNIGS en vigueur au 29/11/2018, republie par OCHA le 26/01/2026. Des referentiels haitiens plus recents reconnaissent des communes creees apres cette date : leur absence ici ne signifie pas qu'elles n'existent pas."
HTC-0232,HT0232,HT0232,commune,Grand Gosier,Gran Gozye,HTA-023,CNIGS 2018,2018-11-29,,CNIGS / UN OCHA COD-AB Haiti,en vigueur dans ce millesime,"Millesime CNIGS en vigueur au 29/11/2018, republie par OCHA le 26/01/2026. Des referentiels haitiens plus recents reconnaissent des communes creees apres cette date : leur absence ici ne signifie pas qu'elles n'existent pas."
HTC-0233,HT0233,HT0233,commune,Thiotte,Tiòt,HTA-023,CNIGS 2018,2018-11-29,,CNIGS / UN OCHA COD-AB Haiti,en vigueur dans ce millesime,"Millesime CNIGS en vigueur au 29/11/2018, republie par OCHA le 26/01/2026. Des referentiels haitiens plus recents reconnaissent des communes creees apres cette date : leur absence ici ne signifie pas qu'elles n'existent pas."
HTC-0234,HT0234,HT0234,commune,Anse-à-Pître,Ansapit,HTA-023,CNIGS 2018,2018-11-29,,CNIGS / UN OCHA COD-AB Haiti,en vigueur dans ce millesime,"Millesime CNIGS en vigueur au 29/11/2018, republie par OCHA le 26/01/2026. Des referentiels haitiens plus recents reconnaissent des communes creees apres cette date : leur absence ici ne signifie pas qu'elles n'existent pas."
HTC-0311,HT0311,HT0311,commune,Cap-Haïtien,Kap Ayisyen,HTA-031,CNIGS 2018,2018-11-29,,CNIGS / UN OCHA COD-AB Haiti,en vigueur dans ce millesime,"Millesime CNIGS en vigueur au 29/11/2018, republie par OCHA le 26/01/2026. Des referentiels haitiens plus recents reconnaissent des communes creees apres cette date : leur absence ici ne signifie pas qu'elles n'existent pas."
HTC-0312,HT0312,HT0312,commune,Quartier Morin,Katye Moren,HTA-031,CNIGS 2018,2018-11-29,,CNIGS / UN OCHA COD-AB Haiti,en vigueur dans ce millesime,"Millesime CNIGS en vigueur au 29/11/2018, republie par OCHA le 26/01/2026. Des referentiels haitiens plus recents reconnaissent des communes creees apres cette date : leur absence ici ne signifie pas qu'elles n'existent pas."
HTC-0313,HT0313,HT0313,commune,Limonade,Limonad,HTA-031,CNIGS 2018,2018-11-29,,CNIGS / UN OCHA COD-AB Haiti,en vigueur dans ce millesime,"Millesime CNIGS en vigueur au 29/11/2018, republie par OCHA le 26/01/2026. Des referentiels haitiens plus recents reconnaissent des communes creees apres cette date : leur absence ici ne signifie pas qu'elles n'existent pas."
HTC-0321,HT0321,HT0321,commune,Acul du Nord,Akil dinò,HTA-032,CNIGS 2018,2018-11-29,,CNIGS / UN OCHA COD-AB Haiti,en vigueur dans ce millesime,"Millesime CNIGS en vigueur au 29/11/2018, republie par OCHA le 26/01/2026. Des referentiels haitiens plus recents reconnaissent des communes creees apres cette date : leur absence ici ne signifie pas qu'elles n'existent pas."
HTC-0322,HT0322,HT0322,commune,Plaine du Nord,Plèn dinò,HTA-032,CNIGS 2018,2018-11-29,,CNIGS / UN OCHA COD-AB Haiti,en vigueur dans ce millesime,"Millesime CNIGS en vigueur au 29/11/2018, republie par OCHA le 26/01/2026. Des referentiels haitiens plus recents reconnaissent des communes creees apres cette date : leur absence ici ne signifie pas qu'elles n'existent pas."
HTC-0323,HT0323,HT0323,commune,Milot,Milo,HTA-032,CNIGS 2018,2018-11-29,,CNIGS / UN OCHA COD-AB Haiti,en vigueur dans ce millesime,"Millesime CNIGS en vigueur au 29/11/2018, republie par OCHA le 26/01/2026. Des referentiels haitiens plus recents reconnaissent des communes creees apres cette date : leur absence ici ne signifie pas qu'elles n'existent pas."
HTC-0331,HT0331,HT0331,commune,Grande Rivière Du Nord,Grann Rivyè dinò,HTA-033,CNIGS 2018,2018-11-29,,CNIGS / UN OCHA COD-AB Haiti,en vigueur dans ce millesime,"Millesime CNIGS en vigueur au 29/11/2018, republie par OCHA le 26/01/2026. Des referentiels haitiens plus recents reconnaissent des communes creees apres cette date : leur absence ici ne signifie pas qu'elles n'existent pas."
HTC-0332,HT0332,HT0332,commune,Bahon,Baron,HTA-033,CNIGS 2018,2018-11-29,,CNIGS / UN OCHA COD-AB Haiti,en vigueur dans ce millesime,"Millesime CNIGS en vigueur au 29/11/2018, republie par OCHA le 26/01/2026. Des referentiels haitiens plus recents reconnaissent des communes creees apres cette date : leur absence ici ne signifie pas qu'elles n'existent pas."
HTC-0341,HT0341,HT0341,commune,Saint-Raphaël,Sen Rafayèl,HTA-034,CNIGS 2018,2018-11-29,,CNIGS / UN OCHA COD-AB Haiti,en vigueur dans ce millesime,"Millesime CNIGS en vigueur au 29/11/2018, republie par OCHA le 26/01/2026. Des referentiels haitiens plus recents reconnaissent des communes creees apres cette date : leur absence ici ne signifie pas qu'elles n'existent pas."
HTC-0342,HT0342,HT0342,commune,Dondon,Dondon,HTA-034,CNIGS 2018,2018-11-29,,CNIGS / UN OCHA COD-AB Haiti,en vigueur dans ce millesime,"Millesime CNIGS en vigueur au 29/11/2018, republie par OCHA le 26/01/2026. Des referentiels haitiens plus recents reconnaissent des communes creees apres cette date : leur absence ici ne signifie pas qu'elles n'existent pas."
HTC-0343,HT0343,HT0343,commune,Ranquitte,Rankit,HTA-034,CNIGS 2018,2018-11-29,,CNIGS / UN OCHA COD-AB Haiti,en vigueur dans ce millesime,"Millesime CNIGS en vigueur au 29/11/2018, republie par OCHA le 26/01/2026. Des referentiels haitiens plus recents reconnaissent des communes creees apres cette date : leur absence ici ne signifie pas qu'elles n'existent pas."
HTC-0344,HT0344,HT0344,commune,Pignon,Piyon,HTA-034,CNIGS 2018,2018-11-29,,CNIGS / UN OCHA COD-AB Haiti,en vigueur dans ce millesime,"Millesime CNIGS en vigueur au 29/11/2018, republie par OCHA le 26/01/2026. Des referentiels haitiens plus recents reconnaissent des communes creees apres cette date : leur absence ici ne signifie pas qu'elles n'existent pas."
HTC-0345,HT0345,HT0345,commune,La Victoire,La viktwa,HTA-034,CNIGS 2018,2018-11-29,,CNIGS / UN OCHA COD-AB Haiti,en vigueur dans ce millesime,"Millesime CNIGS en vigueur au 29/11/2018, republie par OCHA le 26/01/2026. Des referentiels haitiens plus recents reconnaissent des communes creees apres cette date : leur absence ici ne signifie pas qu'elles n'existent pas."
HTC-0351,HT0351,HT0351,commune,Borgne,Bòn,HTA-035,CNIGS 2018,2018-11-29,,CNIGS / UN OCHA COD-AB Haiti,en vigueur dans ce millesime,"Millesime CNIGS en vigueur au 29/11/2018, republie par OCHA le 26/01/2026. Des referentiels haitiens plus recents reconnaissent des communes creees apres cette date : leur absence ici ne signifie pas qu'elles n'existent pas."
HTC-0352,HT0352,HT0352,commune,Port-Margot,Pòmago,HTA-035,CNIGS 2018,2018-11-29,,CNIGS / UN OCHA COD-AB Haiti,en vigueur dans ce millesime,"Millesime CNIGS en vigueur au 29/11/2018, republie par OCHA le 26/01/2026. Des referentiels haitiens plus recents reconnaissent des communes creees apres cette date : leur absence ici ne signifie pas qu'elles n'existent pas."
HTC-0361,HT0361,HT0361,commune,Limbé,Lenbe,HTA-036,CNIGS 2018,2018-11-29,,CNIGS / UN OCHA COD-AB Haiti,en vigueur dans ce millesime,"Millesime CNIGS en vigueur au 29/11/2018, republie par OCHA le 26/01/2026. Des referentiels haitiens plus recents reconnaissent des communes creees apres cette date : leur absence ici ne signifie pas qu'elles n'existent pas."
HTC-0362,HT0362,HT0362,commune,Bas Limbé,Ba Lenbe,HTA-036,CNIGS 2018,2018-11-29,,CNIGS / UN OCHA COD-AB Haiti,en vigueur dans ce millesime,"Millesime CNIGS en vigueur au 29/11/2018, republie par OCHA le 26/01/2026. Des referentiels haitiens plus recents reconnaissent des communes creees apres cette date : leur absence ici ne signifie pas qu'elles n'existent pas."
HTC-0371,HT0371,HT0371,commune,Plaisance,Plezans,HTA-037,CNIGS 2018,2018-11-29,,CNIGS / UN OCHA COD-AB Haiti,en vigueur dans ce millesime,"Millesime CNIGS en vigueur au 29/11/2018, republie par OCHA le 26/01/2026. Des referentiels haitiens plus recents reconnaissent des communes creees apres cette date : leur absence ici ne signifie pas qu'elles n'existent pas."
HTC-0372,HT0372,HT0372,commune,Pilate,Pilat,HTA-037,CNIGS 2018,2018-11-29,,CNIGS / UN OCHA COD-AB Haiti,en vigueur dans ce millesime,"Millesime CNIGS en vigueur au 29/11/2018, republie par OCHA le 26/01/2026. Des referentiels haitiens plus recents reconnaissent des communes creees apres cette date : leur absence ici ne signifie pas qu'elles n'existent pas."
HTC-0411,HT0411,HT0411,commune,Fort-Liberté,Fòlibète,HTA-041,CNIGS 2018,2018-11-29,,CNIGS / UN OCHA COD-AB Haiti,en vigueur dans ce millesime,"Millesime CNIGS en vigueur au 29/11/2018, republie par OCHA le 26/01/2026. Des referentiels haitiens plus recents reconnaissent des communes creees apres cette date : leur absence ici ne signifie pas qu'elles n'existent pas."
HTC-0412,HT0412,HT0412,commune,Ferrier,Ferye,HTA-041,CNIGS 2018,2018-11-29,,CNIGS / UN OCHA COD-AB Haiti,en vigueur dans ce millesime,"Millesime CNIGS en vigueur au 29/11/2018, republie par OCHA le 26/01/2026. Des referentiels haitiens plus recents reconnaissent des communes creees apres cette date : leur absence ici ne signifie pas qu'elles n'existent pas."
HTC-0413,HT0413,HT0413,commune,Perches,Pèch,HTA-041,CNIGS 2018,2018-11-29,,CNIGS / UN OCHA COD-AB Haiti,en vigueur dans ce millesime,"Millesime CNIGS en vigueur au 29/11/2018, republie par OCHA le 26/01/2026. Des referentiels haitiens plus recents reconnaissent des communes creees apres cette date : leur absence ici ne signifie pas qu'elles n'existent pas."
HTC-0421,HT0421,HT0421,commune,Ouanaminthe,Wanament,HTA-042,CNIGS 2018,2018-11-29,,CNIGS / UN OCHA COD-AB Haiti,en vigueur dans ce millesime,"Millesime CNIGS en vigueur au 29/11/2018, republie par OCHA le 26/01/2026. Des referentiels haitiens plus recents reconnaissent des communes creees apres cette date : leur absence ici ne signifie pas qu'elles n'existent pas."
HTC-0422,HT0422,HT0422,commune,Capotille,Kapotiy,HTA-042,CNIGS 2018,2018-11-29,,CNIGS / UN OCHA COD-AB Haiti,en vigueur dans ce millesime,"Millesime CNIGS en vigueur au 29/11/2018, republie par OCHA le 26/01/2026. Des referentiels haitiens plus recents reconnaissent des communes creees apres cette date : leur absence ici ne signifie pas qu'elles n'existent pas."
HTC-0423,HT0423,HT0423,commune,Mont-Organisé,Montòganize,HTA-042,CNIGS 2018,2018-11-29,,CNIGS / UN OCHA COD-AB Haiti,en vigueur dans ce millesime,"Millesime CNIGS en vigueur au 29/11/2018, republie par OCHA le 26/01/2026. Des referentiels haitiens plus recents reconnaissent des communes creees apres cette date : leur absence ici ne signifie pas qu'elles n'existent pas."
HTC-0431,HT0431,HT0431,commune,Trou du Nord,Twou dinò,HTA-043,CNIGS 2018,2018-11-29,,CNIGS / UN OCHA COD-AB Haiti,en vigueur dans ce millesime,"Millesime CNIGS en vigueur au 29/11/2018, republie par OCHA le 26/01/2026. Des referentiels haitiens plus recents reconnaissent des communes creees apres cette date : leur absence ici ne signifie pas qu'elles n'existent pas."
HTC-0432,HT0432,HT0432,commune,Sainte Suzanne,Sent sizàn,HTA-043,CNIGS 2018,2018-11-29,,CNIGS / UN OCHA COD-AB Haiti,en vigueur dans ce millesime,"Millesime CNIGS en vigueur au 29/11/2018, republie par OCHA le 26/01/2026. Des referentiels haitiens plus recents reconnaissent des communes creees apres cette date : leur absence ici ne signifie pas qu'elles n'existent pas."
HTC-0433,HT0433,HT0433,commune,Terrier Rouge,Tèrye rouj,HTA-043,CNIGS 2018,2018-11-29,,CNIGS / UN OCHA COD-AB Haiti,en vigueur dans ce millesime,"Millesime CNIGS en vigueur au 29/11/2018, republie par OCHA le 26/01/2026. Des referentiels haitiens plus recents reconnaissent des communes creees apres cette date : leur absence ici ne signifie pas qu'elles n'existent pas."
HTC-0434,HT0434,HT0434,commune,Caracol,Karakòl,HTA-043,CNIGS 2018,2018-11-29,,CNIGS / UN OCHA COD-AB Haiti,en vigueur dans ce millesime,"Millesime CNIGS en vigueur au 29/11/2018, republie par OCHA le 26/01/2026. Des referentiels haitiens plus recents reconnaissent des communes creees apres cette date : leur absence ici ne signifie pas qu'elles n'existent pas."
HTC-0441,HT0441,HT0441,commune,Vallières,Valyè,HTA-044,CNIGS 2018,2018-11-29,,CNIGS / UN OCHA COD-AB Haiti,en vigueur dans ce millesime,"Millesime CNIGS en vigueur au 29/11/2018, republie par OCHA le 26/01/2026. Des referentiels haitiens plus recents reconnaissent des communes creees apres cette date : leur absence ici ne signifie pas qu'elles n'existent pas."
HTC-0442,HT0442,HT0442,commune,Carice,karis,HTA-044,CNIGS 2018,2018-11-29,,CNIGS / UN OCHA COD-AB Haiti,en vigueur dans ce millesime,"Millesime CNIGS en vigueur au 29/11/2018, republie par OCHA le 26/01/2026. Des referentiels haitiens plus recents reconnaissent des communes creees apres cette date : leur absence ici ne signifie pas qu'elles n'existent pas."
HTC-0443,HT0443,HT0443,commune,Mombin Crochu,Monben Krochi,HTA-044,CNIGS 2018,2018-11-29,,CNIGS / UN OCHA COD-AB Haiti,en vigueur dans ce millesime,"Millesime CNIGS en vigueur au 29/11/2018, republie par OCHA le 26/01/2026. Des referentiels haitiens plus recents reconnaissent des communes creees apres cette date : leur absence ici ne signifie pas qu'elles n'existent pas."
HTC-0511,HT0511,HT0511,commune,Gonaïves,Gonayiv,HTA-051,CNIGS 2018,2018-11-29,,CNIGS / UN OCHA COD-AB Haiti,en vigueur dans ce millesime,"Millesime CNIGS en vigueur au 29/11/2018, republie par OCHA le 26/01/2026. Des referentiels haitiens plus recents reconnaissent des communes creees apres cette date : leur absence ici ne signifie pas qu'elles n'existent pas."
HTC-0512,HT0512,HT0512,commune,Ennery,Ènri,HTA-051,CNIGS 2018,2018-11-29,,CNIGS / UN OCHA COD-AB Haiti,en vigueur dans ce millesime,"Millesime CNIGS en vigueur au 29/11/2018, republie par OCHA le 26/01/2026. Des referentiels haitiens plus recents reconnaissent des communes creees apres cette date : leur absence ici ne signifie pas qu'elles n'existent pas."
HTC-0513,HT0513,HT0513,commune,L'Estère,Lestè,HTA-051,CNIGS 2018,2018-11-29,,CNIGS / UN OCHA COD-AB Haiti,en vigueur dans ce millesime,"Millesime CNIGS en vigueur au 29/11/2018, republie par OCHA le 26/01/2026. Des referentiels haitiens plus recents reconnaissent des communes creees apres cette date : leur absence ici ne signifie pas qu'elles n'existent pas."
HTC-0521,HT0521,HT0521,commune,Gros Morne,Gro Mòn,HTA-052,CNIGS 2018,2018-11-29,,CNIGS / UN OCHA COD-AB Haiti,en vigueur dans ce millesime,"Millesime CNIGS en vigueur au 29/11/2018, republie par OCHA le 26/01/2026. Des referentiels haitiens plus recents reconnaissent des communes creees apres cette date : leur absence ici ne signifie pas qu'elles n'existent pas."
HTC-0522,HT0522,HT0522,commune,Terre Neuve,Tènèv,HTA-052,CNIGS 2018,2018-11-29,,CNIGS / UN OCHA COD-AB Haiti,en vigueur dans ce millesime,"Millesime CNIGS en vigueur au 29/11/2018, republie par OCHA le 26/01/2026. Des referentiels haitiens plus recents reconnaissent des communes creees apres cette date : leur absence ici ne signifie pas qu'elles n'existent pas."
HTC-0523,HT0523,HT0523,commune,Anse Rouge,Ans Rouj,HTA-052,CNIGS 2018,2018-11-29,,CNIGS / UN OCHA COD-AB Haiti,en vigueur dans ce millesime,"Millesime CNIGS en vigueur au 29/11/2018, republie par OCHA le 26/01/2026. Des referentiels haitiens plus recents reconnaissent des communes creees apres cette date : leur absence ici ne signifie pas qu'elles n'existent pas."
HTC-0531,HT0531,HT0531,commune,Saint-Marc,Sen Mak,HTA-053,CNIGS 2018,2018-11-29,,CNIGS / UN OCHA COD-AB Haiti,en vigueur dans ce millesime,"Millesime CNIGS en vigueur au 29/11/2018, republie par OCHA le 26/01/2026. Des referentiels haitiens plus recents reconnaissent des communes creees apres cette date : leur absence ici ne signifie pas qu'elles n'existent pas."
HTC-0532,HT0532,HT0532,commune,Verrettes,Vèrèt,HTA-053,CNIGS 2018,2018-11-29,,CNIGS / UN OCHA COD-AB Haiti,en vigueur dans ce millesime,"Millesime CNIGS en vigueur au 29/11/2018, republie par OCHA le 26/01/2026. Des referentiels haitiens plus recents reconnaissent des communes creees apres cette date : leur absence ici ne signifie pas qu'elles n'existent pas."
HTC-0533,HT0533,HT0533,commune,La Chapelle,Lachapèl,HTA-053,CNIGS 2018,2018-11-29,,CNIGS / UN OCHA COD-AB Haiti,en vigueur dans ce millesime,"Millesime CNIGS en vigueur au 29/11/2018, republie par OCHA le 26/01/2026. Des referentiels haitiens plus recents reconnaissent des communes creees apres cette date : leur absence ici ne signifie pas qu'elles n'existent pas."
HTC-0541,HT0541,HT0541,commune,Dessalines,Desalin,HTA-054,CNIGS 2018,2018-11-29,,CNIGS / UN OCHA COD-AB Haiti,en vigueur dans ce millesime,"Millesime CNIGS en vigueur au 29/11/2018, republie par OCHA le 26/01/2026. Des referentiels haitiens plus recents reconnaissent des communes creees apres cette date : leur absence ici ne signifie pas qu'elles n'existent pas."
HTC-0542,HT0542,HT0542,commune,Petite Rivière de l'Artibonite,Ti Rivyè Latibonit,HTA-054,CNIGS 2018,2018-11-29,,CNIGS / UN OCHA COD-AB Haiti,en vigueur dans ce millesime,"Millesime CNIGS en vigueur au 29/11/2018, republie par OCHA le 26/01/2026. Des referentiels haitiens plus recents reconnaissent des communes creees apres cette date : leur absence ici ne signifie pas qu'elles n'existent pas."
HTC-0543,HT0543,HT0543,commune,Grande Saline,Grand Salin,HTA-054,CNIGS 2018,2018-11-29,,CNIGS / UN OCHA COD-AB Haiti,en vigueur dans ce millesime,"Millesime CNIGS en vigueur au 29/11/2018, republie par OCHA le 26/01/2026. Des referentiels haitiens plus recents reconnaissent des communes creees apres cette date : leur absence ici ne signifie pas qu'elles n'existent pas."
HTC-0544,HT0544,HT0544,commune,Desdunes,Dedin,HTA-054,CNIGS 2018,2018-11-29,,CNIGS / UN OCHA COD-AB Haiti,en vigueur dans ce millesime,"Millesime CNIGS en vigueur au 29/11/2018, republie par OCHA le 26/01/2026. Des referentiels haitiens plus recents reconnaissent des communes creees apres cette date : leur absence ici ne signifie pas qu'elles n'existent pas."
HTC-0551,HT0551,HT0551,commune,Saint-Michel de l'Attalaye,Sen Michèl Latalay,HTA-055,CNIGS 2018,2018-11-29,,CNIGS / UN OCHA COD-AB Haiti,en vigueur dans ce millesime,"Millesime CNIGS en vigueur au 29/11/2018, republie par OCHA le 26/01/2026. Des referentiels haitiens plus recents reconnaissent des communes creees apres cette date : leur absence ici ne signifie pas qu'elles n'existent pas."
HTC-0552,HT0552,HT0552,commune,Marmelade,Mamelad,HTA-055,CNIGS 2018,2018-11-29,,CNIGS / UN OCHA COD-AB Haiti,en vigueur dans ce millesime,"Millesime CNIGS en vigueur au 29/11/2018, republie par OCHA le 26/01/2026. Des referentiels haitiens plus recents reconnaissent des communes creees apres cette date : leur absence ici ne signifie pas qu'elles n'existent pas."
HTC-0611,HT0611,HT0611,commune,Hinche,Ench,HTA-061,CNIGS 2018,2018-11-29,,CNIGS / UN OCHA COD-AB Haiti,en vigueur dans ce millesime,"Millesime CNIGS en vigueur au 29/11/2018, republie par OCHA le 26/01/2026. Des referentiels haitiens plus recents reconnaissent des communes creees apres cette date : leur absence ici ne signifie pas qu'elles n'existent pas."
HTC-0612,HT0612,HT0612,commune,Maïssade,Mayisad,HTA-061,CNIGS 2018,2018-11-29,,CNIGS / UN OCHA COD-AB Haiti,en vigueur dans ce millesime,"Millesime CNIGS en vigueur au 29/11/2018, republie par OCHA le 26/01/2026. Des referentiels haitiens plus recents reconnaissent des communes creees apres cette date : leur absence ici ne signifie pas qu'elles n'existent pas."
HTC-0613,HT0613,HT0613,commune,Thomonde,Tomond,HTA-061,CNIGS 2018,2018-11-29,,CNIGS / UN OCHA COD-AB Haiti,en vigueur dans ce millesime,"Millesime CNIGS en vigueur au 29/11/2018, republie par OCHA le 26/01/2026. Des referentiels haitiens plus recents reconnaissent des communes creees apres cette date : leur absence ici ne signifie pas qu'elles n'existent pas."
HTC-0614,HT0614,HT0614,commune,Cerca Carvajal,Sèka Kavajal,HTA-061,CNIGS 2018,2018-11-29,,CNIGS / UN OCHA COD-AB Haiti,en vigueur dans ce millesime,"Millesime CNIGS en vigueur au 29/11/2018, republie par OCHA le 26/01/2026. Des referentiels haitiens plus recents reconnaissent des communes creees apres cette date : leur absence ici ne signifie pas qu'elles n'existent pas."
HTC-0621,HT0621,HT0621,commune,Mirebalais,Mibalè,HTA-062,CNIGS 2018,2018-11-29,,CNIGS / UN OCHA COD-AB Haiti,en vigueur dans ce millesime,"Millesime CNIGS en vigueur au 29/11/2018, republie par OCHA le 26/01/2026. Des referentiels haitiens plus recents reconnaissent des communes creees apres cette date : leur absence ici ne signifie pas qu'elles n'existent pas."
HTC-0622,HT0622,HT0622,commune,Saut d'Eau,Sodo,HTA-062,CNIGS 2018,2018-11-29,,CNIGS / UN OCHA COD-AB Haiti,en vigueur dans ce millesime,"Millesime CNIGS en vigueur au 29/11/2018, republie par OCHA le 26/01/2026. Des referentiels haitiens plus recents reconnaissent des communes creees apres cette date : leur absence ici ne signifie pas qu'elles n'existent pas."
HTC-0623,HT0623,HT0623,commune,Boucan Carré,Boukan Kare,HTA-062,CNIGS 2018,2018-11-29,,CNIGS / UN OCHA COD-AB Haiti,en vigueur dans ce millesime,"Millesime CNIGS en vigueur au 29/11/2018, republie par OCHA le 26/01/2026. Des referentiels haitiens plus recents reconnaissent des communes creees apres cette date : leur absence ici ne signifie pas qu'elles n'existent pas."
HTC-0631,HT0631,HT0631,commune,Lascahobas,Laskawobas,HTA-063,CNIGS 2018,2018-11-29,,CNIGS / UN OCHA COD-AB Haiti,en vigueur dans ce millesime,"Millesime CNIGS en vigueur au 29/11/2018, republie par OCHA le 26/01/2026. Des referentiels haitiens plus recents reconnaissent des communes creees apres cette date : leur absence ici ne signifie pas qu'elles n'existent pas."
HTC-0632,HT0632,HT0632,commune,Belladère,Beladè,HTA-063,CNIGS 2018,2018-11-29,,CNIGS / UN OCHA COD-AB Haiti,en vigueur dans ce millesime,"Millesime CNIGS en vigueur au 29/11/2018, republie par OCHA le 26/01/2026. Des referentiels haitiens plus recents reconnaissent des communes creees apres cette date : leur absence ici ne signifie pas qu'elles n'existent pas."
HTC-0633,HT0633,HT0633,commune,Savanette,Savanèt,HTA-063,CNIGS 2018,2018-11-29,,CNIGS / UN OCHA COD-AB Haiti,en vigueur dans ce millesime,"Millesime CNIGS en vigueur au 29/11/2018, republie par OCHA le 26/01/2026. Des referentiels haitiens plus recents reconnaissent des communes creees apres cette date : leur absence ici ne signifie pas qu'elles n'existent pas."
HTC-0641,HT0641,HT0641,commune,Cerca La Source,Sèka Lasous,HTA-064,CNIGS 2018,2018-11-29,,CNIGS / UN OCHA COD-AB Haiti,en vigueur dans ce millesime,"Millesime CNIGS en vigueur au 29/11/2018, republie par OCHA le 26/01/2026. Des referentiels haitiens plus recents reconnaissent des communes creees apres cette date : leur absence ici ne signifie pas qu'elles n'existent pas."
HTC-0642,HT0642,HT0642,commune,Thomassique,Tomasik,HTA-064,CNIGS 2018,2018-11-29,,CNIGS / UN OCHA COD-AB Haiti,en vigueur dans ce millesime,"Millesime CNIGS en vigueur au 29/11/2018, republie par OCHA le 26/01/2026. Des referentiels haitiens plus recents reconnaissent des communes creees apres cette date : leur absence ici ne signifie pas qu'elles n'existent pas."
HTC-0711,HT0711,HT0711,commune,Les Cayes,Okay,HTA-071,CNIGS 2018,2018-11-29,,CNIGS / UN OCHA COD-AB Haiti,en vigueur dans ce millesime,"Millesime CNIGS en vigueur au 29/11/2018, republie par OCHA le 26/01/2026. Des referentiels haitiens plus recents reconnaissent des communes creees apres cette date : leur absence ici ne signifie pas qu'elles n'existent pas."
HTC-0712,HT0712,HT0712,commune,Torbeck,Tòbèk,HTA-071,CNIGS 2018,2018-11-29,,CNIGS / UN OCHA COD-AB Haiti,en vigueur dans ce millesime,"Millesime CNIGS en vigueur au 29/11/2018, republie par OCHA le 26/01/2026. Des referentiels haitiens plus recents reconnaissent des communes creees apres cette date : leur absence ici ne signifie pas qu'elles n'existent pas."
HTC-0713,HT0713,HT0713,commune,Chantal,Chantal,HTA-071,CNIGS 2018,2018-11-29,,CNIGS / UN OCHA COD-AB Haiti,en vigueur dans ce millesime,"Millesime CNIGS en vigueur au 29/11/2018, republie par OCHA le 26/01/2026. Des referentiels haitiens plus recents reconnaissent des communes creees apres cette date : leur absence ici ne signifie pas qu'elles n'existent pas."
HTC-0714,HT0714,HT0714,commune,Camp-Perrin,Kanperen,HTA-071,CNIGS 2018,2018-11-29,,CNIGS / UN OCHA COD-AB Haiti,en vigueur dans ce millesime,"Millesime CNIGS en vigueur au 29/11/2018, republie par OCHA le 26/01/2026. Des referentiels haitiens plus recents reconnaissent des communes creees apres cette date : leur absence ici ne signifie pas qu'elles n'existent pas."
HTC-0715,HT0715,HT0715,commune,Maniche,Manich,HTA-071,CNIGS 2018,2018-11-29,,CNIGS / UN OCHA COD-AB Haiti,en vigueur dans ce millesime,"Millesime CNIGS en vigueur au 29/11/2018, republie par OCHA le 26/01/2026. Des referentiels haitiens plus recents reconnaissent des communes creees apres cette date : leur absence ici ne signifie pas qu'elles n'existent pas."
HTC-0716,HT0716,HT0716,commune,Île à Vache,Ilavach,HTA-071,CNIGS 2018,2018-11-29,,CNIGS / UN OCHA COD-AB Haiti,en vigueur dans ce millesime,"Millesime CNIGS en vigueur au 29/11/2018, republie par OCHA le 26/01/2026. Des referentiels haitiens plus recents reconnaissent des communes creees apres cette date : leur absence ici ne signifie pas qu'elles n'existent pas."
HTC-0721,HT0721,HT0721,commune,Port-Salut,Pò Sali,HTA-072,CNIGS 2018,2018-11-29,,CNIGS / UN OCHA COD-AB Haiti,en vigueur dans ce millesime,"Millesime CNIGS en vigueur au 29/11/2018, republie par OCHA le 26/01/2026. Des referentiels haitiens plus recents reconnaissent des communes creees apres cette date : leur absence ici ne signifie pas qu'elles n'existent pas."
HTC-0722,HT0722,HT0722,commune,Saint Jean du Sud,Sen Jan disid.,HTA-072,CNIGS 2018,2018-11-29,,CNIGS / UN OCHA COD-AB Haiti,en vigueur dans ce millesime,"Millesime CNIGS en vigueur au 29/11/2018, republie par OCHA le 26/01/2026. Des referentiels haitiens plus recents reconnaissent des communes creees apres cette date : leur absence ici ne signifie pas qu'elles n'existent pas."
HTC-0723,HT0723,HT0723,commune,Arniquet,Anikè,HTA-072,CNIGS 2018,2018-11-29,,CNIGS / UN OCHA COD-AB Haiti,en vigueur dans ce millesime,"Millesime CNIGS en vigueur au 29/11/2018, republie par OCHA le 26/01/2026. Des referentiels haitiens plus recents reconnaissent des communes creees apres cette date : leur absence ici ne signifie pas qu'elles n'existent pas."
HTC-0731,HT0731,HT0731,commune,Aquin,Aken,HTA-073,CNIGS 2018,2018-11-29,,CNIGS / UN OCHA COD-AB Haiti,en vigueur dans ce millesime,"Millesime CNIGS en vigueur au 29/11/2018, republie par OCHA le 26/01/2026. Des referentiels haitiens plus recents reconnaissent des communes creees apres cette date : leur absence ici ne signifie pas qu'elles n'existent pas."
HTC-0732,HT0732,HT0732,commune,Saint Louis du Sud,Sen Lwi disid,HTA-073,CNIGS 2018,2018-11-29,,CNIGS / UN OCHA COD-AB Haiti,en vigueur dans ce millesime,"Millesime CNIGS en vigueur au 29/11/2018, republie par OCHA le 26/01/2026. Des referentiels haitiens plus recents reconnaissent des communes creees apres cette date : leur absence ici ne signifie pas qu'elles n'existent pas."
HTC-0733,HT0733,HT0733,commune,Cavaillon,Kavayon,HTA-073,CNIGS 2018,2018-11-29,,CNIGS / UN OCHA COD-AB Haiti,en vigueur dans ce millesime,"Millesime CNIGS en vigueur au 29/11/2018, republie par OCHA le 26/01/2026. Des referentiels haitiens plus recents reconnaissent des communes creees apres cette date : leur absence ici ne signifie pas qu'elles n'existent pas."
HTC-0741,HT0741,HT0741,commune,Côteaux,Okoto,HTA-074,CNIGS 2018,2018-11-29,,CNIGS / UN OCHA COD-AB Haiti,en vigueur dans ce millesime,"Millesime CNIGS en vigueur au 29/11/2018, republie par OCHA le 26/01/2026. Des referentiels haitiens plus recents reconnaissent des communes creees apres cette date : leur absence ici ne signifie pas qu'elles n'existent pas."
HTC-0742,HT0742,HT0742,commune,Port-à-Piment,Pòtapiman,HTA-074,CNIGS 2018,2018-11-29,,CNIGS / UN OCHA COD-AB Haiti,en vigueur dans ce millesime,"Millesime CNIGS en vigueur au 29/11/2018, republie par OCHA le 26/01/2026. Des referentiels haitiens plus recents reconnaissent des communes creees apres cette date : leur absence ici ne signifie pas qu'elles n'existent pas."
HTC-0743,HT0743,HT0743,commune,Roche à Bâteau,Ròcha Bato,HTA-074,CNIGS 2018,2018-11-29,,CNIGS / UN OCHA COD-AB Haiti,en vigueur dans ce millesime,"Millesime CNIGS en vigueur au 29/11/2018, republie par OCHA le 26/01/2026. Des referentiels haitiens plus recents reconnaissent des communes creees apres cette date : leur absence ici ne signifie pas qu'elles n'existent pas."
HTC-0751,HT0751,HT0751,commune,Chardonnières,Chadonyè,HTA-075,CNIGS 2018,2018-11-29,,CNIGS / UN OCHA COD-AB Haiti,en vigueur dans ce millesime,"Millesime CNIGS en vigueur au 29/11/2018, republie par OCHA le 26/01/2026. Des referentiels haitiens plus recents reconnaissent des communes creees apres cette date : leur absence ici ne signifie pas qu'elles n'existent pas."
HTC-0752,HT0752,HT0752,commune,Les Anglais,Anglè yo,HTA-075,CNIGS 2018,2018-11-29,,CNIGS / UN OCHA COD-AB Haiti,en vigueur dans ce millesime,"Millesime CNIGS en vigueur au 29/11/2018, republie par OCHA le 26/01/2026. Des referentiels haitiens plus recents reconnaissent des communes creees apres cette date : leur absence ici ne signifie pas qu'elles n'existent pas."
HTC-0753,HT0753,HT0753,commune,Tiburon,Tibiwon,HTA-075,CNIGS 2018,2018-11-29,,CNIGS / UN OCHA COD-AB Haiti,en vigueur dans ce millesime,"Millesime CNIGS en vigueur au 29/11/2018, republie par OCHA le 26/01/2026. Des referentiels haitiens plus recents reconnaissent des communes creees apres cette date : leur absence ici ne signifie pas qu'elles n'existent pas."
HTC-0811,HT0811,HT0811,commune,Jérémie,Jeremi,HTA-081,CNIGS 2018,2018-11-29,,CNIGS / UN OCHA COD-AB Haiti,en vigueur dans ce millesime,"Millesime CNIGS en vigueur au 29/11/2018, republie par OCHA le 26/01/2026. Des referentiels haitiens plus recents reconnaissent des communes creees apres cette date : leur absence ici ne signifie pas qu'elles n'existent pas."
HTC-0812,HT0812,HT0812,commune,Abricots,Abriko,HTA-081,CNIGS 2018,2018-11-29,,CNIGS / UN OCHA COD-AB Haiti,en vigueur dans ce millesime,"Millesime CNIGS en vigueur au 29/11/2018, republie par OCHA le 26/01/2026. Des referentiels haitiens plus recents reconnaissent des communes creees apres cette date : leur absence ici ne signifie pas qu'elles n'existent pas."
HTC-0813,HT0813,HT0813,commune,Bonbon,Trou Bonbon,HTA-081,CNIGS 2018,2018-11-29,,CNIGS / UN OCHA COD-AB Haiti,en vigueur dans ce millesime,"Millesime CNIGS en vigueur au 29/11/2018, republie par OCHA le 26/01/2026. Des referentiels haitiens plus recents reconnaissent des communes creees apres cette date : leur absence ici ne signifie pas qu'elles n'existent pas."
HTC-0814,HT0814,HT0814,commune,Moron,Mowon,HTA-081,CNIGS 2018,2018-11-29,,CNIGS / UN OCHA COD-AB Haiti,en vigueur dans ce millesime,"Millesime CNIGS en vigueur au 29/11/2018, republie par OCHA le 26/01/2026. Des referentiels haitiens plus recents reconnaissent des communes creees apres cette date : leur absence ici ne signifie pas qu'elles n'existent pas."
HTC-0815,HT0815,HT0815,commune,Chambellan,Chanbelan,HTA-081,CNIGS 2018,2018-11-29,,CNIGS / UN OCHA COD-AB Haiti,en vigueur dans ce millesime,"Millesime CNIGS en vigueur au 29/11/2018, republie par OCHA le 26/01/2026. Des referentiels haitiens plus recents reconnaissent des communes creees apres cette date : leur absence ici ne signifie pas qu'elles n'existent pas."
HTC-0821,HT0821,HT0821,commune,Anse d'Hainault,Ansdeno,HTA-082,CNIGS 2018,2018-11-29,,CNIGS / UN OCHA COD-AB Haiti,en vigueur dans ce millesime,"Millesime CNIGS en vigueur au 29/11/2018, republie par OCHA le 26/01/2026. Des referentiels haitiens plus recents reconnaissent des communes creees apres cette date : leur absence ici ne signifie pas qu'elles n'existent pas."
HTC-0822,HT0822,HT0822,commune,Dame Marie,Dam Mari,HTA-082,CNIGS 2018,2018-11-29,,CNIGS / UN OCHA COD-AB Haiti,en vigueur dans ce millesime,"Millesime CNIGS en vigueur au 29/11/2018, republie par OCHA le 26/01/2026. Des referentiels haitiens plus recents reconnaissent des communes creees apres cette date : leur absence ici ne signifie pas qu'elles n'existent pas."
HTC-0823,HT0823,HT0823,commune,Les Irois,Lèziwa,HTA-082,CNIGS 2018,2018-11-29,,CNIGS / UN OCHA COD-AB Haiti,en vigueur dans ce millesime,"Millesime CNIGS en vigueur au 29/11/2018, republie par OCHA le 26/01/2026. Des referentiels haitiens plus recents reconnaissent des communes creees apres cette date : leur absence ici ne signifie pas qu'elles n'existent pas."
HTC-0831,HT0831,HT0831,commune,Corail,Koray,HTA-083,CNIGS 2018,2018-11-29,,CNIGS / UN OCHA COD-AB Haiti,en vigueur dans ce millesime,"Millesime CNIGS en vigueur au 29/11/2018, republie par OCHA le 26/01/2026. Des referentiels haitiens plus recents reconnaissent des communes creees apres cette date : leur absence ici ne signifie pas qu'elles n'existent pas."
HTC-0832,HT0832,HT0832,commune,Roseaux,Rozo,HTA-083,CNIGS 2018,2018-11-29,,CNIGS / UN OCHA COD-AB Haiti,en vigueur dans ce millesime,"Millesime CNIGS en vigueur au 29/11/2018, republie par OCHA le 26/01/2026. Des referentiels haitiens plus recents reconnaissent des communes creees apres cette date : leur absence ici ne signifie pas qu'elles n'existent pas."
HTC-0833,HT0833,HT0833,commune,Beaumont,Bomon,HTA-083,CNIGS 2018,2018-11-29,,CNIGS / UN OCHA COD-AB Haiti,en vigueur dans ce millesime,"Millesime CNIGS en vigueur au 29/11/2018, republie par OCHA le 26/01/2026. Des referentiels haitiens plus recents reconnaissent des communes creees apres cette date : leur absence ici ne signifie pas qu'elles n'existent pas."
HTC-0834,HT0834,HT0834,commune,Pestel,Pestèl,HTA-083,CNIGS 2018,2018-11-29,,CNIGS / UN OCHA COD-AB Haiti,en vigueur dans ce millesime,"Millesime CNIGS en vigueur au 29/11/2018, republie par OCHA le 26/01/2026. Des referentiels haitiens plus recents reconnaissent des communes creees apres cette date : leur absence ici ne signifie pas qu'elles n'existent pas."
HTC-0911,HT0911,HT0911,commune,Port-de-Paix,Pòdpè,HTA-091,CNIGS 2018,2018-11-29,,CNIGS / UN OCHA COD-AB Haiti,en vigueur dans ce millesime,"Millesime CNIGS en vigueur au 29/11/2018, republie par OCHA le 26/01/2026. Des referentiels haitiens plus recents reconnaissent des communes creees apres cette date : leur absence ici ne signifie pas qu'elles n'existent pas."
HTC-0912,HT0912,HT0912,commune,La Tortue,Latòti,HTA-091,CNIGS 2018,2018-11-29,,CNIGS / UN OCHA COD-AB Haiti,en vigueur dans ce millesime,"Millesime CNIGS en vigueur au 29/11/2018, republie par OCHA le 26/01/2026. Des referentiels haitiens plus recents reconnaissent des communes creees apres cette date : leur absence ici ne signifie pas qu'elles n'existent pas."
HTC-0913,HT0913,HT0913,commune,Bassin Bleu,Basenble,HTA-091,CNIGS 2018,2018-11-29,,CNIGS / UN OCHA COD-AB Haiti,en vigueur dans ce millesime,"Millesime CNIGS en vigueur au 29/11/2018, republie par OCHA le 26/01/2026. Des referentiels haitiens plus recents reconnaissent des communes creees apres cette date : leur absence ici ne signifie pas qu'elles n'existent pas."
HTC-0914,HT0914,HT0914,commune,Chamsolme,Chansòlm,HTA-091,CNIGS 2018,2018-11-29,,CNIGS / UN OCHA COD-AB Haiti,en vigueur dans ce millesime,"Millesime CNIGS en vigueur au 29/11/2018, republie par OCHA le 26/01/2026. Des referentiels haitiens plus recents reconnaissent des communes creees apres cette date : leur absence ici ne signifie pas qu'elles n'existent pas."
HTC-0921,HT0921,HT0921,commune,Saint-Louis du Nord,Sen Lwi dinò,HTA-092,CNIGS 2018,2018-11-29,,CNIGS / UN OCHA COD-AB Haiti,en vigueur dans ce millesime,"Millesime CNIGS en vigueur au 29/11/2018, republie par OCHA le 26/01/2026. Des referentiels haitiens plus recents reconnaissent des communes creees apres cette date : leur absence ici ne signifie pas qu'elles n'existent pas."
HTC-0922,HT0922,HT0922,commune,Anse-à-Foleur,Ansafolè,HTA-092,CNIGS 2018,2018-11-29,,CNIGS / UN OCHA COD-AB Haiti,en vigueur dans ce millesime,"Millesime CNIGS en vigueur au 29/11/2018, republie par OCHA le 26/01/2026. Des referentiels haitiens plus recents reconnaissent des communes creees apres cette date : leur absence ici ne signifie pas qu'elles n'existent pas."
HTC-0931,HT0931,HT0931,commune,Môle Saint Nicolas,Mòl Sen Nikola,HTA-093,CNIGS 2018,2018-11-29,,CNIGS / UN OCHA COD-AB Haiti,en vigueur dans ce millesime,"Millesime CNIGS en vigueur au 29/11/2018, republie par OCHA le 26/01/2026. Des referentiels haitiens plus recents reconnaissent des communes creees apres cette date : leur absence ici ne signifie pas qu'elles n'existent pas."
HTC-0932,HT0932,HT0932,commune,Baie de Henne,Bèdeyèn,HTA-093,CNIGS 2018,2018-11-29,,CNIGS / UN OCHA COD-AB Haiti,en vigueur dans ce millesime,"Millesime CNIGS en vigueur au 29/11/2018, republie par OCHA le 26/01/2026. Des referentiels haitiens plus recents reconnaissent des communes creees apres cette date : leur absence ici ne signifie pas qu'elles n'existent pas."
HTC-0933,HT0933,HT0933,commune,Bombardopolis,Bonbadopolis,HTA-093,CNIGS 2018,2018-11-29,,CNIGS / UN OCHA COD-AB Haiti,en vigueur dans ce millesime,"Millesime CNIGS en vigueur au 29/11/2018, republie par OCHA le 26/01/2026. Des referentiels haitiens plus recents reconnaissent des communes creees apres cette date : leur absence ici ne signifie pas qu'elles n'existent pas."
HTC-0934,HT0934,HT0934,commune,Jean Rabel,Jan Rabèl,HTA-093,CNIGS 2018,2018-11-29,,CNIGS / UN OCHA COD-AB Haiti,en vigueur dans ce millesime,"Millesime CNIGS en vigueur au 29/11/2018, republie par OCHA le 26/01/2026. Des referentiels haitiens plus recents reconnaissent des communes creees apres cette date : leur absence ici ne signifie pas qu'elles n'existent pas."
HTC-1011,HT1011,HT1011,commune,Miragoâne,Miragwàn,HTA-101,CNIGS 2018,2018-11-29,,CNIGS / UN OCHA COD-AB Haiti,en vigueur dans ce millesime,"Millesime CNIGS en vigueur au 29/11/2018, republie par OCHA le 26/01/2026. Des referentiels haitiens plus recents reconnaissent des communes creees apres cette date : leur absence ici ne signifie pas qu'elles n'existent pas."
HTC-1012,HT1012,HT1012,commune,Petite Rivière de Nippes,Ti Rivyè Nip,HTA-101,CNIGS 2018,2018-11-29,,CNIGS / UN OCHA COD-AB Haiti,en vigueur dans ce millesime,"Millesime CNIGS en vigueur au 29/11/2018, republie par OCHA le 26/01/2026. Des referentiels haitiens plus recents reconnaissent des communes creees apres cette date : leur absence ici ne signifie pas qu'elles n'existent pas."
HTC-1013,HT1013,HT1013,commune,Fonds des Nègres,Fon dènèg,HTA-101,CNIGS 2018,2018-11-29,,CNIGS / UN OCHA COD-AB Haiti,en vigueur dans ce millesime,"Millesime CNIGS en vigueur au 29/11/2018, republie par OCHA le 26/01/2026. Des referentiels haitiens plus recents reconnaissent des communes creees apres cette date : leur absence ici ne signifie pas qu'elles n'existent pas."
HTC-1014,HT1014,HT1014,commune,Paillant,Payan,HTA-101,CNIGS 2018,2018-11-29,,CNIGS / UN OCHA COD-AB Haiti,en vigueur dans ce millesime,"Millesime CNIGS en vigueur au 29/11/2018, republie par OCHA le 26/01/2026. Des referentiels haitiens plus recents reconnaissent des communes creees apres cette date : leur absence ici ne signifie pas qu'elles n'existent pas."
HTC-1021,HT1021,HT1021,commune,Anse-à-Veau,Ansavo,HTA-102,CNIGS 2018,2018-11-29,,CNIGS / UN OCHA COD-AB Haiti,en vigueur dans ce millesime,"Millesime CNIGS en vigueur au 29/11/2018, republie par OCHA le 26/01/2026. Des referentiels haitiens plus recents reconnaissent des communes creees apres cette date : leur absence ici ne signifie pas qu'elles n'existent pas."
HTC-1022,HT1022,HT1022,commune,Petit Trou de Nippes,Ti Trou Nip,HTA-102,CNIGS 2018,2018-11-29,,CNIGS / UN OCHA COD-AB Haiti,en vigueur dans ce millesime,"Millesime CNIGS en vigueur au 29/11/2018, republie par OCHA le 26/01/2026. Des referentiels haitiens plus recents reconnaissent des communes creees apres cette date : leur absence ici ne signifie pas qu'elles n'existent pas."
HTC-1023,HT1023,HT1023,commune,L'Asile,Lazil,HTA-102,CNIGS 2018,2018-11-29,,CNIGS / UN OCHA COD-AB Haiti,en vigueur dans ce millesime,"Millesime CNIGS en vigueur au 29/11/2018, republie par OCHA le 26/01/2026. Des referentiels haitiens plus recents reconnaissent des communes creees apres cette date : leur absence ici ne signifie pas qu'elles n'existent pas."
HTC-1024,HT1024,HT1024,commune,Arnaud,Ano,HTA-102,CNIGS 2018,2018-11-29,,CNIGS / UN OCHA COD-AB Haiti,en vigueur dans ce millesime,"Millesime CNIGS en vigueur au 29/11/2018, republie par OCHA le 26/01/2026. Des referentiels haitiens plus recents reconnaissent des communes creees apres cette date : leur absence ici ne signifie pas qu'elles n'existent pas."
HTC-1025,HT1025,HT1025,commune,Plaisance du Sud,Plezans Disid,HTA-102,CNIGS 2018,2018-11-29,,CNIGS / UN OCHA COD-AB Haiti,en vigueur dans ce millesime,"Millesime CNIGS en vigueur au 29/11/2018, republie par OCHA le 26/01/2026. Des referentiels haitiens plus recents reconnaissent des communes creees apres cette date : leur absence ici ne signifie pas qu'elles n'existent pas."
HTC-1031,HT1031,HT1031,commune,Baradères,Baradè,HTA-103,CNIGS 2018,2018-11-29,,CNIGS / UN OCHA COD-AB Haiti,en vigueur dans ce millesime,"Millesime CNIGS en vigueur au 29/11/2018, republie par OCHA le 26/01/2026. Des referentiels haitiens plus recents reconnaissent des communes creees apres cette date : leur absence ici ne signifie pas qu'elles n'existent pas."
HTC-1032,HT1032,HT1032,commune,Grand-Boucan,Gran Boukan,HTA-103,CNIGS 2018,2018-11-29,,CNIGS / UN OCHA COD-AB Haiti,en vigueur dans ce millesime,"Millesime CNIGS en vigueur au 29/11/2018, republie par OCHA le 26/01/2026. Des referentiels haitiens plus recents reconnaissent des communes creees apres cette date : leur absence ici ne signifie pas qu'elles n'existent pas."
