zone,banque,est_un_agregat,type_de_depot,date_reference,trimestre,montant_milliers_gourdes,provisoire,fichier_source,source_id,source,licence,attribution,date_extraction
Ensemble du pays,Banque Nationale de Crédit,non,TOTAL,2025-12-31,2025-T4,106769843.418,non,brh_rapport_statistique_trim1_2026.xlsx,SRC-062,BRH — rapports statistiques de la supervision bancaire,"Données publiques haïtiennes — décret du 12/10/2005, art. 5 (textes officiels des autorités publiques et simples données)","BRH — Banque de la République d'Haïti, Direction de la supervision des banques et des institutions financières, rapports statistiques trimestriels",2026-08-25
Ensemble du pays,Banque Nationale de Crédit,non,À terme,2025-12-31,2025-T4,13398714.971,non,brh_rapport_statistique_trim1_2026.xlsx,SRC-062,BRH — rapports statistiques de la supervision bancaire,"Données publiques haïtiennes — décret du 12/10/2005, art. 5 (textes officiels des autorités publiques et simples données)","BRH — Banque de la République d'Haïti, Direction de la supervision des banques et des institutions financières, rapports statistiques trimestriels",2026-08-25
Ensemble du pays,Banque Nationale de Crédit,non,À vue,2025-12-31,2025-T4,47548536.449,non,brh_rapport_statistique_trim1_2026.xlsx,SRC-062,BRH — rapports statistiques de la supervision bancaire,"Données publiques haïtiennes — décret du 12/10/2005, art. 5 (textes officiels des autorités publiques et simples données)","BRH — Banque de la République d'Haïti, Direction de la supervision des banques et des institutions financières, rapports statistiques trimestriels",2026-08-25
Ensemble du pays,Banque Nationale de Crédit,non,Épargne,2025-12-31,2025-T4,45822591.998,non,brh_rapport_statistique_trim1_2026.xlsx,SRC-062,BRH — rapports statistiques de la supervision bancaire,"Données publiques haïtiennes — décret du 12/10/2005, art. 5 (textes officiels des autorités publiques et simples données)","BRH — Banque de la République d'Haïti, Direction de la supervision des banques et des institutions financières, rapports statistiques trimestriels",2026-08-25
Ensemble du pays,Banque Populaire Haïtienne,non,TOTAL,2025-12-31,2025-T4,4580163.815,non,brh_rapport_statistique_trim1_2026.xlsx,SRC-062,BRH — rapports statistiques de la supervision bancaire,"Données publiques haïtiennes — décret du 12/10/2005, art. 5 (textes officiels des autorités publiques et simples données)","BRH — Banque de la République d'Haïti, Direction de la supervision des banques et des institutions financières, rapports statistiques trimestriels",2026-08-25
Ensemble du pays,Banque Populaire Haïtienne,non,À terme,2025-12-31,2025-T4,2183902.258,non,brh_rapport_statistique_trim1_2026.xlsx,SRC-062,BRH — rapports statistiques de la supervision bancaire,"Données publiques haïtiennes — décret du 12/10/2005, art. 5 (textes officiels des autorités publiques et simples données)","BRH — Banque de la République d'Haïti, Direction de la supervision des banques et des institutions financières, rapports statistiques trimestriels",2026-08-25
Ensemble du pays,Banque Populaire Haïtienne,non,À vue,2025-12-31,2025-T4,1714858.381,non,brh_rapport_statistique_trim1_2026.xlsx,SRC-062,BRH — rapports statistiques de la supervision bancaire,"Données publiques haïtiennes — décret du 12/10/2005, art. 5 (textes officiels des autorités publiques et simples données)","BRH — Banque de la République d'Haïti, Direction de la supervision des banques et des institutions financières, rapports statistiques trimestriels",2026-08-25
Ensemble du pays,Banque Populaire Haïtienne,non,Épargne,2025-12-31,2025-T4,681403.176,non,brh_rapport_statistique_trim1_2026.xlsx,SRC-062,BRH — rapports statistiques de la supervision bancaire,"Données publiques haïtiennes — décret du 12/10/2005, art. 5 (textes officiels des autorités publiques et simples données)","BRH — Banque de la République d'Haïti, Direction de la supervision des banques et des institutions financières, rapports statistiques trimestriels",2026-08-25
Ensemble du pays,Banque de l'Union Haïtienne,non,TOTAL,2025-12-31,2025-T4,45686718.878,non,brh_rapport_statistique_trim1_2026.xlsx,SRC-062,BRH — rapports statistiques de la supervision bancaire,"Données publiques haïtiennes — décret du 12/10/2005, art. 5 (textes officiels des autorités publiques et simples données)","BRH — Banque de la République d'Haïti, Direction de la supervision des banques et des institutions financières, rapports statistiques trimestriels",2026-08-25
Ensemble du pays,Banque de l'Union Haïtienne,non,À terme,2025-12-31,2025-T4,13940474.627,non,brh_rapport_statistique_trim1_2026.xlsx,SRC-062,BRH — rapports statistiques de la supervision bancaire,"Données publiques haïtiennes — décret du 12/10/2005, art. 5 (textes officiels des autorités publiques et simples données)","BRH — Banque de la République d'Haïti, Direction de la supervision des banques et des institutions financières, rapports statistiques trimestriels",2026-08-25
Ensemble du pays,Banque de l'Union Haïtienne,non,À vue,2025-12-31,2025-T4,21657998.511,non,brh_rapport_statistique_trim1_2026.xlsx,SRC-062,BRH — rapports statistiques de la supervision bancaire,"Données publiques haïtiennes — décret du 12/10/2005, art. 5 (textes officiels des autorités publiques et simples données)","BRH — Banque de la République d'Haïti, Direction de la supervision des banques et des institutions financières, rapports statistiques trimestriels",2026-08-25
Ensemble du pays,Banque de l'Union Haïtienne,non,Épargne,2025-12-31,2025-T4,10088245.74,non,brh_rapport_statistique_trim1_2026.xlsx,SRC-062,BRH — rapports statistiques de la supervision bancaire,"Données publiques haïtiennes — décret du 12/10/2005, art. 5 (textes officiels des autorités publiques et simples données)","BRH — Banque de la République d'Haïti, Direction de la supervision des banques et des institutions financières, rapports statistiques trimestriels",2026-08-25
Ensemble du pays,Capital Bank,non,TOTAL,2025-12-31,2025-T4,42795387.0,non,brh_rapport_statistique_trim1_2026.xlsx,SRC-062,BRH — rapports statistiques de la supervision bancaire,"Données publiques haïtiennes — décret du 12/10/2005, art. 5 (textes officiels des autorités publiques et simples données)","BRH — Banque de la République d'Haïti, Direction de la supervision des banques et des institutions financières, rapports statistiques trimestriels",2026-08-25
Ensemble du pays,Capital Bank,non,À terme,2025-12-31,2025-T4,9782367.0,non,brh_rapport_statistique_trim1_2026.xlsx,SRC-062,BRH — rapports statistiques de la supervision bancaire,"Données publiques haïtiennes — décret du 12/10/2005, art. 5 (textes officiels des autorités publiques et simples données)","BRH — Banque de la République d'Haïti, Direction de la supervision des banques et des institutions financières, rapports statistiques trimestriels",2026-08-25
Ensemble du pays,Capital Bank,non,À vue,2025-12-31,2025-T4,19454895.0,non,brh_rapport_statistique_trim1_2026.xlsx,SRC-062,BRH — rapports statistiques de la supervision bancaire,"Données publiques haïtiennes — décret du 12/10/2005, art. 5 (textes officiels des autorités publiques et simples données)","BRH — Banque de la République d'Haïti, Direction de la supervision des banques et des institutions financières, rapports statistiques trimestriels",2026-08-25
Ensemble du pays,Capital Bank,non,Épargne,2025-12-31,2025-T4,13558125.0,non,brh_rapport_statistique_trim1_2026.xlsx,SRC-062,BRH — rapports statistiques de la supervision bancaire,"Données publiques haïtiennes — décret du 12/10/2005, art. 5 (textes officiels des autorités publiques et simples données)","BRH — Banque de la République d'Haïti, Direction de la supervision des banques et des institutions financières, rapports statistiques trimestriels",2026-08-25
Ensemble du pays,Citibank N.A. (succursale d'Haïti),non,TOTAL,2025-12-31,2025-T4,0.0,non,brh_rapport_statistique_trim1_2026.xlsx,SRC-062,BRH — rapports statistiques de la supervision bancaire,"Données publiques haïtiennes — décret du 12/10/2005, art. 5 (textes officiels des autorités publiques et simples données)","BRH — Banque de la République d'Haïti, Direction de la supervision des banques et des institutions financières, rapports statistiques trimestriels",2026-08-25
Ensemble du pays,Citibank N.A. (succursale d'Haïti),non,À terme,2025-12-31,2025-T4,0.0,non,brh_rapport_statistique_trim1_2026.xlsx,SRC-062,BRH — rapports statistiques de la supervision bancaire,"Données publiques haïtiennes — décret du 12/10/2005, art. 5 (textes officiels des autorités publiques et simples données)","BRH — Banque de la République d'Haïti, Direction de la supervision des banques et des institutions financières, rapports statistiques trimestriels",2026-08-25
Ensemble du pays,Citibank N.A. (succursale d'Haïti),non,À vue,2025-12-31,2025-T4,0.0,non,brh_rapport_statistique_trim1_2026.xlsx,SRC-062,BRH — rapports statistiques de la supervision bancaire,"Données publiques haïtiennes — décret du 12/10/2005, art. 5 (textes officiels des autorités publiques et simples données)","BRH — Banque de la République d'Haïti, Direction de la supervision des banques et des institutions financières, rapports statistiques trimestriels",2026-08-25
Ensemble du pays,Citibank N.A. (succursale d'Haïti),non,Épargne,2025-12-31,2025-T4,0.0,non,brh_rapport_statistique_trim1_2026.xlsx,SRC-062,BRH — rapports statistiques de la supervision bancaire,"Données publiques haïtiennes — décret du 12/10/2005, art. 5 (textes officiels des autorités publiques et simples données)","BRH — Banque de la République d'Haïti, Direction de la supervision des banques et des institutions financières, rapports statistiques trimestriels",2026-08-25
Ensemble du pays,Ensemble du système,oui,TOTAL,2025-12-31,2025-T4,592081468.174,non,brh_rapport_statistique_trim1_2026.xlsx,SRC-062,BRH — rapports statistiques de la supervision bancaire,"Données publiques haïtiennes — décret du 12/10/2005, art. 5 (textes officiels des autorités publiques et simples données)","BRH — Banque de la République d'Haïti, Direction de la supervision des banques et des institutions financières, rapports statistiques trimestriels",2026-08-25
Ensemble du pays,Ensemble du système,oui,À terme,2025-12-31,2025-T4,101000731.792,non,brh_rapport_statistique_trim1_2026.xlsx,SRC-062,BRH — rapports statistiques de la supervision bancaire,"Données publiques haïtiennes — décret du 12/10/2005, art. 5 (textes officiels des autorités publiques et simples données)","BRH — Banque de la République d'Haïti, Direction de la supervision des banques et des institutions financières, rapports statistiques trimestriels",2026-08-25
Ensemble du pays,Ensemble du système,oui,À vue,2025-12-31,2025-T4,279846143.217,non,brh_rapport_statistique_trim1_2026.xlsx,SRC-062,BRH — rapports statistiques de la supervision bancaire,"Données publiques haïtiennes — décret du 12/10/2005, art. 5 (textes officiels des autorités publiques et simples données)","BRH — Banque de la République d'Haïti, Direction de la supervision des banques et des institutions financières, rapports statistiques trimestriels",2026-08-25
Ensemble du pays,Ensemble du système,oui,Épargne,2025-12-31,2025-T4,211234593.166,non,brh_rapport_statistique_trim1_2026.xlsx,SRC-062,BRH — rapports statistiques de la supervision bancaire,"Données publiques haïtiennes — décret du 12/10/2005, art. 5 (textes officiels des autorités publiques et simples données)","BRH — Banque de la République d'Haïti, Direction de la supervision des banques et des institutions financières, rapports statistiques trimestriels",2026-08-25
Ensemble du pays,Scotiabank,non,TOTAL,2025-12-31,2025-T4,0.0,non,brh_rapport_statistique_trim1_2026.xlsx,SRC-062,BRH — rapports statistiques de la supervision bancaire,"Données publiques haïtiennes — décret du 12/10/2005, art. 5 (textes officiels des autorités publiques et simples données)","BRH — Banque de la République d'Haïti, Direction de la supervision des banques et des institutions financières, rapports statistiques trimestriels",2026-08-25
Ensemble du pays,Scotiabank,non,À terme,2025-12-31,2025-T4,0.0,non,brh_rapport_statistique_trim1_2026.xlsx,SRC-062,BRH — rapports statistiques de la supervision bancaire,"Données publiques haïtiennes — décret du 12/10/2005, art. 5 (textes officiels des autorités publiques et simples données)","BRH — Banque de la République d'Haïti, Direction de la supervision des banques et des institutions financières, rapports statistiques trimestriels",2026-08-25
Ensemble du pays,Scotiabank,non,À vue,2025-12-31,2025-T4,0.0,non,brh_rapport_statistique_trim1_2026.xlsx,SRC-062,BRH — rapports statistiques de la supervision bancaire,"Données publiques haïtiennes — décret du 12/10/2005, art. 5 (textes officiels des autorités publiques et simples données)","BRH — Banque de la République d'Haïti, Direction de la supervision des banques et des institutions financières, rapports statistiques trimestriels",2026-08-25
Ensemble du pays,Scotiabank,non,Épargne,2025-12-31,2025-T4,0.0,non,brh_rapport_statistique_trim1_2026.xlsx,SRC-062,BRH — rapports statistiques de la supervision bancaire,"Données publiques haïtiennes — décret du 12/10/2005, art. 5 (textes officiels des autorités publiques et simples données)","BRH — Banque de la République d'Haïti, Direction de la supervision des banques et des institutions financières, rapports statistiques trimestriels",2026-08-25
Ensemble du pays,Sogebank,non,TOTAL,2025-12-31,2025-T4,158374930.962,non,brh_rapport_statistique_trim1_2026.xlsx,SRC-062,BRH — rapports statistiques de la supervision bancaire,"Données publiques haïtiennes — décret du 12/10/2005, art. 5 (textes officiels des autorités publiques et simples données)","BRH — Banque de la République d'Haïti, Direction de la supervision des banques et des institutions financières, rapports statistiques trimestriels",2026-08-25
Ensemble du pays,Sogebank,non,À terme,2025-12-31,2025-T4,26996068.943,non,brh_rapport_statistique_trim1_2026.xlsx,SRC-062,BRH — rapports statistiques de la supervision bancaire,"Données publiques haïtiennes — décret du 12/10/2005, art. 5 (textes officiels des autorités publiques et simples données)","BRH — Banque de la République d'Haïti, Direction de la supervision des banques et des institutions financières, rapports statistiques trimestriels",2026-08-25
Ensemble du pays,Sogebank,non,À vue,2025-12-31,2025-T4,77055503.369,non,brh_rapport_statistique_trim1_2026.xlsx,SRC-062,BRH — rapports statistiques de la supervision bancaire,"Données publiques haïtiennes — décret du 12/10/2005, art. 5 (textes officiels des autorités publiques et simples données)","BRH — Banque de la République d'Haïti, Direction de la supervision des banques et des institutions financières, rapports statistiques trimestriels",2026-08-25
Ensemble du pays,Sogebank,non,Épargne,2025-12-31,2025-T4,54323358.651,non,brh_rapport_statistique_trim1_2026.xlsx,SRC-062,BRH — rapports statistiques de la supervision bancaire,"Données publiques haïtiennes — décret du 12/10/2005, art. 5 (textes officiels des autorités publiques et simples données)","BRH — Banque de la République d'Haïti, Direction de la supervision des banques et des institutions financières, rapports statistiques trimestriels",2026-08-25
Ensemble du pays,Sogebel,non,TOTAL,2025-12-31,2025-T4,8720910.979,non,brh_rapport_statistique_trim1_2026.xlsx,SRC-062,BRH — rapports statistiques de la supervision bancaire,"Données publiques haïtiennes — décret du 12/10/2005, art. 5 (textes officiels des autorités publiques et simples données)","BRH — Banque de la République d'Haïti, Direction de la supervision des banques et des institutions financières, rapports statistiques trimestriels",2026-08-25
Ensemble du pays,Sogebel,non,À terme,2025-12-31,2025-T4,3478189.494,non,brh_rapport_statistique_trim1_2026.xlsx,SRC-062,BRH — rapports statistiques de la supervision bancaire,"Données publiques haïtiennes — décret du 12/10/2005, art. 5 (textes officiels des autorités publiques et simples données)","BRH — Banque de la République d'Haïti, Direction de la supervision des banques et des institutions financières, rapports statistiques trimestriels",2026-08-25
Ensemble du pays,Sogebel,non,À vue,2025-12-31,2025-T4,3759761.435,non,brh_rapport_statistique_trim1_2026.xlsx,SRC-062,BRH — rapports statistiques de la supervision bancaire,"Données publiques haïtiennes — décret du 12/10/2005, art. 5 (textes officiels des autorités publiques et simples données)","BRH — Banque de la République d'Haïti, Direction de la supervision des banques et des institutions financières, rapports statistiques trimestriels",2026-08-25
Ensemble du pays,Sogebel,non,Épargne,2025-12-31,2025-T4,1482960.051,non,brh_rapport_statistique_trim1_2026.xlsx,SRC-062,BRH — rapports statistiques de la supervision bancaire,"Données publiques haïtiennes — décret du 12/10/2005, art. 5 (textes officiels des autorités publiques et simples données)","BRH — Banque de la République d'Haïti, Direction de la supervision des banques et des institutions financières, rapports statistiques trimestriels",2026-08-25
Ensemble du pays,Unibank,non,TOTAL,2025-12-31,2025-T4,225153513.122,non,brh_rapport_statistique_trim1_2026.xlsx,SRC-062,BRH — rapports statistiques de la supervision bancaire,"Données publiques haïtiennes — décret du 12/10/2005, art. 5 (textes officiels des autorités publiques et simples données)","BRH — Banque de la République d'Haïti, Direction de la supervision des banques et des institutions financières, rapports statistiques trimestriels",2026-08-25
Ensemble du pays,Unibank,non,À terme,2025-12-31,2025-T4,31221014.499,non,brh_rapport_statistique_trim1_2026.xlsx,SRC-062,BRH — rapports statistiques de la supervision bancaire,"Données publiques haïtiennes — décret du 12/10/2005, art. 5 (textes officiels des autorités publiques et simples données)","BRH — Banque de la République d'Haïti, Direction de la supervision des banques et des institutions financières, rapports statistiques trimestriels",2026-08-25
Ensemble du pays,Unibank,non,À vue,2025-12-31,2025-T4,108654590.073,non,brh_rapport_statistique_trim1_2026.xlsx,SRC-062,BRH — rapports statistiques de la supervision bancaire,"Données publiques haïtiennes — décret du 12/10/2005, art. 5 (textes officiels des autorités publiques et simples données)","BRH — Banque de la République d'Haïti, Direction de la supervision des banques et des institutions financières, rapports statistiques trimestriels",2026-08-25
Ensemble du pays,Unibank,non,Épargne,2025-12-31,2025-T4,85277908.55,non,brh_rapport_statistique_trim1_2026.xlsx,SRC-062,BRH — rapports statistiques de la supervision bancaire,"Données publiques haïtiennes — décret du 12/10/2005, art. 5 (textes officiels des autorités publiques et simples données)","BRH — Banque de la République d'Haïti, Direction de la supervision des banques et des institutions financières, rapports statistiques trimestriels",2026-08-25
Région métropolitaine,Banque Nationale de Crédit,non,TOTAL,2025-12-31,2025-T4,73395940.948,non,brh_rapport_statistique_trim1_2026.xlsx,SRC-062,BRH — rapports statistiques de la supervision bancaire,"Données publiques haïtiennes — décret du 12/10/2005, art. 5 (textes officiels des autorités publiques et simples données)","BRH — Banque de la République d'Haïti, Direction de la supervision des banques et des institutions financières, rapports statistiques trimestriels",2026-08-25
Région métropolitaine,Banque Nationale de Crédit,non,À terme,2025-12-31,2025-T4,10786770.971,non,brh_rapport_statistique_trim1_2026.xlsx,SRC-062,BRH — rapports statistiques de la supervision bancaire,"Données publiques haïtiennes — décret du 12/10/2005, art. 5 (textes officiels des autorités publiques et simples données)","BRH — Banque de la République d'Haïti, Direction de la supervision des banques et des institutions financières, rapports statistiques trimestriels",2026-08-25
Région métropolitaine,Banque Nationale de Crédit,non,À vue,2025-12-31,2025-T4,37843745.071,non,brh_rapport_statistique_trim1_2026.xlsx,SRC-062,BRH — rapports statistiques de la supervision bancaire,"Données publiques haïtiennes — décret du 12/10/2005, art. 5 (textes officiels des autorités publiques et simples données)","BRH — Banque de la République d'Haïti, Direction de la supervision des banques et des institutions financières, rapports statistiques trimestriels",2026-08-25
Région métropolitaine,Banque Nationale de Crédit,non,Épargne,2025-12-31,2025-T4,24765424.906,non,brh_rapport_statistique_trim1_2026.xlsx,SRC-062,BRH — rapports statistiques de la supervision bancaire,"Données publiques haïtiennes — décret du 12/10/2005, art. 5 (textes officiels des autorités publiques et simples données)","BRH — Banque de la République d'Haïti, Direction de la supervision des banques et des institutions financières, rapports statistiques trimestriels",2026-08-25
Région métropolitaine,Banque Populaire Haïtienne,non,TOTAL,2025-12-31,2025-T4,4580163.815,non,brh_rapport_statistique_trim1_2026.xlsx,SRC-062,BRH — rapports statistiques de la supervision bancaire,"Données publiques haïtiennes — décret du 12/10/2005, art. 5 (textes officiels des autorités publiques et simples données)","BRH — Banque de la République d'Haïti, Direction de la supervision des banques et des institutions financières, rapports statistiques trimestriels",2026-08-25
Région métropolitaine,Banque Populaire Haïtienne,non,À terme,2025-12-31,2025-T4,2183902.258,non,brh_rapport_statistique_trim1_2026.xlsx,SRC-062,BRH — rapports statistiques de la supervision bancaire,"Données publiques haïtiennes — décret du 12/10/2005, art. 5 (textes officiels des autorités publiques et simples données)","BRH — Banque de la République d'Haïti, Direction de la supervision des banques et des institutions financières, rapports statistiques trimestriels",2026-08-25
Région métropolitaine,Banque Populaire Haïtienne,non,À vue,2025-12-31,2025-T4,1714858.381,non,brh_rapport_statistique_trim1_2026.xlsx,SRC-062,BRH — rapports statistiques de la supervision bancaire,"Données publiques haïtiennes — décret du 12/10/2005, art. 5 (textes officiels des autorités publiques et simples données)","BRH — Banque de la République d'Haïti, Direction de la supervision des banques et des institutions financières, rapports statistiques trimestriels",2026-08-25
Région métropolitaine,Banque Populaire Haïtienne,non,Épargne,2025-12-31,2025-T4,681403.176,non,brh_rapport_statistique_trim1_2026.xlsx,SRC-062,BRH — rapports statistiques de la supervision bancaire,"Données publiques haïtiennes — décret du 12/10/2005, art. 5 (textes officiels des autorités publiques et simples données)","BRH — Banque de la République d'Haïti, Direction de la supervision des banques et des institutions financières, rapports statistiques trimestriels",2026-08-25
Région métropolitaine,Banque de l'Union Haïtienne,non,TOTAL,2025-12-31,2025-T4,37528582.243,non,brh_rapport_statistique_trim1_2026.xlsx,SRC-062,BRH — rapports statistiques de la supervision bancaire,"Données publiques haïtiennes — décret du 12/10/2005, art. 5 (textes officiels des autorités publiques et simples données)","BRH — Banque de la République d'Haïti, Direction de la supervision des banques et des institutions financières, rapports statistiques trimestriels",2026-08-25
Région métropolitaine,Banque de l'Union Haïtienne,non,À terme,2025-12-31,2025-T4,11898161.53,non,brh_rapport_statistique_trim1_2026.xlsx,SRC-062,BRH — rapports statistiques de la supervision bancaire,"Données publiques haïtiennes — décret du 12/10/2005, art. 5 (textes officiels des autorités publiques et simples données)","BRH — Banque de la République d'Haïti, Direction de la supervision des banques et des institutions financières, rapports statistiques trimestriels",2026-08-25
Région métropolitaine,Banque de l'Union Haïtienne,non,À vue,2025-12-31,2025-T4,18665079.355,non,brh_rapport_statistique_trim1_2026.xlsx,SRC-062,BRH — rapports statistiques de la supervision bancaire,"Données publiques haïtiennes — décret du 12/10/2005, art. 5 (textes officiels des autorités publiques et simples données)","BRH — Banque de la République d'Haïti, Direction de la supervision des banques et des institutions financières, rapports statistiques trimestriels",2026-08-25
Région métropolitaine,Banque de l'Union Haïtienne,non,Épargne,2025-12-31,2025-T4,6965341.359,non,brh_rapport_statistique_trim1_2026.xlsx,SRC-062,BRH — rapports statistiques de la supervision bancaire,"Données publiques haïtiennes — décret du 12/10/2005, art. 5 (textes officiels des autorités publiques et simples données)","BRH — Banque de la République d'Haïti, Direction de la supervision des banques et des institutions financières, rapports statistiques trimestriels",2026-08-25
Région métropolitaine,Capital Bank,non,TOTAL,2025-12-31,2025-T4,37113260.0,non,brh_rapport_statistique_trim1_2026.xlsx,SRC-062,BRH — rapports statistiques de la supervision bancaire,"Données publiques haïtiennes — décret du 12/10/2005, art. 5 (textes officiels des autorités publiques et simples données)","BRH — Banque de la République d'Haïti, Direction de la supervision des banques et des institutions financières, rapports statistiques trimestriels",2026-08-25
Région métropolitaine,Capital Bank,non,À terme,2025-12-31,2025-T4,9608972.0,non,brh_rapport_statistique_trim1_2026.xlsx,SRC-062,BRH — rapports statistiques de la supervision bancaire,"Données publiques haïtiennes — décret du 12/10/2005, art. 5 (textes officiels des autorités publiques et simples données)","BRH — Banque de la République d'Haïti, Direction de la supervision des banques et des institutions financières, rapports statistiques trimestriels",2026-08-25
Région métropolitaine,Capital Bank,non,À vue,2025-12-31,2025-T4,17160284.0,non,brh_rapport_statistique_trim1_2026.xlsx,SRC-062,BRH — rapports statistiques de la supervision bancaire,"Données publiques haïtiennes — décret du 12/10/2005, art. 5 (textes officiels des autorités publiques et simples données)","BRH — Banque de la République d'Haïti, Direction de la supervision des banques et des institutions financières, rapports statistiques trimestriels",2026-08-25
Région métropolitaine,Capital Bank,non,Épargne,2025-12-31,2025-T4,10344004.0,non,brh_rapport_statistique_trim1_2026.xlsx,SRC-062,BRH — rapports statistiques de la supervision bancaire,"Données publiques haïtiennes — décret du 12/10/2005, art. 5 (textes officiels des autorités publiques et simples données)","BRH — Banque de la République d'Haïti, Direction de la supervision des banques et des institutions financières, rapports statistiques trimestriels",2026-08-25
Région métropolitaine,Citibank N.A. (succursale d'Haïti),non,TOTAL,2025-12-31,2025-T4,0.0,non,brh_rapport_statistique_trim1_2026.xlsx,SRC-062,BRH — rapports statistiques de la supervision bancaire,"Données publiques haïtiennes — décret du 12/10/2005, art. 5 (textes officiels des autorités publiques et simples données)","BRH — Banque de la République d'Haïti, Direction de la supervision des banques et des institutions financières, rapports statistiques trimestriels",2026-08-25
Région métropolitaine,Citibank N.A. (succursale d'Haïti),non,À terme,2025-12-31,2025-T4,0.0,non,brh_rapport_statistique_trim1_2026.xlsx,SRC-062,BRH — rapports statistiques de la supervision bancaire,"Données publiques haïtiennes — décret du 12/10/2005, art. 5 (textes officiels des autorités publiques et simples données)","BRH — Banque de la République d'Haïti, Direction de la supervision des banques et des institutions financières, rapports statistiques trimestriels",2026-08-25
Région métropolitaine,Citibank N.A. (succursale d'Haïti),non,À vue,2025-12-31,2025-T4,0.0,non,brh_rapport_statistique_trim1_2026.xlsx,SRC-062,BRH — rapports statistiques de la supervision bancaire,"Données publiques haïtiennes — décret du 12/10/2005, art. 5 (textes officiels des autorités publiques et simples données)","BRH — Banque de la République d'Haïti, Direction de la supervision des banques et des institutions financières, rapports statistiques trimestriels",2026-08-25
Région métropolitaine,Citibank N.A. (succursale d'Haïti),non,Épargne,2025-12-31,2025-T4,0.0,non,brh_rapport_statistique_trim1_2026.xlsx,SRC-062,BRH — rapports statistiques de la supervision bancaire,"Données publiques haïtiennes — décret du 12/10/2005, art. 5 (textes officiels des autorités publiques et simples données)","BRH — Banque de la République d'Haïti, Direction de la supervision des banques et des institutions financières, rapports statistiques trimestriels",2026-08-25
Région métropolitaine,Ensemble du système,oui,TOTAL,2025-12-31,2025-T4,460465182.03,non,brh_rapport_statistique_trim1_2026.xlsx,SRC-062,BRH — rapports statistiques de la supervision bancaire,"Données publiques haïtiennes — décret du 12/10/2005, art. 5 (textes officiels des autorités publiques et simples données)","BRH — Banque de la République d'Haïti, Direction de la supervision des banques et des institutions financières, rapports statistiques trimestriels",2026-08-25
Région métropolitaine,Ensemble du système,oui,À terme,2025-12-31,2025-T4,89076431.218,non,brh_rapport_statistique_trim1_2026.xlsx,SRC-062,BRH — rapports statistiques de la supervision bancaire,"Données publiques haïtiennes — décret du 12/10/2005, art. 5 (textes officiels des autorités publiques et simples données)","BRH — Banque de la République d'Haïti, Direction de la supervision des banques et des institutions financières, rapports statistiques trimestriels",2026-08-25
Région métropolitaine,Ensemble du système,oui,À vue,2025-12-31,2025-T4,235593561.169,non,brh_rapport_statistique_trim1_2026.xlsx,SRC-062,BRH — rapports statistiques de la supervision bancaire,"Données publiques haïtiennes — décret du 12/10/2005, art. 5 (textes officiels des autorités publiques et simples données)","BRH — Banque de la République d'Haïti, Direction de la supervision des banques et des institutions financières, rapports statistiques trimestriels",2026-08-25
Région métropolitaine,Ensemble du système,oui,Épargne,2025-12-31,2025-T4,135795189.643,non,brh_rapport_statistique_trim1_2026.xlsx,SRC-062,BRH — rapports statistiques de la supervision bancaire,"Données publiques haïtiennes — décret du 12/10/2005, art. 5 (textes officiels des autorités publiques et simples données)","BRH — Banque de la République d'Haïti, Direction de la supervision des banques et des institutions financières, rapports statistiques trimestriels",2026-08-25
Région métropolitaine,Scotiabank,non,TOTAL,2025-12-31,2025-T4,0.0,non,brh_rapport_statistique_trim1_2026.xlsx,SRC-062,BRH — rapports statistiques de la supervision bancaire,"Données publiques haïtiennes — décret du 12/10/2005, art. 5 (textes officiels des autorités publiques et simples données)","BRH — Banque de la République d'Haïti, Direction de la supervision des banques et des institutions financières, rapports statistiques trimestriels",2026-08-25
Région métropolitaine,Scotiabank,non,À terme,2025-12-31,2025-T4,0.0,non,brh_rapport_statistique_trim1_2026.xlsx,SRC-062,BRH — rapports statistiques de la supervision bancaire,"Données publiques haïtiennes — décret du 12/10/2005, art. 5 (textes officiels des autorités publiques et simples données)","BRH — Banque de la République d'Haïti, Direction de la supervision des banques et des institutions financières, rapports statistiques trimestriels",2026-08-25
Région métropolitaine,Scotiabank,non,À vue,2025-12-31,2025-T4,0.0,non,brh_rapport_statistique_trim1_2026.xlsx,SRC-062,BRH — rapports statistiques de la supervision bancaire,"Données publiques haïtiennes — décret du 12/10/2005, art. 5 (textes officiels des autorités publiques et simples données)","BRH — Banque de la République d'Haïti, Direction de la supervision des banques et des institutions financières, rapports statistiques trimestriels",2026-08-25
Région métropolitaine,Scotiabank,non,Épargne,2025-12-31,2025-T4,0.0,non,brh_rapport_statistique_trim1_2026.xlsx,SRC-062,BRH — rapports statistiques de la supervision bancaire,"Données publiques haïtiennes — décret du 12/10/2005, art. 5 (textes officiels des autorités publiques et simples données)","BRH — Banque de la République d'Haïti, Direction de la supervision des banques et des institutions financières, rapports statistiques trimestriels",2026-08-25
Région métropolitaine,Sogebank,non,TOTAL,2025-12-31,2025-T4,119276398.628,non,brh_rapport_statistique_trim1_2026.xlsx,SRC-062,BRH — rapports statistiques de la supervision bancaire,"Données publiques haïtiennes — décret du 12/10/2005, art. 5 (textes officiels des autorités publiques et simples données)","BRH — Banque de la République d'Haïti, Direction de la supervision des banques et des institutions financières, rapports statistiques trimestriels",2026-08-25
Région métropolitaine,Sogebank,non,À terme,2025-12-31,2025-T4,22165376.613,non,brh_rapport_statistique_trim1_2026.xlsx,SRC-062,BRH — rapports statistiques de la supervision bancaire,"Données publiques haïtiennes — décret du 12/10/2005, art. 5 (textes officiels des autorités publiques et simples données)","BRH — Banque de la République d'Haïti, Direction de la supervision des banques et des institutions financières, rapports statistiques trimestriels",2026-08-25
Région métropolitaine,Sogebank,non,À vue,2025-12-31,2025-T4,63114476.185,non,brh_rapport_statistique_trim1_2026.xlsx,SRC-062,BRH — rapports statistiques de la supervision bancaire,"Données publiques haïtiennes — décret du 12/10/2005, art. 5 (textes officiels des autorités publiques et simples données)","BRH — Banque de la République d'Haïti, Direction de la supervision des banques et des institutions financières, rapports statistiques trimestriels",2026-08-25
Région métropolitaine,Sogebank,non,Épargne,2025-12-31,2025-T4,33996545.831,non,brh_rapport_statistique_trim1_2026.xlsx,SRC-062,BRH — rapports statistiques de la supervision bancaire,"Données publiques haïtiennes — décret du 12/10/2005, art. 5 (textes officiels des autorités publiques et simples données)","BRH — Banque de la République d'Haïti, Direction de la supervision des banques et des institutions financières, rapports statistiques trimestriels",2026-08-25
Région métropolitaine,Sogebel,non,TOTAL,2025-12-31,2025-T4,8720910.979,non,brh_rapport_statistique_trim1_2026.xlsx,SRC-062,BRH — rapports statistiques de la supervision bancaire,"Données publiques haïtiennes — décret du 12/10/2005, art. 5 (textes officiels des autorités publiques et simples données)","BRH — Banque de la République d'Haïti, Direction de la supervision des banques et des institutions financières, rapports statistiques trimestriels",2026-08-25
Région métropolitaine,Sogebel,non,À terme,2025-12-31,2025-T4,3478189.494,non,brh_rapport_statistique_trim1_2026.xlsx,SRC-062,BRH — rapports statistiques de la supervision bancaire,"Données publiques haïtiennes — décret du 12/10/2005, art. 5 (textes officiels des autorités publiques et simples données)","BRH — Banque de la République d'Haïti, Direction de la supervision des banques et des institutions financières, rapports statistiques trimestriels",2026-08-25
Région métropolitaine,Sogebel,non,À vue,2025-12-31,2025-T4,3759761.435,non,brh_rapport_statistique_trim1_2026.xlsx,SRC-062,BRH — rapports statistiques de la supervision bancaire,"Données publiques haïtiennes — décret du 12/10/2005, art. 5 (textes officiels des autorités publiques et simples données)","BRH — Banque de la République d'Haïti, Direction de la supervision des banques et des institutions financières, rapports statistiques trimestriels",2026-08-25
Région métropolitaine,Sogebel,non,Épargne,2025-12-31,2025-T4,1482960.051,non,brh_rapport_statistique_trim1_2026.xlsx,SRC-062,BRH — rapports statistiques de la supervision bancaire,"Données publiques haïtiennes — décret du 12/10/2005, art. 5 (textes officiels des autorités publiques et simples données)","BRH — Banque de la République d'Haïti, Direction de la supervision des banques et des institutions financières, rapports statistiques trimestriels",2026-08-25
Région métropolitaine,Unibank,non,TOTAL,2025-12-31,2025-T4,179849925.416,non,brh_rapport_statistique_trim1_2026.xlsx,SRC-062,BRH — rapports statistiques de la supervision bancaire,"Données publiques haïtiennes — décret du 12/10/2005, art. 5 (textes officiels des autorités publiques et simples données)","BRH — Banque de la République d'Haïti, Direction de la supervision des banques et des institutions financières, rapports statistiques trimestriels",2026-08-25
Région métropolitaine,Unibank,non,À terme,2025-12-31,2025-T4,28955058.352,non,brh_rapport_statistique_trim1_2026.xlsx,SRC-062,BRH — rapports statistiques de la supervision bancaire,"Données publiques haïtiennes — décret du 12/10/2005, art. 5 (textes officiels des autorités publiques et simples données)","BRH — Banque de la République d'Haïti, Direction de la supervision des banques et des institutions financières, rapports statistiques trimestriels",2026-08-25
Région métropolitaine,Unibank,non,À vue,2025-12-31,2025-T4,93335356.744,non,brh_rapport_statistique_trim1_2026.xlsx,SRC-062,BRH — rapports statistiques de la supervision bancaire,"Données publiques haïtiennes — décret du 12/10/2005, art. 5 (textes officiels des autorités publiques et simples données)","BRH — Banque de la République d'Haïti, Direction de la supervision des banques et des institutions financières, rapports statistiques trimestriels",2026-08-25
Région métropolitaine,Unibank,non,Épargne,2025-12-31,2025-T4,57559510.32,non,brh_rapport_statistique_trim1_2026.xlsx,SRC-062,BRH — rapports statistiques de la supervision bancaire,"Données publiques haïtiennes — décret du 12/10/2005, art. 5 (textes officiels des autorités publiques et simples données)","BRH — Banque de la République d'Haïti, Direction de la supervision des banques et des institutions financières, rapports statistiques trimestriels",2026-08-25
Villes de province,Banque Nationale de Crédit,non,TOTAL,2025-12-31,2025-T4,33373902.47,non,brh_rapport_statistique_trim1_2026.xlsx,SRC-062,BRH — rapports statistiques de la supervision bancaire,"Données publiques haïtiennes — décret du 12/10/2005, art. 5 (textes officiels des autorités publiques et simples données)","BRH — Banque de la République d'Haïti, Direction de la supervision des banques et des institutions financières, rapports statistiques trimestriels",2026-08-25
Villes de province,Banque Nationale de Crédit,non,À terme,2025-12-31,2025-T4,2611944.0,non,brh_rapport_statistique_trim1_2026.xlsx,SRC-062,BRH — rapports statistiques de la supervision bancaire,"Données publiques haïtiennes — décret du 12/10/2005, art. 5 (textes officiels des autorités publiques et simples données)","BRH — Banque de la République d'Haïti, Direction de la supervision des banques et des institutions financières, rapports statistiques trimestriels",2026-08-25
Villes de province,Banque Nationale de Crédit,non,À vue,2025-12-31,2025-T4,9704791.378,non,brh_rapport_statistique_trim1_2026.xlsx,SRC-062,BRH — rapports statistiques de la supervision bancaire,"Données publiques haïtiennes — décret du 12/10/2005, art. 5 (textes officiels des autorités publiques et simples données)","BRH — Banque de la République d'Haïti, Direction de la supervision des banques et des institutions financières, rapports statistiques trimestriels",2026-08-25
Villes de province,Banque Nationale de Crédit,non,Épargne,2025-12-31,2025-T4,21057167.092,non,brh_rapport_statistique_trim1_2026.xlsx,SRC-062,BRH — rapports statistiques de la supervision bancaire,"Données publiques haïtiennes — décret du 12/10/2005, art. 5 (textes officiels des autorités publiques et simples données)","BRH — Banque de la République d'Haïti, Direction de la supervision des banques et des institutions financières, rapports statistiques trimestriels",2026-08-25
Villes de province,Banque de l'Union Haïtienne,non,TOTAL,2025-12-31,2025-T4,8158136.634,non,brh_rapport_statistique_trim1_2026.xlsx,SRC-062,BRH — rapports statistiques de la supervision bancaire,"Données publiques haïtiennes — décret du 12/10/2005, art. 5 (textes officiels des autorités publiques et simples données)","BRH — Banque de la République d'Haïti, Direction de la supervision des banques et des institutions financières, rapports statistiques trimestriels",2026-08-25
Villes de province,Banque de l'Union Haïtienne,non,À terme,2025-12-31,2025-T4,2042313.097,non,brh_rapport_statistique_trim1_2026.xlsx,SRC-062,BRH — rapports statistiques de la supervision bancaire,"Données publiques haïtiennes — décret du 12/10/2005, art. 5 (textes officiels des autorités publiques et simples données)","BRH — Banque de la République d'Haïti, Direction de la supervision des banques et des institutions financières, rapports statistiques trimestriels",2026-08-25
Villes de province,Banque de l'Union Haïtienne,non,À vue,2025-12-31,2025-T4,2992919.156,non,brh_rapport_statistique_trim1_2026.xlsx,SRC-062,BRH — rapports statistiques de la supervision bancaire,"Données publiques haïtiennes — décret du 12/10/2005, art. 5 (textes officiels des autorités publiques et simples données)","BRH — Banque de la République d'Haïti, Direction de la supervision des banques et des institutions financières, rapports statistiques trimestriels",2026-08-25
Villes de province,Banque de l'Union Haïtienne,non,Épargne,2025-12-31,2025-T4,3122904.381,non,brh_rapport_statistique_trim1_2026.xlsx,SRC-062,BRH — rapports statistiques de la supervision bancaire,"Données publiques haïtiennes — décret du 12/10/2005, art. 5 (textes officiels des autorités publiques et simples données)","BRH — Banque de la République d'Haïti, Direction de la supervision des banques et des institutions financières, rapports statistiques trimestriels",2026-08-25
Villes de province,Capital Bank,non,TOTAL,2025-12-31,2025-T4,5682127.0,non,brh_rapport_statistique_trim1_2026.xlsx,SRC-062,BRH — rapports statistiques de la supervision bancaire,"Données publiques haïtiennes — décret du 12/10/2005, art. 5 (textes officiels des autorités publiques et simples données)","BRH — Banque de la République d'Haïti, Direction de la supervision des banques et des institutions financières, rapports statistiques trimestriels",2026-08-25
Villes de province,Capital Bank,non,À terme,2025-12-31,2025-T4,173395.0,non,brh_rapport_statistique_trim1_2026.xlsx,SRC-062,BRH — rapports statistiques de la supervision bancaire,"Données publiques haïtiennes — décret du 12/10/2005, art. 5 (textes officiels des autorités publiques et simples données)","BRH — Banque de la République d'Haïti, Direction de la supervision des banques et des institutions financières, rapports statistiques trimestriels",2026-08-25
Villes de province,Capital Bank,non,À vue,2025-12-31,2025-T4,2294611.0,non,brh_rapport_statistique_trim1_2026.xlsx,SRC-062,BRH — rapports statistiques de la supervision bancaire,"Données publiques haïtiennes — décret du 12/10/2005, art. 5 (textes officiels des autorités publiques et simples données)","BRH — Banque de la République d'Haïti, Direction de la supervision des banques et des institutions financières, rapports statistiques trimestriels",2026-08-25
Villes de province,Capital Bank,non,Épargne,2025-12-31,2025-T4,3214121.0,non,brh_rapport_statistique_trim1_2026.xlsx,SRC-062,BRH — rapports statistiques de la supervision bancaire,"Données publiques haïtiennes — décret du 12/10/2005, art. 5 (textes officiels des autorités publiques et simples données)","BRH — Banque de la République d'Haïti, Direction de la supervision des banques et des institutions financières, rapports statistiques trimestriels",2026-08-25
Villes de province,Ensemble du système,oui,TOTAL,2025-12-31,2025-T4,131616286.144,non,brh_rapport_statistique_trim1_2026.xlsx,SRC-062,BRH — rapports statistiques de la supervision bancaire,"Données publiques haïtiennes — décret du 12/10/2005, art. 5 (textes officiels des autorités publiques et simples données)","BRH — Banque de la République d'Haïti, Direction de la supervision des banques et des institutions financières, rapports statistiques trimestriels",2026-08-25
Villes de province,Ensemble du système,oui,À terme,2025-12-31,2025-T4,11924300.574,non,brh_rapport_statistique_trim1_2026.xlsx,SRC-062,BRH — rapports statistiques de la supervision bancaire,"Données publiques haïtiennes — décret du 12/10/2005, art. 5 (textes officiels des autorités publiques et simples données)","BRH — Banque de la République d'Haïti, Direction de la supervision des banques et des institutions financières, rapports statistiques trimestriels",2026-08-25
Villes de province,Ensemble du système,oui,À vue,2025-12-31,2025-T4,44252582.048,non,brh_rapport_statistique_trim1_2026.xlsx,SRC-062,BRH — rapports statistiques de la supervision bancaire,"Données publiques haïtiennes — décret du 12/10/2005, art. 5 (textes officiels des autorités publiques et simples données)","BRH — Banque de la République d'Haïti, Direction de la supervision des banques et des institutions financières, rapports statistiques trimestriels",2026-08-25
Villes de province,Ensemble du système,oui,Épargne,2025-12-31,2025-T4,75439403.523,non,brh_rapport_statistique_trim1_2026.xlsx,SRC-062,BRH — rapports statistiques de la supervision bancaire,"Données publiques haïtiennes — décret du 12/10/2005, art. 5 (textes officiels des autorités publiques et simples données)","BRH — Banque de la République d'Haïti, Direction de la supervision des banques et des institutions financières, rapports statistiques trimestriels",2026-08-25
Villes de province,Sogebank,non,TOTAL,2025-12-31,2025-T4,39098532.334,non,brh_rapport_statistique_trim1_2026.xlsx,SRC-062,BRH — rapports statistiques de la supervision bancaire,"Données publiques haïtiennes — décret du 12/10/2005, art. 5 (textes officiels des autorités publiques et simples données)","BRH — Banque de la République d'Haïti, Direction de la supervision des banques et des institutions financières, rapports statistiques trimestriels",2026-08-25
Villes de province,Sogebank,non,À terme,2025-12-31,2025-T4,4830692.33,non,brh_rapport_statistique_trim1_2026.xlsx,SRC-062,BRH — rapports statistiques de la supervision bancaire,"Données publiques haïtiennes — décret du 12/10/2005, art. 5 (textes officiels des autorités publiques et simples données)","BRH — Banque de la République d'Haïti, Direction de la supervision des banques et des institutions financières, rapports statistiques trimestriels",2026-08-25
Villes de province,Sogebank,non,À vue,2025-12-31,2025-T4,13941027.184,non,brh_rapport_statistique_trim1_2026.xlsx,SRC-062,BRH — rapports statistiques de la supervision bancaire,"Données publiques haïtiennes — décret du 12/10/2005, art. 5 (textes officiels des autorités publiques et simples données)","BRH — Banque de la République d'Haïti, Direction de la supervision des banques et des institutions financières, rapports statistiques trimestriels",2026-08-25
Villes de province,Sogebank,non,Épargne,2025-12-31,2025-T4,20326812.82,non,brh_rapport_statistique_trim1_2026.xlsx,SRC-062,BRH — rapports statistiques de la supervision bancaire,"Données publiques haïtiennes — décret du 12/10/2005, art. 5 (textes officiels des autorités publiques et simples données)","BRH — Banque de la République d'Haïti, Direction de la supervision des banques et des institutions financières, rapports statistiques trimestriels",2026-08-25
Villes de province,Unibank,non,TOTAL,2025-12-31,2025-T4,45303587.706,non,brh_rapport_statistique_trim1_2026.xlsx,SRC-062,BRH — rapports statistiques de la supervision bancaire,"Données publiques haïtiennes — décret du 12/10/2005, art. 5 (textes officiels des autorités publiques et simples données)","BRH — Banque de la République d'Haïti, Direction de la supervision des banques et des institutions financières, rapports statistiques trimestriels",2026-08-25
Villes de province,Unibank,non,À terme,2025-12-31,2025-T4,2265956.147,non,brh_rapport_statistique_trim1_2026.xlsx,SRC-062,BRH — rapports statistiques de la supervision bancaire,"Données publiques haïtiennes — décret du 12/10/2005, art. 5 (textes officiels des autorités publiques et simples données)","BRH — Banque de la République d'Haïti, Direction de la supervision des banques et des institutions financières, rapports statistiques trimestriels",2026-08-25
Villes de province,Unibank,non,À vue,2025-12-31,2025-T4,15319233.329,non,brh_rapport_statistique_trim1_2026.xlsx,SRC-062,BRH — rapports statistiques de la supervision bancaire,"Données publiques haïtiennes — décret du 12/10/2005, art. 5 (textes officiels des autorités publiques et simples données)","BRH — Banque de la République d'Haïti, Direction de la supervision des banques et des institutions financières, rapports statistiques trimestriels",2026-08-25
Villes de province,Unibank,non,Épargne,2025-12-31,2025-T4,27718398.23,non,brh_rapport_statistique_trim1_2026.xlsx,SRC-062,BRH — rapports statistiques de la supervision bancaire,"Données publiques haïtiennes — décret du 12/10/2005, art. 5 (textes officiels des autorités publiques et simples données)","BRH — Banque de la République d'Haïti, Direction de la supervision des banques et des institutions financières, rapports statistiques trimestriels",2026-08-25
Ensemble du pays,Banque Nationale de Crédit,non,TOTAL,2026-03-31,2026-T1,108976025.005,oui,brh_rapport_statistique_trim2_2026_provisoire.xlsx,SRC-062,BRH — rapports statistiques de la supervision bancaire,"Données publiques haïtiennes — décret du 12/10/2005, art. 5 (textes officiels des autorités publiques et simples données)","BRH — Banque de la République d'Haïti, Direction de la supervision des banques et des institutions financières, rapports statistiques trimestriels",2026-08-25
Ensemble du pays,Banque Nationale de Crédit,non,À terme,2026-03-31,2026-T1,14075286.006,oui,brh_rapport_statistique_trim2_2026_provisoire.xlsx,SRC-062,BRH — rapports statistiques de la supervision bancaire,"Données publiques haïtiennes — décret du 12/10/2005, art. 5 (textes officiels des autorités publiques et simples données)","BRH — Banque de la République d'Haïti, Direction de la supervision des banques et des institutions financières, rapports statistiques trimestriels",2026-08-25
Ensemble du pays,Banque Nationale de Crédit,non,À vue,2026-03-31,2026-T1,48848389.128,oui,brh_rapport_statistique_trim2_2026_provisoire.xlsx,SRC-062,BRH — rapports statistiques de la supervision bancaire,"Données publiques haïtiennes — décret du 12/10/2005, art. 5 (textes officiels des autorités publiques et simples données)","BRH — Banque de la République d'Haïti, Direction de la supervision des banques et des institutions financières, rapports statistiques trimestriels",2026-08-25
Ensemble du pays,Banque Nationale de Crédit,non,Épargne,2026-03-31,2026-T1,46052349.872,oui,brh_rapport_statistique_trim2_2026_provisoire.xlsx,SRC-062,BRH — rapports statistiques de la supervision bancaire,"Données publiques haïtiennes — décret du 12/10/2005, art. 5 (textes officiels des autorités publiques et simples données)","BRH — Banque de la République d'Haïti, Direction de la supervision des banques et des institutions financières, rapports statistiques trimestriels",2026-08-25
Ensemble du pays,Banque Populaire Haïtienne,non,TOTAL,2026-03-31,2026-T1,4498463.459,oui,brh_rapport_statistique_trim2_2026_provisoire.xlsx,SRC-062,BRH — rapports statistiques de la supervision bancaire,"Données publiques haïtiennes — décret du 12/10/2005, art. 5 (textes officiels des autorités publiques et simples données)","BRH — Banque de la République d'Haïti, Direction de la supervision des banques et des institutions financières, rapports statistiques trimestriels",2026-08-25
Ensemble du pays,Banque Populaire Haïtienne,non,À terme,2026-03-31,2026-T1,2195690.227,oui,brh_rapport_statistique_trim2_2026_provisoire.xlsx,SRC-062,BRH — rapports statistiques de la supervision bancaire,"Données publiques haïtiennes — décret du 12/10/2005, art. 5 (textes officiels des autorités publiques et simples données)","BRH — Banque de la République d'Haïti, Direction de la supervision des banques et des institutions financières, rapports statistiques trimestriels",2026-08-25
Ensemble du pays,Banque Populaire Haïtienne,non,À vue,2026-03-31,2026-T1,1631795.327,oui,brh_rapport_statistique_trim2_2026_provisoire.xlsx,SRC-062,BRH — rapports statistiques de la supervision bancaire,"Données publiques haïtiennes — décret du 12/10/2005, art. 5 (textes officiels des autorités publiques et simples données)","BRH — Banque de la République d'Haïti, Direction de la supervision des banques et des institutions financières, rapports statistiques trimestriels",2026-08-25
Ensemble du pays,Banque Populaire Haïtienne,non,Épargne,2026-03-31,2026-T1,670977.905,oui,brh_rapport_statistique_trim2_2026_provisoire.xlsx,SRC-062,BRH — rapports statistiques de la supervision bancaire,"Données publiques haïtiennes — décret du 12/10/2005, art. 5 (textes officiels des autorités publiques et simples données)","BRH — Banque de la République d'Haïti, Direction de la supervision des banques et des institutions financières, rapports statistiques trimestriels",2026-08-25
Ensemble du pays,Banque de l'Union Haïtienne,non,TOTAL,2026-03-31,2026-T1,47536284.608,oui,brh_rapport_statistique_trim2_2026_provisoire.xlsx,SRC-062,BRH — rapports statistiques de la supervision bancaire,"Données publiques haïtiennes — décret du 12/10/2005, art. 5 (textes officiels des autorités publiques et simples données)","BRH — Banque de la République d'Haïti, Direction de la supervision des banques et des institutions financières, rapports statistiques trimestriels",2026-08-25
Ensemble du pays,Banque de l'Union Haïtienne,non,À terme,2026-03-31,2026-T1,14250942.039,oui,brh_rapport_statistique_trim2_2026_provisoire.xlsx,SRC-062,BRH — rapports statistiques de la supervision bancaire,"Données publiques haïtiennes — décret du 12/10/2005, art. 5 (textes officiels des autorités publiques et simples données)","BRH — Banque de la République d'Haïti, Direction de la supervision des banques et des institutions financières, rapports statistiques trimestriels",2026-08-25
Ensemble du pays,Banque de l'Union Haïtienne,non,À vue,2026-03-31,2026-T1,22475059.948,oui,brh_rapport_statistique_trim2_2026_provisoire.xlsx,SRC-062,BRH — rapports statistiques de la supervision bancaire,"Données publiques haïtiennes — décret du 12/10/2005, art. 5 (textes officiels des autorités publiques et simples données)","BRH — Banque de la République d'Haïti, Direction de la supervision des banques et des institutions financières, rapports statistiques trimestriels",2026-08-25
Ensemble du pays,Banque de l'Union Haïtienne,non,Épargne,2026-03-31,2026-T1,10810282.622,oui,brh_rapport_statistique_trim2_2026_provisoire.xlsx,SRC-062,BRH — rapports statistiques de la supervision bancaire,"Données publiques haïtiennes — décret du 12/10/2005, art. 5 (textes officiels des autorités publiques et simples données)","BRH — Banque de la République d'Haïti, Direction de la supervision des banques et des institutions financières, rapports statistiques trimestriels",2026-08-25
Ensemble du pays,Capital Bank,non,TOTAL,2026-03-31,2026-T1,44994511.0,oui,brh_rapport_statistique_trim2_2026_provisoire.xlsx,SRC-062,BRH — rapports statistiques de la supervision bancaire,"Données publiques haïtiennes — décret du 12/10/2005, art. 5 (textes officiels des autorités publiques et simples données)","BRH — Banque de la République d'Haïti, Direction de la supervision des banques et des institutions financières, rapports statistiques trimestriels",2026-08-25
Ensemble du pays,Capital Bank,non,À terme,2026-03-31,2026-T1,9116869.0,oui,brh_rapport_statistique_trim2_2026_provisoire.xlsx,SRC-062,BRH — rapports statistiques de la supervision bancaire,"Données publiques haïtiennes — décret du 12/10/2005, art. 5 (textes officiels des autorités publiques et simples données)","BRH — Banque de la République d'Haïti, Direction de la supervision des banques et des institutions financières, rapports statistiques trimestriels",2026-08-25
Ensemble du pays,Capital Bank,non,À vue,2026-03-31,2026-T1,21442812.0,oui,brh_rapport_statistique_trim2_2026_provisoire.xlsx,SRC-062,BRH — rapports statistiques de la supervision bancaire,"Données publiques haïtiennes — décret du 12/10/2005, art. 5 (textes officiels des autorités publiques et simples données)","BRH — Banque de la République d'Haïti, Direction de la supervision des banques et des institutions financières, rapports statistiques trimestriels",2026-08-25
Ensemble du pays,Capital Bank,non,Épargne,2026-03-31,2026-T1,14434830.0,oui,brh_rapport_statistique_trim2_2026_provisoire.xlsx,SRC-062,BRH — rapports statistiques de la supervision bancaire,"Données publiques haïtiennes — décret du 12/10/2005, art. 5 (textes officiels des autorités publiques et simples données)","BRH — Banque de la République d'Haïti, Direction de la supervision des banques et des institutions financières, rapports statistiques trimestriels",2026-08-25
Ensemble du pays,Ensemble du système,oui,TOTAL,2026-03-31,2026-T1,611444162.091,oui,brh_rapport_statistique_trim2_2026_provisoire.xlsx,SRC-062,BRH — rapports statistiques de la supervision bancaire,"Données publiques haïtiennes — décret du 12/10/2005, art. 5 (textes officiels des autorités publiques et simples données)","BRH — Banque de la République d'Haïti, Direction de la supervision des banques et des institutions financières, rapports statistiques trimestriels",2026-08-25
Ensemble du pays,Ensemble du système,oui,À terme,2026-03-31,2026-T1,104590239.343,oui,brh_rapport_statistique_trim2_2026_provisoire.xlsx,SRC-062,BRH — rapports statistiques de la supervision bancaire,"Données publiques haïtiennes — décret du 12/10/2005, art. 5 (textes officiels des autorités publiques et simples données)","BRH — Banque de la République d'Haïti, Direction de la supervision des banques et des institutions financières, rapports statistiques trimestriels",2026-08-25
Ensemble du pays,Ensemble du système,oui,À vue,2026-03-31,2026-T1,288985319.242,oui,brh_rapport_statistique_trim2_2026_provisoire.xlsx,SRC-062,BRH — rapports statistiques de la supervision bancaire,"Données publiques haïtiennes — décret du 12/10/2005, art. 5 (textes officiels des autorités publiques et simples données)","BRH — Banque de la République d'Haïti, Direction de la supervision des banques et des institutions financières, rapports statistiques trimestriels",2026-08-25
Ensemble du pays,Ensemble du système,oui,Épargne,2026-03-31,2026-T1,217868603.506,oui,brh_rapport_statistique_trim2_2026_provisoire.xlsx,SRC-062,BRH — rapports statistiques de la supervision bancaire,"Données publiques haïtiennes — décret du 12/10/2005, art. 5 (textes officiels des autorités publiques et simples données)","BRH — Banque de la République d'Haïti, Direction de la supervision des banques et des institutions financières, rapports statistiques trimestriels",2026-08-25
Ensemble du pays,Sogebank,non,TOTAL,2026-03-31,2026-T1,163049073.807,oui,brh_rapport_statistique_trim2_2026_provisoire.xlsx,SRC-062,BRH — rapports statistiques de la supervision bancaire,"Données publiques haïtiennes — décret du 12/10/2005, art. 5 (textes officiels des autorités publiques et simples données)","BRH — Banque de la République d'Haïti, Direction de la supervision des banques et des institutions financières, rapports statistiques trimestriels",2026-08-25
Ensemble du pays,Sogebank,non,À terme,2026-03-31,2026-T1,28411119.75,oui,brh_rapport_statistique_trim2_2026_provisoire.xlsx,SRC-062,BRH — rapports statistiques de la supervision bancaire,"Données publiques haïtiennes — décret du 12/10/2005, art. 5 (textes officiels des autorités publiques et simples données)","BRH — Banque de la République d'Haïti, Direction de la supervision des banques et des institutions financières, rapports statistiques trimestriels",2026-08-25
Ensemble du pays,Sogebank,non,À vue,2026-03-31,2026-T1,78781124.723,oui,brh_rapport_statistique_trim2_2026_provisoire.xlsx,SRC-062,BRH — rapports statistiques de la supervision bancaire,"Données publiques haïtiennes — décret du 12/10/2005, art. 5 (textes officiels des autorités publiques et simples données)","BRH — Banque de la République d'Haïti, Direction de la supervision des banques et des institutions financières, rapports statistiques trimestriels",2026-08-25
Ensemble du pays,Sogebank,non,Épargne,2026-03-31,2026-T1,55856829.334,oui,brh_rapport_statistique_trim2_2026_provisoire.xlsx,SRC-062,BRH — rapports statistiques de la supervision bancaire,"Données publiques haïtiennes — décret du 12/10/2005, art. 5 (textes officiels des autorités publiques et simples données)","BRH — Banque de la République d'Haïti, Direction de la supervision des banques et des institutions financières, rapports statistiques trimestriels",2026-08-25
Ensemble du pays,Sogebel,non,TOTAL,2026-03-31,2026-T1,9092918.772,oui,brh_rapport_statistique_trim2_2026_provisoire.xlsx,SRC-062,BRH — rapports statistiques de la supervision bancaire,"Données publiques haïtiennes — décret du 12/10/2005, art. 5 (textes officiels des autorités publiques et simples données)","BRH — Banque de la République d'Haïti, Direction de la supervision des banques et des institutions financières, rapports statistiques trimestriels",2026-08-25
Ensemble du pays,Sogebel,non,À terme,2026-03-31,2026-T1,3488765.196,oui,brh_rapport_statistique_trim2_2026_provisoire.xlsx,SRC-062,BRH — rapports statistiques de la supervision bancaire,"Données publiques haïtiennes — décret du 12/10/2005, art. 5 (textes officiels des autorités publiques et simples données)","BRH — Banque de la République d'Haïti, Direction de la supervision des banques et des institutions financières, rapports statistiques trimestriels",2026-08-25
Ensemble du pays,Sogebel,non,À vue,2026-03-31,2026-T1,4076906.598,oui,brh_rapport_statistique_trim2_2026_provisoire.xlsx,SRC-062,BRH — rapports statistiques de la supervision bancaire,"Données publiques haïtiennes — décret du 12/10/2005, art. 5 (textes officiels des autorités publiques et simples données)","BRH — Banque de la République d'Haïti, Direction de la supervision des banques et des institutions financières, rapports statistiques trimestriels",2026-08-25
Ensemble du pays,Sogebel,non,Épargne,2026-03-31,2026-T1,1527246.978,oui,brh_rapport_statistique_trim2_2026_provisoire.xlsx,SRC-062,BRH — rapports statistiques de la supervision bancaire,"Données publiques haïtiennes — décret du 12/10/2005, art. 5 (textes officiels des autorités publiques et simples données)","BRH — Banque de la République d'Haïti, Direction de la supervision des banques et des institutions financières, rapports statistiques trimestriels",2026-08-25
Ensemble du pays,Unibank,non,TOTAL,2026-03-31,2026-T1,233296885.44,oui,brh_rapport_statistique_trim2_2026_provisoire.xlsx,SRC-062,BRH — rapports statistiques de la supervision bancaire,"Données publiques haïtiennes — décret du 12/10/2005, art. 5 (textes officiels des autorités publiques et simples données)","BRH — Banque de la République d'Haïti, Direction de la supervision des banques et des institutions financières, rapports statistiques trimestriels",2026-08-25
Ensemble du pays,Unibank,non,À terme,2026-03-31,2026-T1,33051567.126,oui,brh_rapport_statistique_trim2_2026_provisoire.xlsx,SRC-062,BRH — rapports statistiques de la supervision bancaire,"Données publiques haïtiennes — décret du 12/10/2005, art. 5 (textes officiels des autorités publiques et simples données)","BRH — Banque de la République d'Haïti, Direction de la supervision des banques et des institutions financières, rapports statistiques trimestriels",2026-08-25
Ensemble du pays,Unibank,non,À vue,2026-03-31,2026-T1,111729231.518,oui,brh_rapport_statistique_trim2_2026_provisoire.xlsx,SRC-062,BRH — rapports statistiques de la supervision bancaire,"Données publiques haïtiennes — décret du 12/10/2005, art. 5 (textes officiels des autorités publiques et simples données)","BRH — Banque de la République d'Haïti, Direction de la supervision des banques et des institutions financières, rapports statistiques trimestriels",2026-08-25
Ensemble du pays,Unibank,non,Épargne,2026-03-31,2026-T1,88516086.796,oui,brh_rapport_statistique_trim2_2026_provisoire.xlsx,SRC-062,BRH — rapports statistiques de la supervision bancaire,"Données publiques haïtiennes — décret du 12/10/2005, art. 5 (textes officiels des autorités publiques et simples données)","BRH — Banque de la République d'Haïti, Direction de la supervision des banques et des institutions financières, rapports statistiques trimestriels",2026-08-25
Région métropolitaine,Banque Nationale de Crédit,non,TOTAL,2026-03-31,2026-T1,73029553.557,oui,brh_rapport_statistique_trim2_2026_provisoire.xlsx,SRC-062,BRH — rapports statistiques de la supervision bancaire,"Données publiques haïtiennes — décret du 12/10/2005, art. 5 (textes officiels des autorités publiques et simples données)","BRH — Banque de la République d'Haïti, Direction de la supervision des banques et des institutions financières, rapports statistiques trimestriels",2026-08-25
Région métropolitaine,Banque Nationale de Crédit,non,À terme,2026-03-31,2026-T1,11273800.796,oui,brh_rapport_statistique_trim2_2026_provisoire.xlsx,SRC-062,BRH — rapports statistiques de la supervision bancaire,"Données publiques haïtiennes — décret du 12/10/2005, art. 5 (textes officiels des autorités publiques et simples données)","BRH — Banque de la République d'Haïti, Direction de la supervision des banques et des institutions financières, rapports statistiques trimestriels",2026-08-25
Région métropolitaine,Banque Nationale de Crédit,non,À vue,2026-03-31,2026-T1,37224897.659,oui,brh_rapport_statistique_trim2_2026_provisoire.xlsx,SRC-062,BRH — rapports statistiques de la supervision bancaire,"Données publiques haïtiennes — décret du 12/10/2005, art. 5 (textes officiels des autorités publiques et simples données)","BRH — Banque de la République d'Haïti, Direction de la supervision des banques et des institutions financières, rapports statistiques trimestriels",2026-08-25
Région métropolitaine,Banque Nationale de Crédit,non,Épargne,2026-03-31,2026-T1,24530855.102,oui,brh_rapport_statistique_trim2_2026_provisoire.xlsx,SRC-062,BRH — rapports statistiques de la supervision bancaire,"Données publiques haïtiennes — décret du 12/10/2005, art. 5 (textes officiels des autorités publiques et simples données)","BRH — Banque de la République d'Haïti, Direction de la supervision des banques et des institutions financières, rapports statistiques trimestriels",2026-08-25
Région métropolitaine,Banque Populaire Haïtienne,non,TOTAL,2026-03-31,2026-T1,4498463.459,oui,brh_rapport_statistique_trim2_2026_provisoire.xlsx,SRC-062,BRH — rapports statistiques de la supervision bancaire,"Données publiques haïtiennes — décret du 12/10/2005, art. 5 (textes officiels des autorités publiques et simples données)","BRH — Banque de la République d'Haïti, Direction de la supervision des banques et des institutions financières, rapports statistiques trimestriels",2026-08-25
Région métropolitaine,Banque Populaire Haïtienne,non,À terme,2026-03-31,2026-T1,2195690.227,oui,brh_rapport_statistique_trim2_2026_provisoire.xlsx,SRC-062,BRH — rapports statistiques de la supervision bancaire,"Données publiques haïtiennes — décret du 12/10/2005, art. 5 (textes officiels des autorités publiques et simples données)","BRH — Banque de la République d'Haïti, Direction de la supervision des banques et des institutions financières, rapports statistiques trimestriels",2026-08-25
Région métropolitaine,Banque Populaire Haïtienne,non,À vue,2026-03-31,2026-T1,1631795.327,oui,brh_rapport_statistique_trim2_2026_provisoire.xlsx,SRC-062,BRH — rapports statistiques de la supervision bancaire,"Données publiques haïtiennes — décret du 12/10/2005, art. 5 (textes officiels des autorités publiques et simples données)","BRH — Banque de la République d'Haïti, Direction de la supervision des banques et des institutions financières, rapports statistiques trimestriels",2026-08-25
Région métropolitaine,Banque Populaire Haïtienne,non,Épargne,2026-03-31,2026-T1,670977.905,oui,brh_rapport_statistique_trim2_2026_provisoire.xlsx,SRC-062,BRH — rapports statistiques de la supervision bancaire,"Données publiques haïtiennes — décret du 12/10/2005, art. 5 (textes officiels des autorités publiques et simples données)","BRH — Banque de la République d'Haïti, Direction de la supervision des banques et des institutions financières, rapports statistiques trimestriels",2026-08-25
Région métropolitaine,Banque de l'Union Haïtienne,non,TOTAL,2026-03-31,2026-T1,39358083.518,oui,brh_rapport_statistique_trim2_2026_provisoire.xlsx,SRC-062,BRH — rapports statistiques de la supervision bancaire,"Données publiques haïtiennes — décret du 12/10/2005, art. 5 (textes officiels des autorités publiques et simples données)","BRH — Banque de la République d'Haïti, Direction de la supervision des banques et des institutions financières, rapports statistiques trimestriels",2026-08-25
Région métropolitaine,Banque de l'Union Haïtienne,non,À terme,2026-03-31,2026-T1,12139397.646,oui,brh_rapport_statistique_trim2_2026_provisoire.xlsx,SRC-062,BRH — rapports statistiques de la supervision bancaire,"Données publiques haïtiennes — décret du 12/10/2005, art. 5 (textes officiels des autorités publiques et simples données)","BRH — Banque de la République d'Haïti, Direction de la supervision des banques et des institutions financières, rapports statistiques trimestriels",2026-08-25
Région métropolitaine,Banque de l'Union Haïtienne,non,À vue,2026-03-31,2026-T1,19937945.037,oui,brh_rapport_statistique_trim2_2026_provisoire.xlsx,SRC-062,BRH — rapports statistiques de la supervision bancaire,"Données publiques haïtiennes — décret du 12/10/2005, art. 5 (textes officiels des autorités publiques et simples données)","BRH — Banque de la République d'Haïti, Direction de la supervision des banques et des institutions financières, rapports statistiques trimestriels",2026-08-25
Région métropolitaine,Banque de l'Union Haïtienne,non,Épargne,2026-03-31,2026-T1,7280740.835,oui,brh_rapport_statistique_trim2_2026_provisoire.xlsx,SRC-062,BRH — rapports statistiques de la supervision bancaire,"Données publiques haïtiennes — décret du 12/10/2005, art. 5 (textes officiels des autorités publiques et simples données)","BRH — Banque de la République d'Haïti, Direction de la supervision des banques et des institutions financières, rapports statistiques trimestriels",2026-08-25
Région métropolitaine,Capital Bank,non,TOTAL,2026-03-31,2026-T1,39237067.0,oui,brh_rapport_statistique_trim2_2026_provisoire.xlsx,SRC-062,BRH — rapports statistiques de la supervision bancaire,"Données publiques haïtiennes — décret du 12/10/2005, art. 5 (textes officiels des autorités publiques et simples données)","BRH — Banque de la République d'Haïti, Direction de la supervision des banques et des institutions financières, rapports statistiques trimestriels",2026-08-25
Région métropolitaine,Capital Bank,non,À terme,2026-03-31,2026-T1,8940855.0,oui,brh_rapport_statistique_trim2_2026_provisoire.xlsx,SRC-062,BRH — rapports statistiques de la supervision bancaire,"Données publiques haïtiennes — décret du 12/10/2005, art. 5 (textes officiels des autorités publiques et simples données)","BRH — Banque de la République d'Haïti, Direction de la supervision des banques et des institutions financières, rapports statistiques trimestriels",2026-08-25
Région métropolitaine,Capital Bank,non,À vue,2026-03-31,2026-T1,19408197.0,oui,brh_rapport_statistique_trim2_2026_provisoire.xlsx,SRC-062,BRH — rapports statistiques de la supervision bancaire,"Données publiques haïtiennes — décret du 12/10/2005, art. 5 (textes officiels des autorités publiques et simples données)","BRH — Banque de la République d'Haïti, Direction de la supervision des banques et des institutions financières, rapports statistiques trimestriels",2026-08-25
Région métropolitaine,Capital Bank,non,Épargne,2026-03-31,2026-T1,10888015.0,oui,brh_rapport_statistique_trim2_2026_provisoire.xlsx,SRC-062,BRH — rapports statistiques de la supervision bancaire,"Données publiques haïtiennes — décret du 12/10/2005, art. 5 (textes officiels des autorités publiques et simples données)","BRH — Banque de la République d'Haïti, Direction de la supervision des banques et des institutions financières, rapports statistiques trimestriels",2026-08-25
Région métropolitaine,Ensemble du système,oui,TOTAL,2026-03-31,2026-T1,473187225.516,oui,brh_rapport_statistique_trim2_2026_provisoire.xlsx,SRC-062,BRH — rapports statistiques de la supervision bancaire,"Données publiques haïtiennes — décret du 12/10/2005, art. 5 (textes officiels des autorités publiques et simples données)","BRH — Banque de la République d'Haïti, Direction de la supervision des banques et des institutions financières, rapports statistiques trimestriels",2026-08-25
Région métropolitaine,Ensemble du système,oui,À terme,2026-03-31,2026-T1,91981446.331,oui,brh_rapport_statistique_trim2_2026_provisoire.xlsx,SRC-062,BRH — rapports statistiques de la supervision bancaire,"Données publiques haïtiennes — décret du 12/10/2005, art. 5 (textes officiels des autorités publiques et simples données)","BRH — Banque de la République d'Haïti, Direction de la supervision des banques et des institutions financières, rapports statistiques trimestriels",2026-08-25
Région métropolitaine,Ensemble du système,oui,À vue,2026-03-31,2026-T1,243084530.337,oui,brh_rapport_statistique_trim2_2026_provisoire.xlsx,SRC-062,BRH — rapports statistiques de la supervision bancaire,"Données publiques haïtiennes — décret du 12/10/2005, art. 5 (textes officiels des autorités publiques et simples données)","BRH — Banque de la République d'Haïti, Direction de la supervision des banques et des institutions financières, rapports statistiques trimestriels",2026-08-25
Région métropolitaine,Ensemble du système,oui,Épargne,2026-03-31,2026-T1,138121248.848,oui,brh_rapport_statistique_trim2_2026_provisoire.xlsx,SRC-062,BRH — rapports statistiques de la supervision bancaire,"Données publiques haïtiennes — décret du 12/10/2005, art. 5 (textes officiels des autorités publiques et simples données)","BRH — Banque de la République d'Haïti, Direction de la supervision des banques et des institutions financières, rapports statistiques trimestriels",2026-08-25
Région métropolitaine,Sogebank,non,TOTAL,2026-03-31,2026-T1,122210424.807,oui,brh_rapport_statistique_trim2_2026_provisoire.xlsx,SRC-062,BRH — rapports statistiques de la supervision bancaire,"Données publiques haïtiennes — décret du 12/10/2005, art. 5 (textes officiels des autorités publiques et simples données)","BRH — Banque de la République d'Haïti, Direction de la supervision des banques et des institutions financières, rapports statistiques trimestriels",2026-08-25
Région métropolitaine,Sogebank,non,À terme,2026-03-31,2026-T1,23156828.239,oui,brh_rapport_statistique_trim2_2026_provisoire.xlsx,SRC-062,BRH — rapports statistiques de la supervision bancaire,"Données publiques haïtiennes — décret du 12/10/2005, art. 5 (textes officiels des autorités publiques et simples données)","BRH — Banque de la République d'Haïti, Direction de la supervision des banques et des institutions financières, rapports statistiques trimestriels",2026-08-25
Région métropolitaine,Sogebank,non,À vue,2026-03-31,2026-T1,64771098.715,oui,brh_rapport_statistique_trim2_2026_provisoire.xlsx,SRC-062,BRH — rapports statistiques de la supervision bancaire,"Données publiques haïtiennes — décret du 12/10/2005, art. 5 (textes officiels des autorités publiques et simples données)","BRH — Banque de la République d'Haïti, Direction de la supervision des banques et des institutions financières, rapports statistiques trimestriels",2026-08-25
Région métropolitaine,Sogebank,non,Épargne,2026-03-31,2026-T1,34282497.852,oui,brh_rapport_statistique_trim2_2026_provisoire.xlsx,SRC-062,BRH — rapports statistiques de la supervision bancaire,"Données publiques haïtiennes — décret du 12/10/2005, art. 5 (textes officiels des autorités publiques et simples données)","BRH — Banque de la République d'Haïti, Direction de la supervision des banques et des institutions financières, rapports statistiques trimestriels",2026-08-25
Région métropolitaine,Sogebel,non,TOTAL,2026-03-31,2026-T1,9092918.772,oui,brh_rapport_statistique_trim2_2026_provisoire.xlsx,SRC-062,BRH — rapports statistiques de la supervision bancaire,"Données publiques haïtiennes — décret du 12/10/2005, art. 5 (textes officiels des autorités publiques et simples données)","BRH — Banque de la République d'Haïti, Direction de la supervision des banques et des institutions financières, rapports statistiques trimestriels",2026-08-25
Région métropolitaine,Sogebel,non,À terme,2026-03-31,2026-T1,3488765.196,oui,brh_rapport_statistique_trim2_2026_provisoire.xlsx,SRC-062,BRH — rapports statistiques de la supervision bancaire,"Données publiques haïtiennes — décret du 12/10/2005, art. 5 (textes officiels des autorités publiques et simples données)","BRH — Banque de la République d'Haïti, Direction de la supervision des banques et des institutions financières, rapports statistiques trimestriels",2026-08-25
Région métropolitaine,Sogebel,non,À vue,2026-03-31,2026-T1,4076906.598,oui,brh_rapport_statistique_trim2_2026_provisoire.xlsx,SRC-062,BRH — rapports statistiques de la supervision bancaire,"Données publiques haïtiennes — décret du 12/10/2005, art. 5 (textes officiels des autorités publiques et simples données)","BRH — Banque de la République d'Haïti, Direction de la supervision des banques et des institutions financières, rapports statistiques trimestriels",2026-08-25
Région métropolitaine,Sogebel,non,Épargne,2026-03-31,2026-T1,1527246.978,oui,brh_rapport_statistique_trim2_2026_provisoire.xlsx,SRC-062,BRH — rapports statistiques de la supervision bancaire,"Données publiques haïtiennes — décret du 12/10/2005, art. 5 (textes officiels des autorités publiques et simples données)","BRH — Banque de la République d'Haïti, Direction de la supervision des banques et des institutions financières, rapports statistiques trimestriels",2026-08-25
Région métropolitaine,Unibank,non,TOTAL,2026-03-31,2026-T1,185760714.404,oui,brh_rapport_statistique_trim2_2026_provisoire.xlsx,SRC-062,BRH — rapports statistiques de la supervision bancaire,"Données publiques haïtiennes — décret du 12/10/2005, art. 5 (textes officiels des autorités publiques et simples données)","BRH — Banque de la République d'Haïti, Direction de la supervision des banques et des institutions financières, rapports statistiques trimestriels",2026-08-25
Région métropolitaine,Unibank,non,À terme,2026-03-31,2026-T1,30786109.227,oui,brh_rapport_statistique_trim2_2026_provisoire.xlsx,SRC-062,BRH — rapports statistiques de la supervision bancaire,"Données publiques haïtiennes — décret du 12/10/2005, art. 5 (textes officiels des autorités publiques et simples données)","BRH — Banque de la République d'Haïti, Direction de la supervision des banques et des institutions financières, rapports statistiques trimestriels",2026-08-25
Région métropolitaine,Unibank,non,À vue,2026-03-31,2026-T1,96033690.001,oui,brh_rapport_statistique_trim2_2026_provisoire.xlsx,SRC-062,BRH — rapports statistiques de la supervision bancaire,"Données publiques haïtiennes — décret du 12/10/2005, art. 5 (textes officiels des autorités publiques et simples données)","BRH — Banque de la République d'Haïti, Direction de la supervision des banques et des institutions financières, rapports statistiques trimestriels",2026-08-25
Région métropolitaine,Unibank,non,Épargne,2026-03-31,2026-T1,58940915.176,oui,brh_rapport_statistique_trim2_2026_provisoire.xlsx,SRC-062,BRH — rapports statistiques de la supervision bancaire,"Données publiques haïtiennes — décret du 12/10/2005, art. 5 (textes officiels des autorités publiques et simples données)","BRH — Banque de la République d'Haïti, Direction de la supervision des banques et des institutions financières, rapports statistiques trimestriels",2026-08-25
Villes de province,Banque Nationale de Crédit,non,TOTAL,2026-03-31,2026-T1,35946471.448,oui,brh_rapport_statistique_trim2_2026_provisoire.xlsx,SRC-062,BRH — rapports statistiques de la supervision bancaire,"Données publiques haïtiennes — décret du 12/10/2005, art. 5 (textes officiels des autorités publiques et simples données)","BRH — Banque de la République d'Haïti, Direction de la supervision des banques et des institutions financières, rapports statistiques trimestriels",2026-08-25
Villes de province,Banque Nationale de Crédit,non,À terme,2026-03-31,2026-T1,2801485.21,oui,brh_rapport_statistique_trim2_2026_provisoire.xlsx,SRC-062,BRH — rapports statistiques de la supervision bancaire,"Données publiques haïtiennes — décret du 12/10/2005, art. 5 (textes officiels des autorités publiques et simples données)","BRH — Banque de la République d'Haïti, Direction de la supervision des banques et des institutions financières, rapports statistiques trimestriels",2026-08-25
Villes de province,Banque Nationale de Crédit,non,À vue,2026-03-31,2026-T1,11623491.468,oui,brh_rapport_statistique_trim2_2026_provisoire.xlsx,SRC-062,BRH — rapports statistiques de la supervision bancaire,"Données publiques haïtiennes — décret du 12/10/2005, art. 5 (textes officiels des autorités publiques et simples données)","BRH — Banque de la République d'Haïti, Direction de la supervision des banques et des institutions financières, rapports statistiques trimestriels",2026-08-25
Villes de province,Banque Nationale de Crédit,non,Épargne,2026-03-31,2026-T1,21521494.77,oui,brh_rapport_statistique_trim2_2026_provisoire.xlsx,SRC-062,BRH — rapports statistiques de la supervision bancaire,"Données publiques haïtiennes — décret du 12/10/2005, art. 5 (textes officiels des autorités publiques et simples données)","BRH — Banque de la République d'Haïti, Direction de la supervision des banques et des institutions financières, rapports statistiques trimestriels",2026-08-25
Villes de province,Banque de l'Union Haïtienne,non,TOTAL,2026-03-31,2026-T1,8178201.091,oui,brh_rapport_statistique_trim2_2026_provisoire.xlsx,SRC-062,BRH — rapports statistiques de la supervision bancaire,"Données publiques haïtiennes — décret du 12/10/2005, art. 5 (textes officiels des autorités publiques et simples données)","BRH — Banque de la République d'Haïti, Direction de la supervision des banques et des institutions financières, rapports statistiques trimestriels",2026-08-25
Villes de province,Banque de l'Union Haïtienne,non,À terme,2026-03-31,2026-T1,2111544.392,oui,brh_rapport_statistique_trim2_2026_provisoire.xlsx,SRC-062,BRH — rapports statistiques de la supervision bancaire,"Données publiques haïtiennes — décret du 12/10/2005, art. 5 (textes officiels des autorités publiques et simples données)","BRH — Banque de la République d'Haïti, Direction de la supervision des banques et des institutions financières, rapports statistiques trimestriels",2026-08-25
Villes de province,Banque de l'Union Haïtienne,non,À vue,2026-03-31,2026-T1,2537114.911,oui,brh_rapport_statistique_trim2_2026_provisoire.xlsx,SRC-062,BRH — rapports statistiques de la supervision bancaire,"Données publiques haïtiennes — décret du 12/10/2005, art. 5 (textes officiels des autorités publiques et simples données)","BRH — Banque de la République d'Haïti, Direction de la supervision des banques et des institutions financières, rapports statistiques trimestriels",2026-08-25
Villes de province,Banque de l'Union Haïtienne,non,Épargne,2026-03-31,2026-T1,3529541.787,oui,brh_rapport_statistique_trim2_2026_provisoire.xlsx,SRC-062,BRH — rapports statistiques de la supervision bancaire,"Données publiques haïtiennes — décret du 12/10/2005, art. 5 (textes officiels des autorités publiques et simples données)","BRH — Banque de la République d'Haïti, Direction de la supervision des banques et des institutions financières, rapports statistiques trimestriels",2026-08-25
Villes de province,Capital Bank,non,TOTAL,2026-03-31,2026-T1,5757444.0,oui,brh_rapport_statistique_trim2_2026_provisoire.xlsx,SRC-062,BRH — rapports statistiques de la supervision bancaire,"Données publiques haïtiennes — décret du 12/10/2005, art. 5 (textes officiels des autorités publiques et simples données)","BRH — Banque de la République d'Haïti, Direction de la supervision des banques et des institutions financières, rapports statistiques trimestriels",2026-08-25
Villes de province,Capital Bank,non,À terme,2026-03-31,2026-T1,176014.0,oui,brh_rapport_statistique_trim2_2026_provisoire.xlsx,SRC-062,BRH — rapports statistiques de la supervision bancaire,"Données publiques haïtiennes — décret du 12/10/2005, art. 5 (textes officiels des autorités publiques et simples données)","BRH — Banque de la République d'Haïti, Direction de la supervision des banques et des institutions financières, rapports statistiques trimestriels",2026-08-25
Villes de province,Capital Bank,non,À vue,2026-03-31,2026-T1,2034615.0,oui,brh_rapport_statistique_trim2_2026_provisoire.xlsx,SRC-062,BRH — rapports statistiques de la supervision bancaire,"Données publiques haïtiennes — décret du 12/10/2005, art. 5 (textes officiels des autorités publiques et simples données)","BRH — Banque de la République d'Haïti, Direction de la supervision des banques et des institutions financières, rapports statistiques trimestriels",2026-08-25
Villes de province,Capital Bank,non,Épargne,2026-03-31,2026-T1,3546815.0,oui,brh_rapport_statistique_trim2_2026_provisoire.xlsx,SRC-062,BRH — rapports statistiques de la supervision bancaire,"Données publiques haïtiennes — décret du 12/10/2005, art. 5 (textes officiels des autorités publiques et simples données)","BRH — Banque de la République d'Haïti, Direction de la supervision des banques et des institutions financières, rapports statistiques trimestriels",2026-08-25
Villes de province,Ensemble du système,oui,TOTAL,2026-03-31,2026-T1,138256936.575,oui,brh_rapport_statistique_trim2_2026_provisoire.xlsx,SRC-062,BRH — rapports statistiques de la supervision bancaire,"Données publiques haïtiennes — décret du 12/10/2005, art. 5 (textes officiels des autorités publiques et simples données)","BRH — Banque de la République d'Haïti, Direction de la supervision des banques et des institutions financières, rapports statistiques trimestriels",2026-08-25
Villes de province,Ensemble du système,oui,À terme,2026-03-31,2026-T1,12608793.012,oui,brh_rapport_statistique_trim2_2026_provisoire.xlsx,SRC-062,BRH — rapports statistiques de la supervision bancaire,"Données publiques haïtiennes — décret du 12/10/2005, art. 5 (textes officiels des autorités publiques et simples données)","BRH — Banque de la République d'Haïti, Direction de la supervision des banques et des institutions financières, rapports statistiques trimestriels",2026-08-25
Villes de province,Ensemble du système,oui,À vue,2026-03-31,2026-T1,45900788.905,oui,brh_rapport_statistique_trim2_2026_provisoire.xlsx,SRC-062,BRH — rapports statistiques de la supervision bancaire,"Données publiques haïtiennes — décret du 12/10/2005, art. 5 (textes officiels des autorités publiques et simples données)","BRH — Banque de la République d'Haïti, Direction de la supervision des banques et des institutions financières, rapports statistiques trimestriels",2026-08-25
Villes de province,Ensemble du système,oui,Épargne,2026-03-31,2026-T1,79747354.659,oui,brh_rapport_statistique_trim2_2026_provisoire.xlsx,SRC-062,BRH — rapports statistiques de la supervision bancaire,"Données publiques haïtiennes — décret du 12/10/2005, art. 5 (textes officiels des autorités publiques et simples données)","BRH — Banque de la République d'Haïti, Direction de la supervision des banques et des institutions financières, rapports statistiques trimestriels",2026-08-25
Villes de province,Sogebank,non,TOTAL,2026-03-31,2026-T1,40838649.001,oui,brh_rapport_statistique_trim2_2026_provisoire.xlsx,SRC-062,BRH — rapports statistiques de la supervision bancaire,"Données publiques haïtiennes — décret du 12/10/2005, art. 5 (textes officiels des autorités publiques et simples données)","BRH — Banque de la République d'Haïti, Direction de la supervision des banques et des institutions financières, rapports statistiques trimestriels",2026-08-25
Villes de province,Sogebank,non,À terme,2026-03-31,2026-T1,5254291.511,oui,brh_rapport_statistique_trim2_2026_provisoire.xlsx,SRC-062,BRH — rapports statistiques de la supervision bancaire,"Données publiques haïtiennes — décret du 12/10/2005, art. 5 (textes officiels des autorités publiques et simples données)","BRH — Banque de la République d'Haïti, Direction de la supervision des banques et des institutions financières, rapports statistiques trimestriels",2026-08-25
Villes de province,Sogebank,non,À vue,2026-03-31,2026-T1,14010026.008,oui,brh_rapport_statistique_trim2_2026_provisoire.xlsx,SRC-062,BRH — rapports statistiques de la supervision bancaire,"Données publiques haïtiennes — décret du 12/10/2005, art. 5 (textes officiels des autorités publiques et simples données)","BRH — Banque de la République d'Haïti, Direction de la supervision des banques et des institutions financières, rapports statistiques trimestriels",2026-08-25
Villes de province,Sogebank,non,Épargne,2026-03-31,2026-T1,21574331.482,oui,brh_rapport_statistique_trim2_2026_provisoire.xlsx,SRC-062,BRH — rapports statistiques de la supervision bancaire,"Données publiques haïtiennes — décret du 12/10/2005, art. 5 (textes officiels des autorités publiques et simples données)","BRH — Banque de la République d'Haïti, Direction de la supervision des banques et des institutions financières, rapports statistiques trimestriels",2026-08-25
Villes de province,Unibank,non,TOTAL,2026-03-31,2026-T1,47536171.036,oui,brh_rapport_statistique_trim2_2026_provisoire.xlsx,SRC-062,BRH — rapports statistiques de la supervision bancaire,"Données publiques haïtiennes — décret du 12/10/2005, art. 5 (textes officiels des autorités publiques et simples données)","BRH — Banque de la République d'Haïti, Direction de la supervision des banques et des institutions financières, rapports statistiques trimestriels",2026-08-25
Villes de province,Unibank,non,À terme,2026-03-31,2026-T1,2265457.898,oui,brh_rapport_statistique_trim2_2026_provisoire.xlsx,SRC-062,BRH — rapports statistiques de la supervision bancaire,"Données publiques haïtiennes — décret du 12/10/2005, art. 5 (textes officiels des autorités publiques et simples données)","BRH — Banque de la République d'Haïti, Direction de la supervision des banques et des institutions financières, rapports statistiques trimestriels",2026-08-25
Villes de province,Unibank,non,À vue,2026-03-31,2026-T1,15695541.518,oui,brh_rapport_statistique_trim2_2026_provisoire.xlsx,SRC-062,BRH — rapports statistiques de la supervision bancaire,"Données publiques haïtiennes — décret du 12/10/2005, art. 5 (textes officiels des autorités publiques et simples données)","BRH — Banque de la République d'Haïti, Direction de la supervision des banques et des institutions financières, rapports statistiques trimestriels",2026-08-25
Villes de province,Unibank,non,Épargne,2026-03-31,2026-T1,29575171.62,oui,brh_rapport_statistique_trim2_2026_provisoire.xlsx,SRC-062,BRH — rapports statistiques de la supervision bancaire,"Données publiques haïtiennes — décret du 12/10/2005, art. 5 (textes officiels des autorités publiques et simples données)","BRH — Banque de la République d'Haïti, Direction de la supervision des banques et des institutions financières, rapports statistiques trimestriels",2026-08-25
