atmart_geo_id,niveau_admin,type_entite,nom_fr,nom_ht,parent_atmart_geo_id,pcode,source_geo_id,chef_lieu_fr,chef_lieu_ht,chef_lieu_latitude,chef_lieu_longitude,superficie_km2,latitude,longitude,population,date_validite_debut,date_validite_fin,source,date_source,date_extraction,statut_valeur,methode,niveau_qualite,version
HTD-01,1,Département,Ouest,Lwès,HT,HT01,HT01,,,,,4975.07,18.61774329,-72.17623252,,2018-11-29,,CNIGS / UN OCHA COD-AB Haiti,2026-01-26,2026-07-31,O,Reprise directe de la couche adm1,A,v1.2026.07
HTD-02,1,Département,Sud-Est,Sidès,HT,HT02,HT02,,,,,2038.63,18.21892991,-72.78221649,,2018-11-29,,CNIGS / UN OCHA COD-AB Haiti,2026-01-26,2026-07-31,O,Reprise directe de la couche adm1,A,v1.2026.07
HTD-03,1,Département,Nord,Nò,HT,HT03,HT03,,,,,2102.78,19.56737391,-72.21764097,,2018-11-29,,CNIGS / UN OCHA COD-AB Haiti,2026-01-26,2026-07-31,O,Reprise directe de la couche adm1,A,v1.2026.07
HTD-04,1,Département,Nord-Est,Nòdès,HT,HT04,HT04,,,,,1627.56,19.49702481,-71.89071718,,2018-11-29,,CNIGS / UN OCHA COD-AB Haiti,2026-01-26,2026-07-31,O,Reprise directe de la couche adm1,A,v1.2026.07
HTD-05,1,Département,Artibonite,Latibonit,HT,HT05,HT05,,,,,4857.73,19.33671941,-72.49245856,,2018-11-29,,CNIGS / UN OCHA COD-AB Haiti,2026-01-26,2026-07-31,O,Reprise directe de la couche adm1,A,v1.2026.07
HTD-06,1,Département,Centre,Sant,HT,HT06,HT06,,,,,3461.21,19.00952069,-72.01591926,,2018-11-29,,CNIGS / UN OCHA COD-AB Haiti,2026-01-26,2026-07-31,O,Reprise directe de la couche adm1,A,v1.2026.07
HTD-07,1,Département,Sud,Sid,HT,HT07,HT07,,,,,2646.56,18.22772825,-73.88190865,,2018-11-29,,CNIGS / UN OCHA COD-AB Haiti,2026-01-26,2026-07-31,O,Reprise directe de la couche adm1,A,v1.2026.07
HTD-08,1,Département,Grande'Anse,Grandans,HT,HT08,HT08,,,,,1913.92,18.51641358,-74.0981846,,2018-11-29,,CNIGS / UN OCHA COD-AB Haiti,2026-01-26,2026-07-31,O,Reprise directe de la couche adm1,A,v1.2026.07
HTD-09,1,Département,Nord-Ouest,Nòdwès,HT,HT09,HT09,,,,,2092.92,19.7878579,-73.09816327,,2018-11-29,,CNIGS / UN OCHA COD-AB Haiti,2026-01-26,2026-07-31,O,Reprise directe de la couche adm1,A,v1.2026.07
HTD-10,1,Département,Nippes,Nip,HT,HT10,HT10,,,,,1225.95,18.40544143,-73.30774538,,2018-11-29,,CNIGS / UN OCHA COD-AB Haiti,2026-01-26,2026-07-31,O,Reprise directe de la couche adm1,A,v1.2026.07
HTA-011,2,Arrondissement,Port-au-Prince,Pòtoprens,HTD-01,,HT011,Port-au-Prince,Pòtoprens,,,725.04,18.4714214,-72.33991095,,2018-11-29,,CNIGS / UN OCHA COD-AB Haiti (structure du p-code),2026-01-26,2026-07-31,A,"Niveau dérivé de la structure du p-code OCHA (HT+département+arrondissement+commune) ; nom repris du chef-lieu d'arrondissement, soit la commune en «…1». 42 arrondissements obtenus, conforme au découpage officiel. À valider contre un référentiel IHSI. Centre calculé comme centroïde pondéré par l'aire de l'union de ses communes (formule du lacet sur les polygones CNIGS).",B,v1.2026.07
HTA-012,2,Arrondissement,Léogâne,Leyogàn,HTD-01,,HT012,Léogâne,Leyogàn,,,1005.6,18.39567856,-72.75775564,,2018-11-29,,CNIGS / UN OCHA COD-AB Haiti (structure du p-code),2026-01-26,2026-07-31,A,"Niveau dérivé de la structure du p-code OCHA (HT+département+arrondissement+commune) ; nom repris du chef-lieu d'arrondissement, soit la commune en «…1». 42 arrondissements obtenus, conforme au découpage officiel. À valider contre un référentiel IHSI. Centre calculé comme centroïde pondéré par l'aire de l'union de ses communes (formule du lacet sur les polygones CNIGS).",B,v1.2026.07
HTA-013,2,Arrondissement,Croix-Des-Bouquets,Kwadèboukè,HTD-01,,HT013,Croix-Des-Bouquets,Kwadèboukè,,,1939.31,18.53586117,-72.05067239,,2018-11-29,,CNIGS / UN OCHA COD-AB Haiti (structure du p-code),2026-01-26,2026-07-31,A,"Niveau dérivé de la structure du p-code OCHA (HT+département+arrondissement+commune) ; nom repris du chef-lieu d'arrondissement, soit la commune en «…1». 42 arrondissements obtenus, conforme au découpage officiel. À valider contre un référentiel IHSI. Centre calculé comme centroïde pondéré par l'aire de l'union de ses communes (formule du lacet sur les polygones CNIGS).",B,v1.2026.07
HTA-014,2,Arrondissement,Arcahaie,Akayè,HTD-01,,HT014,Arcahaie,Akayè,,,614.31,18.84737827,-72.4841282,,2018-11-29,,CNIGS / UN OCHA COD-AB Haiti (structure du p-code),2026-01-26,2026-07-31,A,"Niveau dérivé de la structure du p-code OCHA (HT+département+arrondissement+commune) ; nom repris du chef-lieu d'arrondissement, soit la commune en «…1». 42 arrondissements obtenus, conforme au découpage officiel. À valider contre un référentiel IHSI. Centre calculé comme centroïde pondéré par l'aire de l'union de ses communes (formule du lacet sur les polygones CNIGS).",B,v1.2026.07
HTA-015,2,Arrondissement,Anse à Galets,Ansa galè ,HTD-01,,HT015,Anse à Galets,Ansa galè ,,,690.86,18.84198775,-73.04661812,,2018-11-29,,CNIGS / UN OCHA COD-AB Haiti (structure du p-code),2026-01-26,2026-07-31,A,"Niveau dérivé de la structure du p-code OCHA (HT+département+arrondissement+commune) ; nom repris du chef-lieu d'arrondissement, soit la commune en «…1». 42 arrondissements obtenus, conforme au découpage officiel. À valider contre un référentiel IHSI. Centre calculé comme centroïde pondéré par l'aire de l'union de ses communes (formule du lacet sur les polygones CNIGS).",B,v1.2026.07
HTA-021,2,Arrondissement,Jacmel,Jakmèl,HTD-02,,HT021,Jacmel,Jakmèl,,,796.35,18.29037784,-72.47309593,,2018-11-29,,CNIGS / UN OCHA COD-AB Haiti (structure du p-code),2026-01-26,2026-07-31,A,"Niveau dérivé de la structure du p-code OCHA (HT+département+arrondissement+commune) ; nom repris du chef-lieu d'arrondissement, soit la commune en «…1». 42 arrondissements obtenus, conforme au découpage officiel. À valider contre un référentiel IHSI. Centre calculé comme centroïde pondéré par l'aire de l'union de ses communes (formule du lacet sur les polygones CNIGS).",B,v1.2026.07
HTA-022,2,Arrondissement,Bainet,Benè,HTD-02,,HT022,Bainet,Benè,,,475.57,18.22080913,-72.84539358,,2018-11-29,,CNIGS / UN OCHA COD-AB Haiti (structure du p-code),2026-01-26,2026-07-31,A,"Niveau dérivé de la structure du p-code OCHA (HT+département+arrondissement+commune) ; nom repris du chef-lieu d'arrondissement, soit la commune en «…1». 42 arrondissements obtenus, conforme au découpage officiel. À valider contre un référentiel IHSI. Centre calculé comme centroïde pondéré par l'aire de l'union de ses communes (formule du lacet sur les polygones CNIGS).",B,v1.2026.07
HTA-023,2,Arrondissement,Belle-Anse,Bèlans,HTD-02,,HT023,Belle-Anse,Bèlans,,,766.73,18.23743794,-71.95906,,2018-11-29,,CNIGS / UN OCHA COD-AB Haiti (structure du p-code),2026-01-26,2026-07-31,A,"Niveau dérivé de la structure du p-code OCHA (HT+département+arrondissement+commune) ; nom repris du chef-lieu d'arrondissement, soit la commune en «…1». 42 arrondissements obtenus, conforme au découpage officiel. À valider contre un référentiel IHSI. Centre calculé comme centroïde pondéré par l'aire de l'union de ses communes (formule du lacet sur les polygones CNIGS).",B,v1.2026.07
HTA-031,2,Arrondissement,Cap-Haïtien,Kap Ayisyen,HTD-03,,HT031,Cap-Haïtien,Kap Ayisyen,,,244.88,19.69086008,-72.14795647,,2018-11-29,,CNIGS / UN OCHA COD-AB Haiti (structure du p-code),2026-01-26,2026-07-31,A,"Niveau dérivé de la structure du p-code OCHA (HT+département+arrondissement+commune) ; nom repris du chef-lieu d'arrondissement, soit la commune en «…1». 42 arrondissements obtenus, conforme au découpage officiel. À valider contre un référentiel IHSI. Centre calculé comme centroïde pondéré par l'aire de l'union de ses communes (formule du lacet sur les polygones CNIGS).",B,v1.2026.07
HTA-032,2,Arrondissement,Acul du Nord,Akil dinò,HTD-03,,HT032,Acul du Nord,Akil dinò,,,358.56,19.65604731,-72.29270135,,2018-11-29,,CNIGS / UN OCHA COD-AB Haiti (structure du p-code),2026-01-26,2026-07-31,A,"Niveau dérivé de la structure du p-code OCHA (HT+département+arrondissement+commune) ; nom repris du chef-lieu d'arrondissement, soit la commune en «…1». 42 arrondissements obtenus, conforme au découpage officiel. À valider contre un référentiel IHSI. Centre calculé comme centroïde pondéré par l'aire de l'union de ses communes (formule du lacet sur les polygones CNIGS).",B,v1.2026.07
HTA-033,2,Arrondissement,Grande Rivière Du Nord,Grann Rivyè dinò,HTD-03,,HT033,Grande Rivière Du Nord,Grann Rivyè dinò,,,205.65,19.51786717,-72.14708681,,2018-11-29,,CNIGS / UN OCHA COD-AB Haiti (structure du p-code),2026-01-26,2026-07-31,A,"Niveau dérivé de la structure du p-code OCHA (HT+département+arrondissement+commune) ; nom repris du chef-lieu d'arrondissement, soit la commune en «…1». 42 arrondissements obtenus, conforme au découpage officiel. À valider contre un référentiel IHSI. Centre calculé comme centroïde pondéré par l'aire de l'union de ses communes (formule du lacet sur les polygones CNIGS).",B,v1.2026.07
HTA-034,2,Arrondissement,Saint-Raphaël,Sen Rafayèl,HTD-03,,HT034,Saint-Raphaël,Sen Rafayèl,,,559.09,19.40458936,-72.15890466,,2018-11-29,,CNIGS / UN OCHA COD-AB Haiti (structure du p-code),2026-01-26,2026-07-31,A,"Niveau dérivé de la structure du p-code OCHA (HT+département+arrondissement+commune) ; nom repris du chef-lieu d'arrondissement, soit la commune en «…1». 42 arrondissements obtenus, conforme au découpage officiel. À valider contre un référentiel IHSI. Centre calculé comme centroïde pondéré par l'aire de l'union de ses communes (formule du lacet sur les polygones CNIGS).",B,v1.2026.07
HTA-035,2,Arrondissement,Borgne,Bòn,HTD-03,,HT035,Borgne,Bòn,,,305.84,19.78262482,-72.52842067,,2018-11-29,,CNIGS / UN OCHA COD-AB Haiti (structure du p-code),2026-01-26,2026-07-31,A,"Niveau dérivé de la structure du p-code OCHA (HT+département+arrondissement+commune) ; nom repris du chef-lieu d'arrondissement, soit la commune en «…1». 42 arrondissements obtenus, conforme au découpage officiel. À valider contre un référentiel IHSI. Centre calculé comme centroïde pondéré par l'aire de l'union de ses communes (formule du lacet sur les polygones CNIGS).",B,v1.2026.07
HTA-036,2,Arrondissement,Limbé,Lenbe,HTD-03,,HT036,Limbé,Lenbe,,,171.3,19.68926306,-72.40506252,,2018-11-29,,CNIGS / UN OCHA COD-AB Haiti (structure du p-code),2026-01-26,2026-07-31,A,"Niveau dérivé de la structure du p-code OCHA (HT+département+arrondissement+commune) ; nom repris du chef-lieu d'arrondissement, soit la commune en «…1». 42 arrondissements obtenus, conforme au découpage officiel. À valider contre un référentiel IHSI. Centre calculé comme centroïde pondéré par l'aire de l'union de ses communes (formule du lacet sur les polygones CNIGS).",B,v1.2026.07
HTA-037,2,Arrondissement,Plaisance,Plezans,HTD-03,,HT037,Plaisance,Plezans,,,257.5,19.64636745,-72.51792501,,2018-11-29,,CNIGS / UN OCHA COD-AB Haiti (structure du p-code),2026-01-26,2026-07-31,A,"Niveau dérivé de la structure du p-code OCHA (HT+département+arrondissement+commune) ; nom repris du chef-lieu d'arrondissement, soit la commune en «…1». 42 arrondissements obtenus, conforme au découpage officiel. À valider contre un référentiel IHSI. Centre calculé comme centroïde pondéré par l'aire de l'union de ses communes (formule du lacet sur les polygones CNIGS).",B,v1.2026.07
HTA-041,2,Arrondissement,Fort-Liberté,Fòlibète,HTD-04,,HT041,Fort-Liberté,Fòlibète,,,345.96,19.57985122,-71.8470869,,2018-11-29,,CNIGS / UN OCHA COD-AB Haiti (structure du p-code),2026-01-26,2026-07-31,A,"Niveau dérivé de la structure du p-code OCHA (HT+département+arrondissement+commune) ; nom repris du chef-lieu d'arrondissement, soit la commune en «…1». 42 arrondissements obtenus, conforme au découpage officiel. À valider contre un référentiel IHSI. Centre calculé comme centroïde pondéré par l'aire de l'union de ses communes (formule du lacet sur les polygones CNIGS).",B,v1.2026.07
HTA-042,2,Arrondissement,Ouanaminthe,Wanament,HTD-04,,HT042,Ouanaminthe,Wanament,,,366.72,19.46065729,-71.76619592,,2018-11-29,,CNIGS / UN OCHA COD-AB Haiti (structure du p-code),2026-01-26,2026-07-31,A,"Niveau dérivé de la structure du p-code OCHA (HT+département+arrondissement+commune) ; nom repris du chef-lieu d'arrondissement, soit la commune en «…1». 42 arrondissements obtenus, conforme au découpage officiel. À valider contre un référentiel IHSI. Centre calculé comme centroïde pondéré par l'aire de l'union de ses communes (formule du lacet sur les polygones CNIGS).",B,v1.2026.07
HTA-043,2,Arrondissement,Trou du Nord,Twou dinò,HTD-04,,HT043,Trou du Nord,Twou dinò,,,502.36,19.60172566,-71.99562339,,2018-11-29,,CNIGS / UN OCHA COD-AB Haiti (structure du p-code),2026-01-26,2026-07-31,A,"Niveau dérivé de la structure du p-code OCHA (HT+département+arrondissement+commune) ; nom repris du chef-lieu d'arrondissement, soit la commune en «…1». 42 arrondissements obtenus, conforme au découpage officiel. À valider contre un référentiel IHSI. Centre calculé comme centroïde pondéré par l'aire de l'union de ses communes (formule du lacet sur les polygones CNIGS).",B,v1.2026.07
HTA-044,2,Arrondissement,Vallières,Valyè,HTD-04,,HT044,Vallières,Valyè,,,412.51,19.3771244,-71.90579573,,2018-11-29,,CNIGS / UN OCHA COD-AB Haiti (structure du p-code),2026-01-26,2026-07-31,A,"Niveau dérivé de la structure du p-code OCHA (HT+département+arrondissement+commune) ; nom repris du chef-lieu d'arrondissement, soit la commune en «…1». 42 arrondissements obtenus, conforme au découpage officiel. À valider contre un référentiel IHSI. Centre calculé comme centroïde pondéré par l'aire de l'union de ses communes (formule du lacet sur les polygones CNIGS).",B,v1.2026.07
HTA-051,2,Arrondissement,Gonaïves,Gonayiv,HTD-05,,HT051,Gonaïves,Gonayiv,,,954.82,19.46779608,-72.59322683,,2018-11-29,,CNIGS / UN OCHA COD-AB Haiti (structure du p-code),2026-01-26,2026-07-31,A,"Niveau dérivé de la structure du p-code OCHA (HT+département+arrondissement+commune) ; nom repris du chef-lieu d'arrondissement, soit la commune en «…1». 42 arrondissements obtenus, conforme au découpage officiel. À valider contre un référentiel IHSI. Centre calculé comme centroïde pondéré par l'aire de l'union de ses communes (formule du lacet sur les polygones CNIGS).",B,v1.2026.07
HTA-052,2,Arrondissement,Gros Morne,Gro Mòn,HTD-05,,HT052,Gros Morne,Gro Mòn,,,1009.89,19.66048648,-72.83072322,,2018-11-29,,CNIGS / UN OCHA COD-AB Haiti (structure du p-code),2026-01-26,2026-07-31,A,"Niveau dérivé de la structure du p-code OCHA (HT+département+arrondissement+commune) ; nom repris du chef-lieu d'arrondissement, soit la commune en «…1». 42 arrondissements obtenus, conforme au découpage officiel. À valider contre un référentiel IHSI. Centre calculé comme centroïde pondéré par l'aire de l'union de ses communes (formule du lacet sur les polygones CNIGS).",B,v1.2026.07
HTA-053,2,Arrondissement,Saint-Marc,Sen Mak,HTD-05,,HT053,Saint-Marc,Sen Mak,,,1050.9,19.04791343,-72.57050515,,2018-11-29,,CNIGS / UN OCHA COD-AB Haiti (structure du p-code),2026-01-26,2026-07-31,A,"Niveau dérivé de la structure du p-code OCHA (HT+département+arrondissement+commune) ; nom repris du chef-lieu d'arrondissement, soit la commune en «…1». 42 arrondissements obtenus, conforme au découpage officiel. À valider contre un référentiel IHSI. Centre calculé comme centroïde pondéré par l'aire de l'union de ses communes (formule du lacet sur les polygones CNIGS).",B,v1.2026.07
HTA-054,2,Arrondissement,Dessalines,Desalin,HTD-05,,HT054,Dessalines,Desalin,,,1127.28,19.1620118,-72.44498837,,2018-11-29,,CNIGS / UN OCHA COD-AB Haiti (structure du p-code),2026-01-26,2026-07-31,A,"Niveau dérivé de la structure du p-code OCHA (HT+département+arrondissement+commune) ; nom repris du chef-lieu d'arrondissement, soit la commune en «…1». 42 arrondissements obtenus, conforme au découpage officiel. À valider contre un référentiel IHSI. Centre calculé comme centroïde pondéré par l'aire de l'union de ses communes (formule du lacet sur les polygones CNIGS).",B,v1.2026.07
HTA-055,2,Arrondissement,Saint-Michel de l'Attalaye,Sen Michèl Latalay,HTD-05,,HT055,Saint-Michel de l'Attalaye,Sen Michèl Latalay,,,714.85,19.37085679,-72.34457064,,2018-11-29,,CNIGS / UN OCHA COD-AB Haiti (structure du p-code),2026-01-26,2026-07-31,A,"Niveau dérivé de la structure du p-code OCHA (HT+département+arrondissement+commune) ; nom repris du chef-lieu d'arrondissement, soit la commune en «…1». 42 arrondissements obtenus, conforme au découpage officiel. À valider contre un référentiel IHSI. Centre calculé comme centroïde pondéré par l'aire de l'union de ses communes (formule du lacet sur les polygones CNIGS).",B,v1.2026.07
HTA-061,2,Arrondissement,Hinche,Ench,HTD-06,,HT061,Hinche,Ench,,,1395.95,19.12238013,-72.03371641,,2018-11-29,,CNIGS / UN OCHA COD-AB Haiti (structure du p-code),2026-01-26,2026-07-31,A,"Niveau dérivé de la structure du p-code OCHA (HT+département+arrondissement+commune) ; nom repris du chef-lieu d'arrondissement, soit la commune en «…1». 42 arrondissements obtenus, conforme au découpage officiel. À valider contre un référentiel IHSI. Centre calculé comme centroïde pondéré par l'aire de l'union de ses communes (formule du lacet sur les polygones CNIGS).",B,v1.2026.07
HTA-062,2,Arrondissement,Mirebalais,Mibalè,HTD-06,,HT062,Mirebalais,Mibalè,,,853.15,18.86396888,-72.14237536,,2018-11-29,,CNIGS / UN OCHA COD-AB Haiti (structure du p-code),2026-01-26,2026-07-31,A,"Niveau dérivé de la structure du p-code OCHA (HT+département+arrondissement+commune) ; nom repris du chef-lieu d'arrondissement, soit la commune en «…1». 42 arrondissements obtenus, conforme au découpage officiel. À valider contre un référentiel IHSI. Centre calculé comme centroïde pondéré par l'aire de l'union de ses communes (formule du lacet sur les polygones CNIGS).",B,v1.2026.07
HTA-063,2,Arrondissement,Lascahobas,Laskawobas,HTD-06,,HT063,Lascahobas,Laskawobas,,,613.43,18.8243789,-71.85351968,,2018-11-29,,CNIGS / UN OCHA COD-AB Haiti (structure du p-code),2026-01-26,2026-07-31,A,"Niveau dérivé de la structure du p-code OCHA (HT+département+arrondissement+commune) ; nom repris du chef-lieu d'arrondissement, soit la commune en «…1». 42 arrondissements obtenus, conforme au découpage officiel. À valider contre un référentiel IHSI. Centre calculé comme centroïde pondéré par l'aire de l'union de ses communes (formule du lacet sur les polygones CNIGS).",B,v1.2026.07
HTA-064,2,Arrondissement,Cerca La Source,Sèka Lasous,HTD-06,,HT064,Cerca La Source,Sèka Lasous,,,598.69,19.14323443,-71.77922394,,2018-11-29,,CNIGS / UN OCHA COD-AB Haiti (structure du p-code),2026-01-26,2026-07-31,A,"Niveau dérivé de la structure du p-code OCHA (HT+département+arrondissement+commune) ; nom repris du chef-lieu d'arrondissement, soit la commune en «…1». 42 arrondissements obtenus, conforme au découpage officiel. À valider contre un référentiel IHSI. Centre calculé comme centroïde pondéré par l'aire de l'union de ses communes (formule du lacet sur les polygones CNIGS).",B,v1.2026.07
HTA-071,2,Arrondissement,Les Cayes,Okay,HTD-07,,HT071,Les Cayes,Okay,,,861.35,18.28129019,-73.83132648,,2018-11-29,,CNIGS / UN OCHA COD-AB Haiti (structure du p-code),2026-01-26,2026-07-31,A,"Niveau dérivé de la structure du p-code OCHA (HT+département+arrondissement+commune) ; nom repris du chef-lieu d'arrondissement, soit la commune en «…1». 42 arrondissements obtenus, conforme au découpage officiel. À valider contre un référentiel IHSI. Centre calculé comme centroïde pondéré par l'aire de l'union de ses communes (formule du lacet sur les polygones CNIGS).",B,v1.2026.07
HTA-072,2,Arrondissement,Port-Salut,Pò Sali,HTD-07,,HT072,Port-Salut,Pò Sali,,,177.51,18.09559545,-73.87924456,,2018-11-29,,CNIGS / UN OCHA COD-AB Haiti (structure du p-code),2026-01-26,2026-07-31,A,"Niveau dérivé de la structure du p-code OCHA (HT+département+arrondissement+commune) ; nom repris du chef-lieu d'arrondissement, soit la commune en «…1». 42 arrondissements obtenus, conforme au découpage officiel. À valider contre un référentiel IHSI. Centre calculé comme centroïde pondéré par l'aire de l'union de ses communes (formule du lacet sur les polygones CNIGS).",B,v1.2026.07
HTA-073,2,Arrondissement,Aquin,Aken,HTD-07,,HT073,Aquin,Aken,,,1048.38,18.29488834,-73.36294598,,2018-11-29,,CNIGS / UN OCHA COD-AB Haiti (structure du p-code),2026-01-26,2026-07-31,A,"Niveau dérivé de la structure du p-code OCHA (HT+département+arrondissement+commune) ; nom repris du chef-lieu d'arrondissement, soit la commune en «…1». 42 arrondissements obtenus, conforme au découpage officiel. À valider contre un référentiel IHSI. Centre calculé comme centroïde pondéré par l'aire de l'union de ses communes (formule du lacet sur les polygones CNIGS).",B,v1.2026.07
HTA-074,2,Arrondissement,Côteaux,Okoto,HTD-07,,HT074,Côteaux,Okoto,,,177.63,18.24271292,-74.02421221,,2018-11-29,,CNIGS / UN OCHA COD-AB Haiti (structure du p-code),2026-01-26,2026-07-31,A,"Niveau dérivé de la structure du p-code OCHA (HT+département+arrondissement+commune) ; nom repris du chef-lieu d'arrondissement, soit la commune en «…1». 42 arrondissements obtenus, conforme au découpage officiel. À valider contre un référentiel IHSI. Centre calculé comme centroïde pondéré par l'aire de l'union de ses communes (formule du lacet sur les polygones CNIGS).",B,v1.2026.07
HTA-075,2,Arrondissement,Chardonnières,Chadonyè,HTD-07,,HT075,Chardonnières,Chadonyè,,,381.7,18.33990747,-74.2093582,,2018-11-29,,CNIGS / UN OCHA COD-AB Haiti (structure du p-code),2026-01-26,2026-07-31,A,"Niveau dérivé de la structure du p-code OCHA (HT+département+arrondissement+commune) ; nom repris du chef-lieu d'arrondissement, soit la commune en «…1». 42 arrondissements obtenus, conforme au découpage officiel. À valider contre un référentiel IHSI. Centre calculé comme centroïde pondéré par l'aire de l'union de ses communes (formule du lacet sur les polygones CNIGS).",B,v1.2026.07
HTA-081,2,Arrondissement,Jérémie,Jeremi,HTD-08,,HT081,Jérémie,Jeremi,,,809.8,18.53415868,-74.22266088,,2018-11-29,,CNIGS / UN OCHA COD-AB Haiti (structure du p-code),2026-01-26,2026-07-31,A,"Niveau dérivé de la structure du p-code OCHA (HT+département+arrondissement+commune) ; nom repris du chef-lieu d'arrondissement, soit la commune en «…1». 42 arrondissements obtenus, conforme au découpage officiel. À valider contre un référentiel IHSI. Centre calculé comme centroïde pondéré par l'aire de l'union de ses communes (formule du lacet sur les polygones CNIGS).",B,v1.2026.07
HTA-082,2,Arrondissement,Anse d'Hainault,Ansdeno,HTD-08,,HT082,Anse d'Hainault,Ansdeno,,,323.82,18.46629089,-74.39116754,,2018-11-29,,CNIGS / UN OCHA COD-AB Haiti (structure du p-code),2026-01-26,2026-07-31,A,"Niveau dérivé de la structure du p-code OCHA (HT+département+arrondissement+commune) ; nom repris du chef-lieu d'arrondissement, soit la commune en «…1». 42 arrondissements obtenus, conforme au découpage officiel. À valider contre un référentiel IHSI. Centre calculé comme centroïde pondéré par l'aire de l'union de ses communes (formule du lacet sur les polygones CNIGS).",B,v1.2026.07
HTA-083,2,Arrondissement,Corail,Koray,HTD-08,,HT083,Corail,Koray,,,780.28,18.49515656,-73.92954951,,2018-11-29,,CNIGS / UN OCHA COD-AB Haiti (structure du p-code),2026-01-26,2026-07-31,A,"Niveau dérivé de la structure du p-code OCHA (HT+département+arrondissement+commune) ; nom repris du chef-lieu d'arrondissement, soit la commune en «…1». 42 arrondissements obtenus, conforme au découpage officiel. À valider contre un référentiel IHSI. Centre calculé comme centroïde pondéré par l'aire de l'union de ses communes (formule du lacet sur les polygones CNIGS).",B,v1.2026.07
HTA-091,2,Arrondissement,Port-de-Paix,Pòdpè,HTD-09,,HT091,Port-de-Paix,Pòdpè,,,803.1,19.87802992,-72.86203687,,2018-11-29,,CNIGS / UN OCHA COD-AB Haiti (structure du p-code),2026-01-26,2026-07-31,A,"Niveau dérivé de la structure du p-code OCHA (HT+département+arrondissement+commune) ; nom repris du chef-lieu d'arrondissement, soit la commune en «…1». 42 arrondissements obtenus, conforme au découpage officiel. À valider contre un référentiel IHSI. Centre calculé comme centroïde pondéré par l'aire de l'union de ses communes (formule du lacet sur les polygones CNIGS).",B,v1.2026.07
HTA-092,2,Arrondissement,Saint-Louis du Nord,Sen Lwi dinò,HTD-09,,HT092,Saint-Louis du Nord,Sen Lwi dinò,,,184.01,19.87321893,-72.67788828,,2018-11-29,,CNIGS / UN OCHA COD-AB Haiti (structure du p-code),2026-01-26,2026-07-31,A,"Niveau dérivé de la structure du p-code OCHA (HT+département+arrondissement+commune) ; nom repris du chef-lieu d'arrondissement, soit la commune en «…1». 42 arrondissements obtenus, conforme au découpage officiel. À valider contre un référentiel IHSI. Centre calculé comme centroïde pondéré par l'aire de l'union de ses communes (formule du lacet sur les polygones CNIGS).",B,v1.2026.07
HTA-093,2,Arrondissement,Môle Saint Nicolas,Mòl Sen Nikola,HTD-09,,HT093,Môle Saint Nicolas,Mòl Sen Nikola,,,1105.8,19.770545,-73.22378856,,2018-11-29,,CNIGS / UN OCHA COD-AB Haiti (structure du p-code),2026-01-26,2026-07-31,A,"Niveau dérivé de la structure du p-code OCHA (HT+département+arrondissement+commune) ; nom repris du chef-lieu d'arrondissement, soit la commune en «…1». 42 arrondissements obtenus, conforme au découpage officiel. À valider contre un référentiel IHSI. Centre calculé comme centroïde pondéré par l'aire de l'union de ses communes (formule du lacet sur les polygones CNIGS).",B,v1.2026.07
HTA-101,2,Arrondissement,Miragoâne,Miragwàn,HTD-10,,HT101,Miragoâne,Miragwàn,,,411.23,18.39419451,-73.14894446,,2018-11-29,,CNIGS / UN OCHA COD-AB Haiti (structure du p-code),2026-01-26,2026-07-31,A,"Niveau dérivé de la structure du p-code OCHA (HT+département+arrondissement+commune) ; nom repris du chef-lieu d'arrondissement, soit la commune en «…1». 42 arrondissements obtenus, conforme au découpage officiel. À valider contre un référentiel IHSI. Centre calculé comme centroïde pondéré par l'aire de l'union de ses communes (formule du lacet sur les polygones CNIGS).",B,v1.2026.07
HTA-102,2,Arrondissement,Anse-à-Veau,Ansavo,HTD-10,,HT102,Anse-à-Veau,Ansavo,,,583.65,18.4348218,-73.44716472,,2018-11-29,,CNIGS / UN OCHA COD-AB Haiti (structure du p-code),2026-01-26,2026-07-31,A,"Niveau dérivé de la structure du p-code OCHA (HT+département+arrondissement+commune) ; nom repris du chef-lieu d'arrondissement, soit la commune en «…1». 42 arrondissements obtenus, conforme au découpage officiel. À valider contre un référentiel IHSI. Centre calculé comme centroïde pondéré par l'aire de l'union de ses communes (formule du lacet sur les polygones CNIGS).",B,v1.2026.07
HTA-103,2,Arrondissement,Baradères,Baradè,HTD-10,,HT103,Baradères,Baradè,,,231.06,18.49330392,-73.68160013,,2018-11-29,,CNIGS / UN OCHA COD-AB Haiti (structure du p-code),2026-01-26,2026-07-31,A,"Niveau dérivé de la structure du p-code OCHA (HT+département+arrondissement+commune) ; nom repris du chef-lieu d'arrondissement, soit la commune en «…1». 42 arrondissements obtenus, conforme au découpage officiel. À valider contre un référentiel IHSI. Centre calculé comme centroïde pondéré par l'aire de l'union de ses communes (formule du lacet sur les polygones CNIGS).",B,v1.2026.07
HTC-0111,3,Commune,Port-au-Prince,Pòtoprens,HTA-011,HT0111,HT0111,Port-au-Prince,Pòtoprens,18.547327,-72.339593,34.22,18.53111373,-72.33330629,,2018-11-29,,CNIGS / UN OCHA COD-AB Haiti,2026-01-26,2026-07-31,O,Nom kreyòl repris de la couche des chefs-lieux ; superficie = somme des sections communales ; coordonnées = centre officiel CNIGS de la commune (le chef-lieu a ses propres coordonnées),A,v1.2026.07
HTC-0112,3,Commune,Delmas,Dèlma,HTA-011,HT0112,HT0112,Delmas,Dèlma,18.551846,-72.292007,26.04,18.55139617,-72.2871848,,2018-11-29,,CNIGS / UN OCHA COD-AB Haiti,2026-01-26,2026-07-31,O,Nom kreyòl repris de la couche des chefs-lieux ; superficie = somme des sections communales ; coordonnées = centre officiel CNIGS de la commune (le chef-lieu a ses propres coordonnées),A,v1.2026.07
HTC-0113,3,Commune,Carrefour,Kafou,HTA-011,HT0113,HT0113,Carrefour,Kafou,18.534537,-72.409249,164.42,18.46527907,-72.42037656,,2018-11-29,,CNIGS / UN OCHA COD-AB Haiti,2026-01-26,2026-07-31,O,Nom kreyòl repris de la couche des chefs-lieux ; superficie = somme des sections communales ; coordonnées = centre officiel CNIGS de la commune (le chef-lieu a ses propres coordonnées),A,v1.2026.07
HTC-0114,3,Commune,Pétion-Ville,Petyonvil,HTA-011,HT0114,HT0114,Pétion-Ville,Petyonvil,18.513218,-72.286021,157.15,18.48369816,-72.23955914,,2018-11-29,,CNIGS / UN OCHA COD-AB Haiti,2026-01-26,2026-07-31,O,Nom kreyòl repris de la couche des chefs-lieux ; superficie = somme des sections communales ; coordonnées = centre officiel CNIGS de la commune (le chef-lieu a ses propres coordonnées),A,v1.2026.07
HTC-0115,3,Commune,Kenscoff,Kenskòf,HTA-011,HT0115,HT0115,Kenscoff,Kenskòf,18.449484,-72.286644,203.87,18.41249642,-72.29321187,,2018-11-29,,CNIGS / UN OCHA COD-AB Haiti,2026-01-26,2026-07-31,O,Nom kreyòl repris de la couche des chefs-lieux ; superficie = somme des sections communales ; coordonnées = centre officiel CNIGS de la commune (le chef-lieu a ses propres coordonnées),A,v1.2026.07
HTC-0116,3,Commune,Gressier,Gresye,HTA-011,HT0116,HT0116,Gressier,Gresye,18.542696,-72.52304,89.54,18.5110923,-72.51510079,,2018-11-29,,CNIGS / UN OCHA COD-AB Haiti,2026-01-26,2026-07-31,O,Nom kreyòl repris de la couche des chefs-lieux ; superficie = somme des sections communales ; coordonnées = centre officiel CNIGS de la commune (le chef-lieu a ses propres coordonnées),A,v1.2026.07
HTC-0117,3,Commune,Cité Soleil,Site Solèy,HTA-011,HT0117,HT0117,Cité Soleil,Site Solèy,18.578277,-72.335601,21.37,18.59533529,-72.31643067,,2018-11-29,,CNIGS / UN OCHA COD-AB Haiti,2026-01-26,2026-07-31,O,Nom kreyòl repris de la couche des chefs-lieux ; superficie = somme des sections communales ; coordonnées = centre officiel CNIGS de la commune (le chef-lieu a ses propres coordonnées),A,v1.2026.07
HTC-0118,3,Commune,Tabarre,Taba,HTA-011,HT0118,HT0118,Tabarre,Taba,18.561999,-72.250718,28.43,18.57298302,-72.26937445,,2018-11-29,,CNIGS / UN OCHA COD-AB Haiti,2026-01-26,2026-07-31,O,Nom kreyòl repris de la couche des chefs-lieux ; superficie = somme des sections communales ; coordonnées = centre officiel CNIGS de la commune (le chef-lieu a ses propres coordonnées),A,v1.2026.07
HTC-0121,3,Commune,Léogâne,Leyogàn,HTA-012,HT0121,HT0121,Léogâne,Leyogàn,18.511113,-72.633425,380.69,18.44366409,-72.57370423,,2018-11-29,,CNIGS / UN OCHA COD-AB Haiti,2026-01-26,2026-07-31,O,Nom kreyòl repris de la couche des chefs-lieux ; superficie = somme des sections communales ; coordonnées = centre officiel CNIGS de la commune (le chef-lieu a ses propres coordonnées),A,v1.2026.07
HTC-0122,3,Commune,Petit-Goâve,Tigwav,HTA-012,HT0122,HT0122,Petit-Goâve,Tigwav,18.432694,-72.865384,379.02,18.36346656,-72.92182904,,2018-11-29,,CNIGS / UN OCHA COD-AB Haiti,2026-01-26,2026-07-31,O,Nom kreyòl repris de la couche des chefs-lieux ; superficie = somme des sections communales ; coordonnées = centre officiel CNIGS de la commune (le chef-lieu a ses propres coordonnées),A,v1.2026.07
HTC-0123,3,Commune,Grand-Goâve,Gran Gwav,HTA-012,HT0123,HT0123,Grand-Goâve,Gran Gwav,18.428251,-72.768196,245.89,18.35511027,-72.75043516,,2018-11-29,,CNIGS / UN OCHA COD-AB Haiti,2026-01-26,2026-07-31,O,Nom kreyòl repris de la couche des chefs-lieux ; superficie = somme des sections communales ; coordonnées = centre officiel CNIGS de la commune (le chef-lieu a ses propres coordonnées),A,v1.2026.07
HTC-0131,3,Commune,Croix-Des-Bouquets,Kwadèboukè,HTA-013,HT0131,HT0131,Croix-Des-Bouquets,Kwadèboukè,18.577544,-72.229622,643.51,18.56587023,-72.19384245,,2018-11-29,,CNIGS / UN OCHA COD-AB Haiti,2026-01-26,2026-07-31,O,Nom kreyòl repris de la couche des chefs-lieux ; superficie = somme des sections communales ; coordonnées = centre officiel CNIGS de la commune (le chef-lieu a ses propres coordonnées),A,v1.2026.07
HTC-0132,3,Commune,Thomazeau,Tomazo,HTA-013,HT0132,HT0132,Thomazeau,Tomazo,18.652118,-72.093801,292.11,18.66801145,-72.14727718,,2018-11-29,,CNIGS / UN OCHA COD-AB Haiti,2026-01-26,2026-07-31,O,Nom kreyòl repris de la couche des chefs-lieux ; superficie = somme des sections communales ; coordonnées = centre officiel CNIGS de la commune (le chef-lieu a ses propres coordonnées),A,v1.2026.07
HTC-0133,3,Commune,Ganthier,Gantye,HTA-013,HT0133,HT0133,Ganthier,Gantye,18.531973,-72.067881,492.11,18.48435146,-72.01690164,,2018-11-29,,CNIGS / UN OCHA COD-AB Haiti,2026-01-26,2026-07-31,O,Nom kreyòl repris de la couche des chefs-lieux ; superficie = somme des sections communales ; coordonnées = centre officiel CNIGS de la commune (le chef-lieu a ses propres coordonnées),A,v1.2026.07
HTC-0134,3,Commune,Cornillon / Grand Bois,Kòniyon / Gran Bwa,HTA-013,HT0134,HT0134,Cornillon / Grand Bois,Kòniyon / Gran Bwa,18.675231,-71.952105,224.32,18.68743981,-71.93070113,,2018-11-29,,CNIGS / UN OCHA COD-AB Haiti,2026-01-26,2026-07-31,O,Nom kreyòl repris de la couche des chefs-lieux ; superficie = somme des sections communales ; coordonnées = centre officiel CNIGS de la commune (le chef-lieu a ses propres coordonnées),A,v1.2026.07
HTC-0135,3,Commune,Fonds-Verrettes,Fonvèrèt,HTA-013,HT0135,HT0135,Fonds-Verrettes,Fonvèrèt,18.393888,-71.855778,287.26,18.36121088,-71.83852298,,2018-11-29,,CNIGS / UN OCHA COD-AB Haiti,2026-01-26,2026-07-31,O,Nom kreyòl repris de la couche des chefs-lieux ; superficie = somme des sections communales ; coordonnées = centre officiel CNIGS de la commune (le chef-lieu a ses propres coordonnées),A,v1.2026.07
HTC-0141,3,Commune,Arcahaie,Akayè,HTA-014,HT0141,HT0141,Arcahaie,Akayè,18.77019,-72.511837,410.05,18.87137091,-72.4940084,,2018-11-29,,CNIGS / UN OCHA COD-AB Haiti,2026-01-26,2026-07-31,O,Nom kreyòl repris de la couche des chefs-lieux ; superficie = somme des sections communales ; coordonnées = centre officiel CNIGS de la commune (le chef-lieu a ses propres coordonnées),A,v1.2026.07
HTC-0142,3,Commune,Cabaret,Kabarè,HTA-014,HT0142,HT0142,Cabaret,Kabarè,18.734326,-72.418193,204.26,18.76932489,-72.41845404,,2018-11-29,,CNIGS / UN OCHA COD-AB Haiti,2026-01-26,2026-07-31,O,Nom kreyòl repris de la couche des chefs-lieux ; superficie = somme des sections communales ; coordonnées = centre officiel CNIGS de la commune (le chef-lieu a ses propres coordonnées),A,v1.2026.07
HTC-0151,3,Commune,Anse à Galets,Ansa galè ,HTA-015,HT0151,HT0151,Anse à Galets,Ansa galè ,18.834515,-72.864686,375.82,18.81192337,-72.9171167,,2018-11-29,,CNIGS / UN OCHA COD-AB Haiti,2026-01-26,2026-07-31,O,Nom kreyòl repris de la couche des chefs-lieux ; superficie = somme des sections communales ; coordonnées = centre officiel CNIGS de la commune (le chef-lieu a ses propres coordonnées),A,v1.2026.07
HTC-0152,3,Commune,Pointe à Raquette,Pwent a Rakèt,HTA-015,HT0152,HT0152,Pointe à Raquettes,Pwent a Rakèt,18.784963,-73.060524,315.04,18.85687767,-73.1814424,,2018-11-29,,CNIGS / UN OCHA COD-AB Haiti,2026-01-26,2026-07-31,O,Nom kreyòl repris de la couche des chefs-lieux ; superficie = somme des sections communales ; coordonnées = centre officiel CNIGS de la commune (le chef-lieu a ses propres coordonnées),A,v1.2026.07
HTC-0211,3,Commune,Jacmel,Jakmèl,HTA-021,HT0211,HT0211,Jacmel,Jakmèl,18.235259,-72.537513,441.58,18.28856741,-72.55322666,,2018-11-29,,CNIGS / UN OCHA COD-AB Haiti,2026-01-26,2026-07-31,O,Nom kreyòl repris de la couche des chefs-lieux ; superficie = somme des sections communales ; coordonnées = centre officiel CNIGS de la commune (le chef-lieu a ses propres coordonnées),A,v1.2026.07
HTC-0212,3,Commune,Marigot,Marigo,HTA-021,HT0212,HT0212,Marigot,Marigo,18.23117,-72.323542,189.4,18.28947772,-72.2983742,,2018-11-29,,CNIGS / UN OCHA COD-AB Haiti,2026-01-26,2026-07-31,O,Nom kreyòl repris de la couche des chefs-lieux ; superficie = somme des sections communales ; coordonnées = centre officiel CNIGS de la commune (le chef-lieu a ses propres coordonnées),A,v1.2026.07
HTC-0213,3,Commune,Cayes-Jacmel,Kay Jakmèl,HTA-021,HT0213,HT0213,Cayes-Jacmel,Kay Jakmèl,18.231349,-72.396529,80.01,18.2802576,-72.41660361,,2018-11-29,,CNIGS / UN OCHA COD-AB Haiti,2026-01-26,2026-07-31,O,Nom kreyòl repris de la couche des chefs-lieux ; superficie = somme des sections communales ; coordonnées = centre officiel CNIGS de la commune (le chef-lieu a ses propres coordonnées),A,v1.2026.07
HTC-0214,3,Commune,La Vallée,Lavale,HTA-021,HT0214,HT0214,La Vallée,Lavale,18.26909763,-72.66632733,85.36,18.28291228,-72.70092091,,2018-11-29,,CNIGS / UN OCHA COD-AB Haiti,2026-01-26,2026-07-31,O,Nom kreyòl repris de la couche des chefs-lieux ; superficie = somme des sections communales ; coordonnées = centre officiel CNIGS de la commune (le chef-lieu a ses propres coordonnées),A,v1.2026.07
HTC-0221,3,Commune,Bainet,Benè,HTA-022,HT0221,HT0221,Bainet,Benè,18.184864,-72.751714,299.89,18.21575289,-72.76039828,,2018-11-29,,CNIGS / UN OCHA COD-AB Haiti,2026-01-26,2026-07-31,O,Nom kreyòl repris de la couche des chefs-lieux ; superficie = somme des sections communales ; coordonnées = centre officiel CNIGS de la commune (le chef-lieu a ses propres coordonnées),A,v1.2026.07
HTC-0222,3,Commune,Côtes de Fer,Kòtdefè,HTA-022,HT0222,HT0222,Côtes de Fer,Kòtdefè,18.18912,-73.003592,175.68,18.24171733,-72.95386698,,2018-11-29,,CNIGS / UN OCHA COD-AB Haiti,2026-01-26,2026-07-31,O,Nom kreyòl repris de la couche des chefs-lieux ; superficie = somme des sections communales ; coordonnées = centre officiel CNIGS de la commune (le chef-lieu a ses propres coordonnées),A,v1.2026.07
HTC-0231,3,Commune,Belle-Anse,Bèlans,HTA-023,HT0231,HT0231,Belle-Anse,Bèlans,18.23784401,-72.06648122,383.11,18.2757478,-72.07855549,,2018-11-29,,CNIGS / UN OCHA COD-AB Haiti,2026-01-26,2026-07-31,O,Nom kreyòl repris de la couche des chefs-lieux ; superficie = somme des sections communales ; coordonnées = centre officiel CNIGS de la commune (le chef-lieu a ses propres coordonnées),A,v1.2026.07
HTC-0232,3,Commune,Grand Gosier,Gran Gozye,HTA-023,HT0232,HT0232,Grand Gosier,Gran Gozye,18.18742009,-71.92097128,79.7,18.25473575,-71.90087429,,2018-11-29,,CNIGS / UN OCHA COD-AB Haiti,2026-01-26,2026-07-31,O,Nom kreyòl repris de la couche des chefs-lieux ; superficie = somme des sections communales ; coordonnées = centre officiel CNIGS de la commune (le chef-lieu a ses propres coordonnées),A,v1.2026.07
HTC-0233,3,Commune,Thiotte,Tiòt,HTA-023,HT0233,HT0233,Thiotte,Tiòt,18.244247,-71.841976,121.7,18.20703755,-71.87067683,,2018-11-29,,CNIGS / UN OCHA COD-AB Haiti,2026-01-26,2026-07-31,O,Nom kreyòl repris de la couche des chefs-lieux ; superficie = somme des sections communales ; coordonnées = centre officiel CNIGS de la commune (le chef-lieu a ses propres coordonnées),A,v1.2026.07
HTC-0234,3,Commune,Anse-à-Pître,Ansapit,HTA-023,HT0234,HT0234,Anse-à-Pître,Ansapit,18.041972,-71.76231,182.22,18.16321109,-71.80596952,,2018-11-29,,CNIGS / UN OCHA COD-AB Haiti,2026-01-26,2026-07-31,O,Nom kreyòl repris de la couche des chefs-lieux ; superficie = somme des sections communales ; coordonnées = centre officiel CNIGS de la commune (le chef-lieu a ses propres coordonnées),A,v1.2026.07
HTC-0311,3,Commune,Cap-Haïtien,Kap Ayisyen,HTA-031,HT0311,HT0311,Cap-Haïtien,Kap Ayisyen,19.759524,-72.200807,54.11,19.7493181,-72.22935814,,2018-11-29,,CNIGS / UN OCHA COD-AB Haiti,2026-01-26,2026-07-31,O,Nom kreyòl repris de la couche des chefs-lieux ; superficie = somme des sections communales ; coordonnées = centre officiel CNIGS de la commune (le chef-lieu a ses propres coordonnées),A,v1.2026.07
HTC-0312,3,Commune,Quartier Morin,Katye Moren,HTA-031,HT0312,HT0312,Quartier Morin,Katye Moren,19.697178,-72.157827,59.63,19.67689999,-72.16564367,,2018-11-29,,CNIGS / UN OCHA COD-AB Haiti,2026-01-26,2026-07-31,O,Nom kreyòl repris de la couche des chefs-lieux ; superficie = somme des sections communales ; coordonnées = centre officiel CNIGS de la commune (le chef-lieu a ses propres coordonnées),A,v1.2026.07
HTC-0313,3,Commune,Limonade,Limonad,HTA-031,HT0313,HT0313,Limonade,Limonad,19.670388,-72.1242,131.14,19.67110121,-72.1036099,,2018-11-29,,CNIGS / UN OCHA COD-AB Haiti,2026-01-26,2026-07-31,O,Nom kreyòl repris de la couche des chefs-lieux ; superficie = somme des sections communales ; coordonnées = centre officiel CNIGS de la commune (le chef-lieu a ses propres coordonnées),A,v1.2026.07
HTC-0321,3,Commune,Acul du Nord,Akil dinò,HTA-032,HT0321,HT0321,Acul du Nord,Akil dinò,19.682253,-72.31845,187.62,19.6705723,-72.32173182,,2018-11-29,,CNIGS / UN OCHA COD-AB Haiti,2026-01-26,2026-07-31,O,Nom kreyòl repris de la couche des chefs-lieux ; superficie = somme des sections communales ; coordonnées = centre officiel CNIGS de la commune (le chef-lieu a ses propres coordonnées),A,v1.2026.07
HTC-0322,3,Commune,Plaine du Nord,Plèn dinò,HTA-032,HT0322,HT0322,Plaine du Nord,Plèn dinò,19.67624,-72.26926,100.68,19.6705723,-72.25970694,,2018-11-29,,CNIGS / UN OCHA COD-AB Haiti,2026-01-26,2026-07-31,O,Nom kreyòl repris de la couche des chefs-lieux ; superficie = somme des sections communales ; coordonnées = centre officiel CNIGS de la commune (le chef-lieu a ses propres coordonnées),A,v1.2026.07
HTC-0323,3,Commune,Milot,Milo,HTA-032,HT0323,HT0323,Milot,Milo,19.607896,-72.21479,70.26,19.64683075,-72.21838716,,2018-11-29,,CNIGS / UN OCHA COD-AB Haiti,2026-01-26,2026-07-31,O,Nom kreyòl repris de la couche des chefs-lieux ; superficie = somme des sections communales ; coordonnées = centre officiel CNIGS de la commune (le chef-lieu a ses propres coordonnées),A,v1.2026.07
HTC-0331,3,Commune,Grande Rivière Du Nord,Grann Rivyè dinò,HTA-033,HT0331,HT0331,Grande Rivière Du Nord,Grann Rivyè dinò,19.577821,-72.169346,126.43,19.55804223,-72.16372953,,2018-11-29,,CNIGS / UN OCHA COD-AB Haiti,2026-01-26,2026-07-31,O,Nom kreyòl repris de la couche des chefs-lieux ; superficie = somme des sections communales ; coordonnées = centre officiel CNIGS de la commune (le chef-lieu a ses propres coordonnées),A,v1.2026.07
HTC-0332,3,Commune,Bahon,Baron,HTA-033,HT0332,HT0332,Bahon,Baron,19.470216,-72.115515,79.22,19.45040211,-72.11986934,,2018-11-29,,CNIGS / UN OCHA COD-AB Haiti,2026-01-26,2026-07-31,O,Nom kreyòl repris de la couche des chefs-lieux ; superficie = somme des sections communales ; coordonnées = centre officiel CNIGS de la commune (le chef-lieu a ses propres coordonnées),A,v1.2026.07
HTC-0341,3,Commune,Saint-Raphaël,Sen Rafayèl,HTA-034,HT0341,HT0341,Saint-Raphaël,Sen Rafayèl,19.439297,-72.199396,183.62,19.39622276,-72.18156433,,2018-11-29,,CNIGS / UN OCHA COD-AB Haiti,2026-01-26,2026-07-31,O,Nom kreyòl repris de la couche des chefs-lieux ; superficie = somme des sections communales ; coordonnées = centre officiel CNIGS de la commune (le chef-lieu a ses propres coordonnées),A,v1.2026.07
HTC-0342,3,Commune,Dondon,Dondon,HTA-034,HT0342,HT0342,Dondon,Dondon,19.527437,-72.242723,120.39,19.52072494,-72.26911452,,2018-11-29,,CNIGS / UN OCHA COD-AB Haiti,2026-01-26,2026-07-31,O,Nom kreyòl repris de la couche des chefs-lieux ; superficie = somme des sections communales ; coordonnées = centre officiel CNIGS de la commune (le chef-lieu a ses propres coordonnées),A,v1.2026.07
HTC-0343,3,Commune,Ranquitte,Rankit,HTA-034,HT0343,HT0343,Ranquitte,Rankit,19.413191,-72.083432,80.53,19.40352894,-72.06077595,,2018-11-29,,CNIGS / UN OCHA COD-AB Haiti,2026-01-26,2026-07-31,O,Nom kreyòl repris de la couche des chefs-lieux ; superficie = somme des sections communales ; coordonnées = centre officiel CNIGS de la commune (le chef-lieu a ses propres coordonnées),A,v1.2026.07
HTC-0344,3,Commune,Pignon,Piyon,HTA-034,HT0344,HT0344,Pignon,Piyon,19.337091,-72.115832,144.2,19.32980004,-72.08606597,,2018-11-29,,CNIGS / UN OCHA COD-AB Haiti,2026-01-26,2026-07-31,O,Nom kreyòl repris de la couche des chefs-lieux ; superficie = somme des sections communales ; coordonnées = centre officiel CNIGS de la commune (le chef-lieu a ses propres coordonnées),A,v1.2026.07
HTC-0345,3,Commune,La Victoire,La viktwa,HTA-034,HT0345,HT0345,La Victoire,La viktwa,19.337033,-72.025779,30.35,19.35161003,-72.01889465,,2018-11-29,,CNIGS / UN OCHA COD-AB Haiti,2026-01-26,2026-07-31,O,Nom kreyòl repris de la couche des chefs-lieux ; superficie = somme des sections communales ; coordonnées = centre officiel CNIGS de la commune (le chef-lieu a ses propres coordonnées),A,v1.2026.07
HTC-0351,3,Commune,Borgne,Bòn,HTA-035,HT0351,HT0351,Borgne,Bòn,19.845121,-72.522861,182.16,19.80668204,-72.57220588,,2018-11-29,,CNIGS / UN OCHA COD-AB Haiti,2026-01-26,2026-07-31,O,Nom kreyòl repris de la couche des chefs-lieux ; superficie = somme des sections communales ; coordonnées = centre officiel CNIGS de la commune (le chef-lieu a ses propres coordonnées),A,v1.2026.07
HTC-0352,3,Commune,Port-Margot,Pòmago,HTA-035,HT0352,HT0352,Port-Margot,Pòmago,19.751873,-72.429346,123.68,19.74866653,-72.46902471,,2018-11-29,,CNIGS / UN OCHA COD-AB Haiti,2026-01-26,2026-07-31,O,Nom kreyòl repris de la couche des chefs-lieux ; superficie = somme des sections communales ; coordonnées = centre officiel CNIGS de la commune (le chef-lieu a ses propres coordonnées),A,v1.2026.07
HTC-0361,3,Commune,Limbé,Lenbe,HTA-036,HT0361,HT0361,Limbé,Lenbe,19.70641,-72.402929,118.96,19.64562567,-72.41744231,,2018-11-29,,CNIGS / UN OCHA COD-AB Haiti,2026-01-26,2026-07-31,O,Nom kreyòl repris de la couche des chefs-lieux ; superficie = somme des sections communales ; coordonnées = centre officiel CNIGS de la commune (le chef-lieu a ses propres coordonnées),A,v1.2026.07
HTC-0362,3,Commune,Bas Limbé,Ba Lenbe,HTA-036,HT0362,HT0362,Bas Limbé,Ba Lenbe,19.770044,-72.38317,52.34,19.76241896,-72.39505867,,2018-11-29,,CNIGS / UN OCHA COD-AB Haiti,2026-01-26,2026-07-31,O,Nom kreyòl repris de la couche des chefs-lieux ; superficie = somme des sections communales ; coordonnées = centre officiel CNIGS de la commune (le chef-lieu a ses propres coordonnées),A,v1.2026.07
HTC-0371,3,Commune,Plaisance,Plezans,HTA-037,HT0371,HT0371,Plaisance,Plezans,19.598138,-72.470446,121.88,19.59956915,-72.4940039,,2018-11-29,,CNIGS / UN OCHA COD-AB Haiti,2026-01-26,2026-07-31,O,Nom kreyòl repris de la couche des chefs-lieux ; superficie = somme des sections communales ; coordonnées = centre officiel CNIGS de la commune (le chef-lieu a ses propres coordonnées),A,v1.2026.07
HTC-0372,3,Commune,Pilate,Pilat,HTA-037,HT0372,HT0372,Pilate,Pilat,19.664348,-72.556046,135.62,19.68747106,-72.54221007,,2018-11-29,,CNIGS / UN OCHA COD-AB Haiti,2026-01-26,2026-07-31,O,Nom kreyòl repris de la couche des chefs-lieux ; superficie = somme des sections communales ; coordonnées = centre officiel CNIGS de la commune (le chef-lieu a ses propres coordonnées),A,v1.2026.07
HTC-0411,3,Commune,Fort-Liberté,Fòlibète,HTA-041,HT0411,HT0411,Fort-Liberté,Fòlibète,19.663561,-71.836705,237.27,19.56923558,-71.85017247,,2018-11-29,,CNIGS / UN OCHA COD-AB Haiti,2026-01-26,2026-07-31,O,Nom kreyòl repris de la couche des chefs-lieux ; superficie = somme des sections communales ; coordonnées = centre officiel CNIGS de la commune (le chef-lieu a ses propres coordonnées),A,v1.2026.07
HTC-0412,3,Commune,Ferrier,Ferye,HTA-041,HT0412,HT0412,Ferrier,Ferye,19.615451,-71.778371,68.3,19.6452486,-71.76250282,,2018-11-29,,CNIGS / UN OCHA COD-AB Haiti,2026-01-26,2026-07-31,O,Nom kreyòl repris de la couche des chefs-lieux ; superficie = somme des sections communales ; coordonnées = centre officiel CNIGS de la commune (le chef-lieu a ses propres coordonnées),A,v1.2026.07
HTC-0413,3,Commune,Perches,Pèch,HTA-041,HT0413,HT0413,Perches,Pèch,19.521765,-71.922676,40.39,19.51542223,-71.93082039,,2018-11-29,,CNIGS / UN OCHA COD-AB Haiti,2026-01-26,2026-07-31,O,Nom kreyòl repris de la couche des chefs-lieux ; superficie = somme des sections communales ; coordonnées = centre officiel CNIGS de la commune (le chef-lieu a ses propres coordonnées),A,v1.2026.07
HTC-0421,3,Commune,Ouanaminthe,Wanament,HTA-042,HT0421,HT0421,Ouanaminthe,Wanament,19.548532,-71.725833,203.22,19.49729699,-71.77125786,,2018-11-29,,CNIGS / UN OCHA COD-AB Haiti,2026-01-26,2026-07-31,O,Nom kreyòl repris de la couche des chefs-lieux ; superficie = somme des sections communales ; coordonnées = centre officiel CNIGS de la commune (le chef-lieu a ses propres coordonnées),A,v1.2026.07
HTC-0422,3,Commune,Capotille,Kapotiy,HTA-042,HT0422,HT0422,Capotille,Kapotiy,19.447942,-71.692974,61.09,19.46220651,-71.70671961,,2018-11-29,,CNIGS / UN OCHA COD-AB Haiti,2026-01-26,2026-07-31,O,Nom kreyòl repris de la couche des chefs-lieux ; superficie = somme des sections communales ; coordonnées = centre officiel CNIGS de la commune (le chef-lieu a ses propres coordonnées),A,v1.2026.07
HTC-0423,3,Commune,Mont-Organisé,Montòganize,HTA-042,HT0423,HT0423,Mont-Organisé,Montòganize,19.40952,-71.781135,102.41,19.38720501,-71.77952631,,2018-11-29,,CNIGS / UN OCHA COD-AB Haiti,2026-01-26,2026-07-31,O,Nom kreyòl repris de la couche des chefs-lieux ; superficie = somme des sections communales ; coordonnées = centre officiel CNIGS de la commune (le chef-lieu a ses propres coordonnées),A,v1.2026.07
HTC-0431,3,Commune,Trou du Nord,Twou dinò,HTA-043,HT0431,HT0431,Trou du Nord,Twou dinò,19.616781,-72.024863,129.72,19.58207096,-72.0127068,,2018-11-29,,CNIGS / UN OCHA COD-AB Haiti,2026-01-26,2026-07-31,O,Nom kreyòl repris de la couche des chefs-lieux ; superficie = somme des sections communales ; coordonnées = centre officiel CNIGS de la commune (le chef-lieu a ses propres coordonnées),A,v1.2026.07
HTC-0432,3,Commune,Sainte Suzanne,Sent sizàn,HTA-043,HT0432,HT0432,Sainte Suzanne,Sent sizàn,19.582614,-72.088683,128.31,19.53282065,-72.06145747,,2018-11-29,,CNIGS / UN OCHA COD-AB Haiti,2026-01-26,2026-07-31,O,Nom kreyòl repris de la couche des chefs-lieux ; superficie = somme des sections communales ; coordonnées = centre officiel CNIGS de la commune (le chef-lieu a ses propres coordonnées),A,v1.2026.07
HTC-0433,3,Commune,Terrier Rouge,Tèrye rouj,HTA-043,HT0433,HT0433,Terrier Rouge,Tèrye rouj,19.637254,-71.954526,169.53,19.62766325,-71.94405993,,2018-11-29,,CNIGS / UN OCHA COD-AB Haiti,2026-01-26,2026-07-31,O,Nom kreyòl repris de la couche des chefs-lieux ; superficie = somme des sections communales ; coordonnées = centre officiel CNIGS de la commune (le chef-lieu a ses propres coordonnées),A,v1.2026.07
HTC-0434,3,Commune,Caracol,Karakòl,HTA-043,HT0434,HT0434,Caracol,Karakòl,19.693864,-72.017946,74.8,19.68666136,-72.01029843,,2018-11-29,,CNIGS / UN OCHA COD-AB Haiti,2026-01-26,2026-07-31,O,Nom kreyòl repris de la couche des chefs-lieux ; superficie = somme des sections communales ; coordonnées = centre officiel CNIGS de la commune (le chef-lieu a ses propres coordonnées),A,v1.2026.07
HTC-0441,3,Commune,Vallières,Valyè,HTA-044,HT0441,HT0441,Vallières,Valyè,19.434891,-71.910729,155.75,19.44106087,-71.94854413,,2018-11-29,,CNIGS / UN OCHA COD-AB Haiti,2026-01-26,2026-07-31,O,Nom kreyòl repris de la couche des chefs-lieux ; superficie = somme des sections communales ; coordonnées = centre officiel CNIGS de la commune (le chef-lieu a ses propres coordonnées),A,v1.2026.07
HTC-0442,3,Commune,Carice,karis,HTA-044,HT0442,HT0442,Carice,karis,19.38035,-71.82997,56.22,19.35601247,-71.82262787,,2018-11-29,,CNIGS / UN OCHA COD-AB Haiti,2026-01-26,2026-07-31,O,Nom kreyòl repris de la couche des chefs-lieux ; superficie = somme des sections communales ; coordonnées = centre officiel CNIGS de la commune (le chef-lieu a ses propres coordonnées),A,v1.2026.07
HTC-0443,3,Commune,Mombin Crochu,Monben Krochi,HTA-044,HT0443,HT0443,Mombin Crochu,Monben Krochi,19.369796,-71.98237,200.54,19.33862711,-71.90004165,,2018-11-29,,CNIGS / UN OCHA COD-AB Haiti,2026-01-26,2026-07-31,O,Nom kreyòl repris de la couche des chefs-lieux ; superficie = somme des sections communales ; coordonnées = centre officiel CNIGS de la commune (le chef-lieu a ses propres coordonnées),A,v1.2026.07
HTC-0511,3,Commune,Gonaïves,Gonayiv,HTA-051,HT0511,HT0511,Gonaïves,Gonayiv,19.44606,-72.688434,568.23,19.49324487,-72.68367668,,2018-11-29,,CNIGS / UN OCHA COD-AB Haiti,2026-01-26,2026-07-31,O,Nom kreyòl repris de la couche des chefs-lieux ; superficie = somme des sections communales ; coordonnées = centre officiel CNIGS de la commune (le chef-lieu a ses propres coordonnées),A,v1.2026.07
HTC-0512,3,Commune,Ennery,Ènri,HTA-051,HT0512,HT0512,Ennery,Ènri,19.484583,-72.484937,212.66,19.48991958,-72.4747769,,2018-11-29,,CNIGS / UN OCHA COD-AB Haiti,2026-01-26,2026-07-31,O,Nom kreyòl repris de la couche des chefs-lieux ; superficie = somme des sections communales ; coordonnées = centre officiel CNIGS de la commune (le chef-lieu a ses propres coordonnées),A,v1.2026.07
HTC-0513,3,Commune,L'Estère,Lestè,HTA-051,HT0513,HT0513,L'Estère,Lestè,19.30315,-72.610203,173.93,19.36447578,-72.63080295,,2018-11-29,,CNIGS / UN OCHA COD-AB Haiti,2026-01-26,2026-07-31,O,Nom kreyòl repris de la couche des chefs-lieux ; superficie = somme des sections communales ; coordonnées = centre officiel CNIGS de la commune (le chef-lieu a ses propres coordonnées),A,v1.2026.07
HTC-0521,3,Commune,Gros Morne,Gro Mòn,HTA-052,HT0521,HT0521,Gros Morne,Gro Mòn,19.67161,-72.678392,397.55,19.70617486,-72.71581797,,2018-11-29,,CNIGS / UN OCHA COD-AB Haiti,2026-01-26,2026-07-31,O,Nom kreyòl repris de la couche des chefs-lieux ; superficie = somme des sections communales ; coordonnées = centre officiel CNIGS de la commune (le chef-lieu a ses propres coordonnées),A,v1.2026.07
HTC-0522,3,Commune,Terre Neuve,Tènèv,HTA-052,HT0522,HT0522,Terre Neuve,Tènèv,19.6007,-72.781574,181.15,19.62283225,-72.80181035,,2018-11-29,,CNIGS / UN OCHA COD-AB Haiti,2026-01-26,2026-07-31,O,Nom kreyòl repris de la couche des chefs-lieux ; superficie = somme des sections communales ; coordonnées = centre officiel CNIGS de la commune (le chef-lieu a ses propres coordonnées),A,v1.2026.07
HTC-0523,3,Commune,Anse Rouge,Ans Rouj,HTA-052,HT0523,HT0523,Anse Rouge,Ans Rouj,19.632007,-73.055068,431.19,19.62214267,-72.95224135,,2018-11-29,,CNIGS / UN OCHA COD-AB Haiti,2026-01-26,2026-07-31,O,Nom kreyòl repris de la couche des chefs-lieux ; superficie = somme des sections communales ; coordonnées = centre officiel CNIGS de la commune (le chef-lieu a ses propres coordonnées),A,v1.2026.07
HTC-0531,3,Commune,Saint-Marc,Sen Mak,HTA-053,HT0531,HT0531,Saint-Marc,Sen Mak,19.102027,-72.699511,556.53,19.10196454,-72.62949263,,2018-11-29,,CNIGS / UN OCHA COD-AB Haiti,2026-01-26,2026-07-31,O,Nom kreyòl repris de la couche des chefs-lieux ; superficie = somme des sections communales ; coordonnées = centre officiel CNIGS de la commune (le chef-lieu a ses propres coordonnées),A,v1.2026.07
HTC-0532,3,Commune,Verrettes,Vèrèt,HTA-053,HT0532,HT0532,Verrettes,Vèrèt,19.050755,-72.467358,348.02,19.03682866,-72.50234396,,2018-11-29,,CNIGS / UN OCHA COD-AB Haiti,2026-01-26,2026-07-31,O,Nom kreyòl repris de la couche des chefs-lieux ; superficie = somme des sections communales ; coordonnées = centre officiel CNIGS de la commune (le chef-lieu a ses propres coordonnées),A,v1.2026.07
HTC-0533,3,Commune,La Chapelle,Lachapèl,HTA-053,HT0533,HT0533,La Chapelle,Lachapèl,18.911552,-72.312042,146.35,18.92073207,-72.3545863,,2018-11-29,,CNIGS / UN OCHA COD-AB Haiti,2026-01-26,2026-07-31,O,Nom kreyòl repris de la couche des chefs-lieux ; superficie = somme des sections communales ; coordonnées = centre officiel CNIGS de la commune (le chef-lieu a ses propres coordonnées),A,v1.2026.07
HTC-0541,3,Commune,Dessalines,Desalin,HTA-054,HT0541,HT0541,Dessalines,Desalin,19.261313,-72.517022,469.63,19.2237844,-72.43990724,,2018-11-29,,CNIGS / UN OCHA COD-AB Haiti,2026-01-26,2026-07-31,O,Nom kreyòl repris de la couche des chefs-lieux ; superficie = somme des sections communales ; coordonnées = centre officiel CNIGS de la commune (le chef-lieu a ses propres coordonnées),A,v1.2026.07
HTC-0542,3,Commune,Petite Rivière de l'Artibonite,Ti Rivyè Latibonit,HTA-054,HT0542,HT0542,Petite Rivière de l'Artibonite,Ti Rivyè Latibonit,19.122983,-72.479981,506.74,19.06954528,-72.33970373,,2018-11-29,,CNIGS / UN OCHA COD-AB Haiti,2026-01-26,2026-07-31,O,Nom kreyòl repris de la couche des chefs-lieux ; superficie = somme des sections communales ; coordonnées = centre officiel CNIGS de la commune (le chef-lieu a ses propres coordonnées),A,v1.2026.07
HTC-0543,3,Commune,Grande Saline,Grand Salin,HTA-054,HT0543,HT0543,Grande Saline,Grand Salin,19.246059,-72.773793,50.69,19.25721598,-72.66147187,,2018-11-29,,CNIGS / UN OCHA COD-AB Haiti,2026-01-26,2026-07-31,O,Nom kreyòl repris de la couche des chefs-lieux ; superficie = somme des sections communales ; coordonnées = centre officiel CNIGS de la commune (le chef-lieu a ses propres coordonnées),A,v1.2026.07
HTC-0544,3,Commune,Desdunes,Dedin,HTA-054,HT0544,HT0544,Desdunes,Dedin,19.295496,-72.646048,100.22,19.31353914,-72.6904752,,2018-11-29,,CNIGS / UN OCHA COD-AB Haiti,2026-01-26,2026-07-31,O,Nom kreyòl repris de la couche des chefs-lieux ; superficie = somme des sections communales ; coordonnées = centre officiel CNIGS de la commune (le chef-lieu a ses propres coordonnées),A,v1.2026.07
HTC-0551,3,Commune,Saint-Michel de l'Attalaye,Sen Michèl Latalay,HTA-055,HT0551,HT0551,Saint-Michel de l'Attalaye,Sen Michèl Latalay,19.374027,-72.333213,602.61,19.347665,-72.36176645,,2018-11-29,,CNIGS / UN OCHA COD-AB Haiti,2026-01-26,2026-07-31,O,Nom kreyòl repris de la couche des chefs-lieux ; superficie = somme des sections communales ; coordonnées = centre officiel CNIGS de la commune (le chef-lieu a ses propres coordonnées),A,v1.2026.07
HTC-0552,3,Commune,Marmelade,Mamelad,HTA-055,HT0552,HT0552,Marmelade,Mamelad,19.517408,-72.361914,112.24,19.52712982,-72.37862965,,2018-11-29,,CNIGS / UN OCHA COD-AB Haiti,2026-01-26,2026-07-31,O,Nom kreyòl repris de la couche des chefs-lieux ; superficie = somme des sections communales ; coordonnées = centre officiel CNIGS de la commune (le chef-lieu a ses propres coordonnées),A,v1.2026.07
HTC-0611,3,Commune,Hinche,Ench,HTA-061,HT0611,HT0611,Hinche,Ench,19.144554,-72.008753,582.51,19.16367696,-71.97540261,,2018-11-29,,CNIGS / UN OCHA COD-AB Haiti,2026-01-26,2026-07-31,O,Nom kreyòl repris de la couche des chefs-lieux ; superficie = somme des sections communales ; coordonnées = centre officiel CNIGS de la commune (le chef-lieu a ses propres coordonnées),A,v1.2026.07
HTC-0612,3,Commune,Maïssade,Mayisad,HTA-061,HT0612,HT0612,Maïssade,Mayisad,19.174768,-72.139556,295.64,19.18860822,-72.17318234,,2018-11-29,,CNIGS / UN OCHA COD-AB Haiti,2026-01-26,2026-07-31,O,Nom kreyòl repris de la couche des chefs-lieux ; superficie = somme des sections communales ; coordonnées = centre officiel CNIGS de la commune (le chef-lieu a ses propres coordonnées),A,v1.2026.07
HTC-0613,3,Commune,Thomonde,Tomond,HTA-061,HT0613,HT0613,Thomonde,Tomond,19.017016,-71.95977,361.72,18.9576928,-71.97555672,,2018-11-29,,CNIGS / UN OCHA COD-AB Haiti,2026-01-26,2026-07-31,O,Nom kreyòl repris de la couche des chefs-lieux ; superficie = somme des sections communales ; coordonnées = centre officiel CNIGS de la commune (le chef-lieu a ses propres coordonnées),A,v1.2026.07
HTC-0614,3,Commune,Cerca Carvajal,Sèka Kavajal,HTA-061,HT0614,HT0614,Cerca Carvajal,Sèka Kavajal,19.270041,-71.94055,156.08,19.26046065,-71.92246209,,2018-11-29,,CNIGS / UN OCHA COD-AB Haiti,2026-01-26,2026-07-31,O,Nom kreyòl repris de la couche des chefs-lieux ; superficie = somme des sections communales ; coordonnées = centre officiel CNIGS de la commune (le chef-lieu a ses propres coordonnées),A,v1.2026.07
HTC-0621,3,Commune,Mirebalais,Mibalè,HTA-062,HT0621,HT0621,Mirebalais,Mibalè,18.834416,-72.104836,326.64,18.80043641,-72.06721415,,2018-11-29,,CNIGS / UN OCHA COD-AB Haiti,2026-01-26,2026-07-31,O,Nom kreyòl repris de la couche des chefs-lieux ; superficie = somme des sections communales ; coordonnées = centre officiel CNIGS de la commune (le chef-lieu a ses propres coordonnées),A,v1.2026.07
HTC-0622,3,Commune,Saut d'Eau,Sodo,HTA-062,HT0622,HT0622,Saut d'Eau,Sodo,18.816158,-72.200426,171.59,18.8259004,-72.24184639,,2018-11-29,,CNIGS / UN OCHA COD-AB Haiti,2026-01-26,2026-07-31,O,Nom kreyòl repris de la couche des chefs-lieux ; superficie = somme des sections communales ; coordonnées = centre officiel CNIGS de la commune (le chef-lieu a ses propres coordonnées),A,v1.2026.07
HTC-0623,3,Commune,Boucan Carré,Boukan Kare,HTA-062,HT0623,HT0623,Boucan Carré,Boukan Kare,18.924535,-72.147497,354.92,18.9613796,-72.15249449,,2018-11-29,,CNIGS / UN OCHA COD-AB Haiti,2026-01-26,2026-07-31,O,Nom kreyòl repris de la couche des chefs-lieux ; superficie = somme des sections communales ; coordonnées = centre officiel CNIGS de la commune (le chef-lieu a ses propres coordonnées),A,v1.2026.07
HTC-0631,3,Commune,Lascahobas,Laskawobas,HTA-063,HT0631,HT0631,Lascahobas,Laskawobas,18.829882,-71.935805,146.34,18.83772264,-71.95556508,,2018-11-29,,CNIGS / UN OCHA COD-AB Haiti,2026-01-26,2026-07-31,O,Nom kreyòl repris de la couche des chefs-lieux ; superficie = somme des sections communales ; coordonnées = centre officiel CNIGS de la commune (le chef-lieu a ses propres coordonnées),A,v1.2026.07
HTC-0632,3,Commune,Belladère,Beladè,HTA-063,HT0632,HT0632,Belladère,Beladè,18.86603,-71.76363,300.5,18.86587539,-71.81336617,,2018-11-29,,CNIGS / UN OCHA COD-AB Haiti,2026-01-26,2026-07-31,O,Nom kreyòl repris de la couche des chefs-lieux ; superficie = somme des sections communales ; coordonnées = centre officiel CNIGS de la commune (le chef-lieu a ses propres coordonnées),A,v1.2026.07
HTC-0633,3,Commune,Savanette,Savanèt,HTA-063,HT0633,HT0633,Savanette,Savanèt,18.744765,-71.820238,166.59,18.74214079,-71.84831986,,2018-11-29,,CNIGS / UN OCHA COD-AB Haiti,2026-01-26,2026-07-31,O,Nom kreyòl repris de la couche des chefs-lieux ; superficie = somme des sections communales ; coordonnées = centre officiel CNIGS de la commune (le chef-lieu a ses propres coordonnées),A,v1.2026.07
HTC-0641,3,Commune,Cerca La Source,Sèka Lasous,HTA-064,HT0641,HT0641,Cerca La Source,Sèka Lasous,19.165775,-71.79117,361.05,19.16655862,-71.74017146,,2018-11-29,,CNIGS / UN OCHA COD-AB Haiti,2026-01-26,2026-07-31,O,Nom kreyòl repris de la couche des chefs-lieux ; superficie = somme des sections communales ; coordonnées = centre officiel CNIGS de la commune (le chef-lieu a ses propres coordonnées),A,v1.2026.07
HTC-0642,3,Commune,Thomassique,Tomasik,HTA-064,HT0642,HT0642,Thomassique,Tomasik,19.080034,-71.841881,237.64,19.08331109,-71.82704906,,2018-11-29,,CNIGS / UN OCHA COD-AB Haiti,2026-01-26,2026-07-31,O,Nom kreyòl repris de la couche des chefs-lieux ; superficie = somme des sections communales ; coordonnées = centre officiel CNIGS de la commune (le chef-lieu a ses propres coordonnées),A,v1.2026.07
HTC-0711,3,Commune,Les Cayes,Okay,HTA-071,HT0711,HT0711,Les Cayes,Okay,18.194443,-73.75116,218.02,18.26015612,-73.76596954,,2018-11-29,,CNIGS / UN OCHA COD-AB Haiti,2026-01-26,2026-07-31,O,Nom kreyòl repris de la couche des chefs-lieux ; superficie = somme des sections communales ; coordonnées = centre officiel CNIGS de la commune (le chef-lieu a ses propres coordonnées),A,v1.2026.07
HTC-0712,3,Commune,Torbeck,Tòbèk,HTA-071,HT0712,HT0712,Torbeck,Tòbèk,18.1642,-73.810693,189.25,18.24238375,-73.86758621,,2018-11-29,,CNIGS / UN OCHA COD-AB Haiti,2026-01-26,2026-07-31,O,Nom kreyòl repris de la couche des chefs-lieux ; superficie = somme des sections communales ; coordonnées = centre officiel CNIGS de la commune (le chef-lieu a ses propres coordonnées),A,v1.2026.07
HTC-0713,3,Commune,Chantal,Chantal,HTA-071,HT0713,HT0713,Chantal,Chantal,18.202446,-73.888981,151.07,18.28070076,-73.97435839,,2018-11-29,,CNIGS / UN OCHA COD-AB Haiti,2026-01-26,2026-07-31,O,Nom kreyòl repris de la couche des chefs-lieux ; superficie = somme des sections communales ; coordonnées = centre officiel CNIGS de la commune (le chef-lieu a ses propres coordonnées),A,v1.2026.07
HTC-0714,3,Commune,Camp-Perrin,Kanperen,HTA-071,HT0714,HT0714,Camp-Perrin,Kanperen,18.324961,-73.866566,126.89,18.33903418,-73.86513255,,2018-11-29,,CNIGS / UN OCHA COD-AB Haiti,2026-01-26,2026-07-31,O,Nom kreyòl repris de la couche des chefs-lieux ; superficie = somme des sections communales ; coordonnées = centre officiel CNIGS de la commune (le chef-lieu a ses propres coordonnées),A,v1.2026.07
HTC-0715,3,Commune,Maniche,Manich,HTA-071,HT0715,HT0715,Maniche,Manich,18.34391,-73.77794,130.43,18.36795034,-73.75214952,,2018-11-29,,CNIGS / UN OCHA COD-AB Haiti,2026-01-26,2026-07-31,O,Nom kreyòl repris de la couche des chefs-lieux ; superficie = somme des sections communales ; coordonnées = centre officiel CNIGS de la commune (le chef-lieu a ses propres coordonnées),A,v1.2026.07
HTC-0716,3,Commune,Île à Vache,Ilavach,HTA-071,HT0716,HT0716,Île à Vache,Ilavach,18.084432,-73.653215,45.69,18.08305955,-73.60883264,,2018-11-29,,CNIGS / UN OCHA COD-AB Haiti,2026-01-26,2026-07-31,O,Nom kreyòl repris de la couche des chefs-lieux ; superficie = somme des sections communales ; coordonnées = centre officiel CNIGS de la commune (le chef-lieu a ses propres coordonnées),A,v1.2026.07
HTC-0721,3,Commune,Port-Salut,Pò Sali,HTA-072,HT0721,HT0721,Port-Salut,Pò Sali,18.076771,-73.918135,58.29,18.08880022,-73.8982639,,2018-11-29,,CNIGS / UN OCHA COD-AB Haiti,2026-01-26,2026-07-31,O,Nom kreyòl repris de la couche des chefs-lieux ; superficie = somme des sections communales ; coordonnées = centre officiel CNIGS de la commune (le chef-lieu a ses propres coordonnées),A,v1.2026.07
HTC-0722,3,Commune,Saint Jean du Sud,Sen Jan disid.,HTA-072,HT0722,HT0722,Saint Jean du Sud,Sen Jan disid.,18.074991,-73.811641,69.21,18.07184958,-73.8448929,,2018-11-29,,CNIGS / UN OCHA COD-AB Haiti,2026-01-26,2026-07-31,O,Nom kreyòl repris de la couche des chefs-lieux ; superficie = somme des sections communales ; coordonnées = centre officiel CNIGS de la commune (le chef-lieu a ses propres coordonnées),A,v1.2026.07
HTC-0723,3,Commune,Arniquet,Anikè,HTA-072,HT0723,HT0723,Arniquet,Anikè,18.14975929,-73.87663551,50.01,18.14979845,-73.91201019,,2018-11-29,,CNIGS / UN OCHA COD-AB Haiti,2026-01-26,2026-07-31,O,Nom kreyòl repris de la couche des chefs-lieux ; superficie = somme des sections communales ; coordonnées = centre officiel CNIGS de la commune (le chef-lieu a ses propres coordonnées),A,v1.2026.07
HTC-0731,3,Commune,Aquin,Aken,HTA-073,HT0731,HT0731,Aquin,Aken,18.280901,-73.394446,637.11,18.27620481,-73.21530865,,2018-11-29,,CNIGS / UN OCHA COD-AB Haiti,2026-01-26,2026-07-31,O,Nom kreyòl repris de la couche des chefs-lieux ; superficie = somme des sections communales ; coordonnées = centre officiel CNIGS de la commune (le chef-lieu a ses propres coordonnées),A,v1.2026.07
HTC-0732,3,Commune,Saint Louis du Sud,Sen Lwi disid,HTA-073,HT0732,HT0732,Saint Louis du Sud,Sen Lwi disid,18.262467,-73.546094,182.68,18.27704475,-73.52399458,,2018-11-29,,CNIGS / UN OCHA COD-AB Haiti,2026-01-26,2026-07-31,O,Nom kreyòl repris de la couche des chefs-lieux ; superficie = somme des sections communales ; coordonnées = centre officiel CNIGS de la commune (le chef-lieu a ses propres coordonnées),A,v1.2026.07
HTC-0733,3,Commune,Cavaillon,Kavayon,HTA-073,HT0733,HT0733,Cavaillon,Kavayon,18.299604,-73.653698,228.59,18.32159703,-73.63259037,,2018-11-29,,CNIGS / UN OCHA COD-AB Haiti,2026-01-26,2026-07-31,O,Nom kreyòl repris de la couche des chefs-lieux ; superficie = somme des sections communales ; coordonnées = centre officiel CNIGS de la commune (le chef-lieu a ses propres coordonnées),A,v1.2026.07
HTC-0741,3,Commune,Côteaux,Okoto,HTA-074,HT0741,HT0741,Côteaux,Okoto,18.209058,-74.035974,70.93,18.2427829,-74.0320777,,2018-11-29,,CNIGS / UN OCHA COD-AB Haiti,2026-01-26,2026-07-31,O,Nom kreyòl repris de la couche des chefs-lieux ; superficie = somme des sections communales ; coordonnées = centre officiel CNIGS de la commune (le chef-lieu a ses propres coordonnées),A,v1.2026.07
HTC-0742,3,Commune,Port-à-Piment,Pòtapiman,HTA-074,HT0742,HT0742,Port-à-Piment,Pòtapiman,18.25018,-74.096185,57.42,18.28202166,-74.07182908,,2018-11-29,,CNIGS / UN OCHA COD-AB Haiti,2026-01-26,2026-07-31,O,Nom kreyòl repris de la couche des chefs-lieux ; superficie = somme des sections communales ; coordonnées = centre officiel CNIGS de la commune (le chef-lieu a ses propres coordonnées),A,v1.2026.07
HTC-0743,3,Commune,Roche à Bâteau,Ròcha Bato,HTA-074,HT0743,HT0743,Roche à Bâteau,Ròcha Bato,18.181762,-74.003094,49.28,18.19797782,-73.96983428,,2018-11-29,,CNIGS / UN OCHA COD-AB Haiti,2026-01-26,2026-07-31,O,Nom kreyòl repris de la couche des chefs-lieux ; superficie = somme des sections communales ; coordonnées = centre officiel CNIGS de la commune (le chef-lieu a ses propres coordonnées),A,v1.2026.07
HTC-0751,3,Commune,Chardonnières,Chadonyè,HTA-075,HT0751,HT0751,Chardonnières,Chadonyè,18.274153,-74.162456,114.68,18.32986033,-74.09525353,,2018-11-29,,CNIGS / UN OCHA COD-AB Haiti,2026-01-26,2026-07-31,O,Nom kreyòl repris de la couche des chefs-lieux ; superficie = somme des sections communales ; coordonnées = centre officiel CNIGS de la commune (le chef-lieu a ses propres coordonnées),A,v1.2026.07
HTC-0752,3,Commune,Les Anglais,Anglè yo,HTA-075,HT0752,HT0752,Les Anglais,Anglè yo,18.306194,-74.216984,119.96,18.35075057,-74.17672785,,2018-11-29,,CNIGS / UN OCHA COD-AB Haiti,2026-01-26,2026-07-31,O,Nom kreyòl repris de la couche des chefs-lieux ; superficie = somme des sections communales ; coordonnées = centre officiel CNIGS de la commune (le chef-lieu a ses propres coordonnées),A,v1.2026.07
HTC-0753,3,Commune,Tiburon,Tibiwon,HTA-075,HT0753,HT0753,Tiburon,Tibiwon,18.32673,-74.395922,147.06,18.33970806,-74.32170371,,2018-11-29,,CNIGS / UN OCHA COD-AB Haiti,2026-01-26,2026-07-31,O,Nom kreyòl repris de la couche des chefs-lieux ; superficie = somme des sections communales ; coordonnées = centre officiel CNIGS de la commune (le chef-lieu a ses propres coordonnées),A,v1.2026.07
HTC-0811,3,Commune,Jérémie,Jeremi,HTA-081,HT0811,HT0811,Jérémie,Jeremi,18.644583,-74.113918,418.2,18.53364027,-74.15560614,,2018-11-29,,CNIGS / UN OCHA COD-AB Haiti,2026-01-26,2026-07-31,O,Nom kreyòl repris de la couche des chefs-lieux ; superficie = somme des sections communales ; coordonnées = centre officiel CNIGS de la commune (le chef-lieu a ses propres coordonnées),A,v1.2026.07
HTC-0812,3,Commune,Abricots,Abriko,HTA-081,HT0812,HT0812,Abricots,Abriko,18.648588,-74.30922,102.55,18.61449896,-74.31895955,,2018-11-29,,CNIGS / UN OCHA COD-AB Haiti,2026-01-26,2026-07-31,O,Nom kreyòl repris de la couche des chefs-lieux ; superficie = somme des sections communales ; coordonnées = centre officiel CNIGS de la commune (le chef-lieu a ses propres coordonnées),A,v1.2026.07
HTC-0813,3,Commune,Bonbon,Trou Bonbon,HTA-081,HT0813,HT0813,Trou Bonbon,Trou Bonbon,18.665623,-74.244401,34.53,18.63163407,-74.2385819,,2018-11-29,,CNIGS / UN OCHA COD-AB Haiti,2026-01-26,2026-07-31,O,Nom kreyòl repris de la couche des chefs-lieux ; superficie = somme des sections communales ; coordonnées = centre officiel CNIGS de la commune (le chef-lieu a ses propres coordonnées),A,v1.2026.07
HTC-0814,3,Commune,Moron,Mowon,HTA-081,HT0814,HT0814,Moron,Mowon,18.560201,-74.258134,181.0,18.4854336,-74.27924681,,2018-11-29,,CNIGS / UN OCHA COD-AB Haiti,2026-01-26,2026-07-31,O,Nom kreyòl repris de la couche des chefs-lieux ; superficie = somme des sections communales ; coordonnées = centre officiel CNIGS de la commune (le chef-lieu a ses propres coordonnées),A,v1.2026.07
HTC-0815,3,Commune,Chambellan,Chanbelan,HTA-081,HT0815,HT0815,Chambellan,Chanbelan,18.550606,-74.313407,73.52,18.51911078,-74.33510487,,2018-11-29,,CNIGS / UN OCHA COD-AB Haiti,2026-01-26,2026-07-31,O,Nom kreyòl repris de la couche des chefs-lieux ; superficie = somme des sections communales ; coordonnées = centre officiel CNIGS de la commune (le chef-lieu a ses propres coordonnées),A,v1.2026.07
HTC-0821,3,Commune,Anse d'Hainault,Ansdeno,HTA-082,HT0821,HT0821,Anse d'Hainault,Ansdeno,18.485873,-74.451954,96.94,18.46483617,-74.4102586,,2018-11-29,,CNIGS / UN OCHA COD-AB Haiti,2026-01-26,2026-07-31,O,Nom kreyòl repris de la couche des chefs-lieux ; superficie = somme des sections communales ; coordonnées = centre officiel CNIGS de la commune (le chef-lieu a ses propres coordonnées),A,v1.2026.07
HTC-0822,3,Commune,Dame Marie,Dam Mari,HTA-082,HT0822,HT0822,Dame Marie,Dam Mari,18.561306,-74.418985,100.51,18.56516451,-74.3809312,,2018-11-29,,CNIGS / UN OCHA COD-AB Haiti,2026-01-26,2026-07-31,O,Nom kreyòl repris de la couche des chefs-lieux ; superficie = somme des sections communales ; coordonnées = centre officiel CNIGS de la commune (le chef-lieu a ses propres coordonnées),A,v1.2026.07
HTC-0823,3,Commune,Les Irois,Lèziwa,HTA-082,HT0823,HT0823,Les Irois,Lèziwa,18.403692,-74.452341,126.37,18.40580651,-74.37832386,,2018-11-29,,CNIGS / UN OCHA COD-AB Haiti,2026-01-26,2026-07-31,O,Nom kreyòl repris de la couche des chefs-lieux ; superficie = somme des sections communales ; coordonnées = centre officiel CNIGS de la commune (le chef-lieu a ses propres coordonnées),A,v1.2026.07
HTC-0831,3,Commune,Corail,Koray,HTA-083,HT0831,HT0831,Corail,Koray,18.566961,-73.889269,107.83,18.54346588,-73.90178113,,2018-11-29,,CNIGS / UN OCHA COD-AB Haiti,2026-01-26,2026-07-31,O,Nom kreyòl repris de la couche des chefs-lieux ; superficie = somme des sections communales ; coordonnées = centre officiel CNIGS de la commune (le chef-lieu a ses propres coordonnées),A,v1.2026.07
HTC-0832,3,Commune,Roseaux,Rozo,HTA-083,HT0832,HT0832,Roseaux,Rozo,18.599154,-74.016827,213.55,18.50170441,-74.0640791,,2018-11-29,,CNIGS / UN OCHA COD-AB Haiti,2026-01-26,2026-07-31,O,Nom kreyòl repris de la couche des chefs-lieux ; superficie = somme des sections communales ; coordonnées = centre officiel CNIGS de la commune (le chef-lieu a ses propres coordonnées),A,v1.2026.07
HTC-0833,3,Commune,Beaumont,Bomon,HTA-083,HT0833,HT0833,Beaumont,Bomon,18.478179,-73.957733,167.64,18.4479942,-73.9817287,,2018-11-29,,CNIGS / UN OCHA COD-AB Haiti,2026-01-26,2026-07-31,O,Nom kreyòl repris de la couche des chefs-lieux ; superficie = somme des sections communales ; coordonnées = centre officiel CNIGS de la commune (le chef-lieu a ses propres coordonnées),A,v1.2026.07
HTC-0834,3,Commune,Pestel,Pestèl,HTA-083,HT0834,HT0834,Pestel,Pestèl,18.542127,-73.792061,291.26,18.46448059,-73.84497092,,2018-11-29,,CNIGS / UN OCHA COD-AB Haiti,2026-01-26,2026-07-31,O,Nom kreyòl repris de la couche des chefs-lieux ; superficie = somme des sections communales ; coordonnées = centre officiel CNIGS de la commune (le chef-lieu a ses propres coordonnées),A,v1.2026.07
HTC-0911,3,Commune,Port-de-Paix,Pòdpè,HTA-091,HT0911,HT0911,Port-de-Paix,Pòdpè,19.938985,-72.830813,356.97,19.83734233,-72.95032608,,2018-11-29,,CNIGS / UN OCHA COD-AB Haiti,2026-01-26,2026-07-31,O,Nom kreyòl repris de la couche des chefs-lieux ; superficie = somme des sections communales ; coordonnées = centre officiel CNIGS de la commune (le chef-lieu a ses propres coordonnées),A,v1.2026.07
HTC-0912,3,Commune,La Tortue,Latòti,HTA-091,HT0912,HT0912,La Tortue,Latòti,20.031845,-72.704766,178.53,20.04015057,-72.78370502,,2018-11-29,,CNIGS / UN OCHA COD-AB Haiti,2026-01-26,2026-07-31,O,Nom kreyòl repris de la couche des chefs-lieux ; superficie = somme des sections communales ; coordonnées = centre officiel CNIGS de la commune (le chef-lieu a ses propres coordonnées),A,v1.2026.07
HTC-0913,3,Commune,Bassin Bleu,Basenble,HTA-091,HT0913,HT0913,Bassin Bleu,Basenble,19.780538,-72.799173,213.85,19.78748265,-72.84900015,,2018-11-29,,CNIGS / UN OCHA COD-AB Haiti,2026-01-26,2026-07-31,O,Nom kreyòl repris de la couche des chefs-lieux ; superficie = somme des sections communales ; coordonnées = centre officiel CNIGS de la commune (le chef-lieu a ses propres coordonnées),A,v1.2026.07
HTC-0914,3,Commune,Chamsolme,Chansòlm,HTA-091,HT0914,HT0914,Chamsolme,Chansòlm,19.879587,-72.835938,53.75,19.85927701,-72.81241965,,2018-11-29,,CNIGS / UN OCHA COD-AB Haiti,2026-01-26,2026-07-31,O,Nom kreyòl repris de la couche des chefs-lieux ; superficie = somme des sections communales ; coordonnées = centre officiel CNIGS de la commune (le chef-lieu a ses propres coordonnées),A,v1.2026.07
HTC-0921,3,Commune,Saint-Louis du Nord,Sen Lwi dinò,HTA-092,HT0921,HT0921,Saint-Louis du Nord,Sen Lwi dinò,19.933366,-72.720909,113.66,19.87624801,-72.70461915,,2018-11-29,,CNIGS / UN OCHA COD-AB Haiti,2026-01-26,2026-07-31,O,Nom kreyòl repris de la couche des chefs-lieux ; superficie = somme des sections communales ; coordonnées = centre officiel CNIGS de la commune (le chef-lieu a ses propres coordonnées),A,v1.2026.07
HTC-0922,3,Commune,Anse-à-Foleur,Ansafolè,HTA-092,HT0922,HT0922,Anse-à-Foleur,Ansafolè,19.892321,-72.619829,70.35,19.86029931,-72.62581721,,2018-11-29,,CNIGS / UN OCHA COD-AB Haiti,2026-01-26,2026-07-31,O,Nom kreyòl repris de la couche des chefs-lieux ; superficie = somme des sections communales ; coordonnées = centre officiel CNIGS de la commune (le chef-lieu a ses propres coordonnées),A,v1.2026.07
HTC-0931,3,Commune,Môle Saint Nicolas,Mòl Sen Nikola,HTA-093,HT0931,HT0931,Môle Saint Nicolas,Mòl Sen Nikola,19.807848,-73.377434,230.55,19.77081586,-73.37625556,,2018-11-29,,CNIGS / UN OCHA COD-AB Haiti,2026-01-26,2026-07-31,O,Nom kreyòl repris de la couche des chefs-lieux ; superficie = somme des sections communales ; coordonnées = centre officiel CNIGS de la commune (le chef-lieu a ses propres coordonnées),A,v1.2026.07
HTC-0932,3,Commune,Baie de Henne,Bèdeyèn,HTA-093,HT0932,HT0932,Baie de Henne,Bèdeyèn,19.663859,-73.209789,204.3,19.70898483,-73.2024878,,2018-11-29,,CNIGS / UN OCHA COD-AB Haiti,2026-01-26,2026-07-31,O,Nom kreyòl repris de la couche des chefs-lieux ; superficie = somme des sections communales ; coordonnées = centre officiel CNIGS de la commune (le chef-lieu a ses propres coordonnées),A,v1.2026.07
HTC-0933,3,Commune,Bombardopolis,Bonbadopolis,HTA-093,HT0933,HT0933,Bombardopolis,Bonbadopolis,19.69114,-73.3375,186.65,19.69732132,-73.34715161,,2018-11-29,,CNIGS / UN OCHA COD-AB Haiti,2026-01-26,2026-07-31,O,Nom kreyòl repris de la couche des chefs-lieux ; superficie = somme des sections communales ; coordonnées = centre officiel CNIGS de la commune (le chef-lieu a ses propres coordonnées),A,v1.2026.07
HTC-0934,3,Commune,Jean Rabel,Jan Rabèl,HTA-093,HT0934,HT0934,Jean Rabel,Jan Rabèl,19.904591,-73.195431,484.3,19.81281008,-73.14095273,,2018-11-29,,CNIGS / UN OCHA COD-AB Haiti,2026-01-26,2026-07-31,O,Nom kreyòl repris de la couche des chefs-lieux ; superficie = somme des sections communales ; coordonnées = centre officiel CNIGS de la commune (le chef-lieu a ses propres coordonnées),A,v1.2026.07
HTC-1011,3,Commune,Miragoâne,Miragwàn,HTA-101,HT1011,HT1011,Miragoâne,Miragwàn,18.444843,-73.088639,169.9,18.34136085,-73.05363034,,2018-11-29,,CNIGS / UN OCHA COD-AB Haiti,2026-01-26,2026-07-31,O,Nom kreyòl repris de la couche des chefs-lieux ; superficie = somme des sections communales ; coordonnées = centre officiel CNIGS de la commune (le chef-lieu a ses propres coordonnées),A,v1.2026.07
HTC-1012,3,Commune,Petite Rivière de Nippes,Ti Rivyè Nip,HTA-101,HT1012,HT1012,Petite Rivière de Nippes,Ti Rivyè Nip,18.475928,-73.241049,89.63,18.44910218,-73.19155063,,2018-11-29,,CNIGS / UN OCHA COD-AB Haiti,2026-01-26,2026-07-31,O,Nom kreyòl repris de la couche des chefs-lieux ; superficie = somme des sections communales ; coordonnées = centre officiel CNIGS de la commune (le chef-lieu a ses propres coordonnées),A,v1.2026.07
HTC-1013,3,Commune,Fonds des Nègres,Fon dènèg,HTA-101,HT1013,HT1013,Fonds des Nègres,Fon dènèg,18.358776,-73.241126,85.77,18.38618397,-73.24735739,,2018-11-29,,CNIGS / UN OCHA COD-AB Haiti,2026-01-26,2026-07-31,O,Nom kreyòl repris de la couche des chefs-lieux ; superficie = somme des sections communales ; coordonnées = centre officiel CNIGS de la commune (le chef-lieu a ses propres coordonnées),A,v1.2026.07
HTC-1014,3,Commune,Paillant,Payan,HTA-101,HT1014,HT1014,Paillant,Payan,18.418411,-73.143,65.93,18.4166481,-73.18249949,,2018-11-29,,CNIGS / UN OCHA COD-AB Haiti,2026-01-26,2026-07-31,O,Nom kreyòl repris de la couche des chefs-lieux ; superficie = somme des sections communales ; coordonnées = centre officiel CNIGS de la commune (le chef-lieu a ses propres coordonnées),A,v1.2026.07
HTC-1021,3,Commune,Anse-à-Veau,Ansavo,HTA-102,HT1021,HT1021,Anse-à-Veau,Ansavo,18.503487,-73.345276,106.72,18.4630593,-73.31798479,,2018-11-29,,CNIGS / UN OCHA COD-AB Haiti,2026-01-26,2026-07-31,O,Nom kreyòl repris de la couche des chefs-lieux ; superficie = somme des sections communales ; coordonnées = centre officiel CNIGS de la commune (le chef-lieu a ses propres coordonnées),A,v1.2026.07
HTC-1022,3,Commune,Petit Trou de Nippes,Ti Trou Nip,HTA-102,HT1022,HT1022,Petit Trou de Nippes,Ti Trou Nip,18.525965,-73.508086,154.32,18.45344974,-73.47424397,,2018-11-29,,CNIGS / UN OCHA COD-AB Haiti,2026-01-26,2026-07-31,O,Nom kreyòl repris de la couche des chefs-lieux ; superficie = somme des sections communales ; coordonnées = centre officiel CNIGS de la commune (le chef-lieu a ses propres coordonnées),A,v1.2026.07
HTC-1023,3,Commune,L'Asile,Lazil,HTA-102,HT1023,HT1023,L'Asile,Lazil,18.384409,-73.414436,157.21,18.39414137,-73.38874147,,2018-11-29,,CNIGS / UN OCHA COD-AB Haiti,2026-01-26,2026-07-31,O,Nom kreyòl repris de la couche des chefs-lieux ; superficie = somme des sections communales ; coordonnées = centre officiel CNIGS de la commune (le chef-lieu a ses propres coordonnées),A,v1.2026.07
HTC-1024,3,Commune,Arnaud,Ano,HTA-102,HT1024,HT1024,Arnaud,Ano,18.447444,-73.388474,74.07,18.44819158,-73.38641233,,2018-11-29,,CNIGS / UN OCHA COD-AB Haiti,2026-01-26,2026-07-31,O,Nom kreyòl repris de la couche des chefs-lieux ; superficie = somme des sections communales ; coordonnées = centre officiel CNIGS de la commune (le chef-lieu a ses propres coordonnées),A,v1.2026.07
HTC-1025,3,Commune,Plaisance du Sud,Plezans Disid,HTA-102,HT1025,HT1025,Plaisance du Sud,Plezans Disid,18.429452,-73.600826,91.33,18.42531534,-73.55816113,,2018-11-29,,CNIGS / UN OCHA COD-AB Haiti,2026-01-26,2026-07-31,O,Nom kreyòl repris de la couche des chefs-lieux ; superficie = somme des sections communales ; coordonnées = centre officiel CNIGS de la commune (le chef-lieu a ses propres coordonnées),A,v1.2026.07
HTC-1031,3,Commune,Baradères,Baradè,HTA-103,HT1031,HT1031,Baradères,Baradè,18.482941,-73.638702,186.24,18.4737711,-73.6724434,,2018-11-29,,CNIGS / UN OCHA COD-AB Haiti,2026-01-26,2026-07-31,O,Nom kreyòl repris de la couche des chefs-lieux ; superficie = somme des sections communales ; coordonnées = centre officiel CNIGS de la commune (le chef-lieu a ses propres coordonnées),A,v1.2026.07
HTC-1032,3,Commune,Grand-Boucan,Gran Boukan,HTA-103,HT1032,HT1032,Grand-Boucan,Gran Boukan,18.554313,-73.591826,44.82,18.56777882,-73.64650752,,2018-11-29,,CNIGS / UN OCHA COD-AB Haiti,2026-01-26,2026-07-31,O,Nom kreyòl repris de la couche des chefs-lieux ; superficie = somme des sections communales ; coordonnées = centre officiel CNIGS de la commune (le chef-lieu a ses propres coordonnées),A,v1.2026.07
