pcode_zone,zone,periode_validite,du,au,phase_ipc,personnes,pourcentage,date_analyse,source_id,source,limite_connue
HT03,Artibonite,first projection,2026-03-01,2026-06-30,all,470267,1.0,Mar 2026,SRC-033,IPC — Cadre intégré de classification (CC0),"Zones d'analyse IPC — le découpage peut différer du découpage administratif ; la phase est une classification, pas un comptage direct."
HT03,Artibonite,first projection,2026-03-01,2026-06-30,3+,235134,0.5,Mar 2026,SRC-033,IPC — Cadre intégré de classification (CC0),"Zones d'analyse IPC — le découpage peut différer du découpage administratif ; la phase est une classification, pas un comptage direct."
HT03,Artibonite,first projection,2026-03-01,2026-06-30,1,94053,0.2,Mar 2026,SRC-033,IPC — Cadre intégré de classification (CC0),"Zones d'analyse IPC — le découpage peut différer du découpage administratif ; la phase est une classification, pas un comptage direct."
HT03,Artibonite,first projection,2026-03-01,2026-06-30,2,141080,0.3,Mar 2026,SRC-033,IPC — Cadre intégré de classification (CC0),"Zones d'analyse IPC — le découpage peut différer du découpage administratif ; la phase est une classification, pas un comptage direct."
HT03,Artibonite,first projection,2026-03-01,2026-06-30,3,141080,0.3,Mar 2026,SRC-033,IPC — Cadre intégré de classification (CC0),"Zones d'analyse IPC — le découpage peut différer du découpage administratif ; la phase est une classification, pas un comptage direct."
HT03,Artibonite,first projection,2026-03-01,2026-06-30,4,94053,0.2,Mar 2026,SRC-033,IPC — Cadre intégré de classification (CC0),"Zones d'analyse IPC — le découpage peut différer du découpage administratif ; la phase est une classification, pas un comptage direct."
HT03,Artibonite,first projection,2026-03-01,2026-06-30,5,0,0,Mar 2026,SRC-033,IPC — Cadre intégré de classification (CC0),"Zones d'analyse IPC — le découpage peut différer du découpage administratif ; la phase est une classification, pas un comptage direct."
HT04,Artibonite,first projection,2026-03-01,2026-06-30,all,449463,1.0,Mar 2026,SRC-033,IPC — Cadre intégré de classification (CC0),"Zones d'analyse IPC — le découpage peut différer du découpage administratif ; la phase est une classification, pas un comptage direct."
HT04,Artibonite,first projection,2026-03-01,2026-06-30,3+,247205,0.55,Mar 2026,SRC-033,IPC — Cadre intégré de classification (CC0),"Zones d'analyse IPC — le découpage peut différer du découpage administratif ; la phase est une classification, pas un comptage direct."
HT04,Artibonite,first projection,2026-03-01,2026-06-30,1,89893,0.2,Mar 2026,SRC-033,IPC — Cadre intégré de classification (CC0),"Zones d'analyse IPC — le découpage peut différer du découpage administratif ; la phase est une classification, pas un comptage direct."
HT04,Artibonite,first projection,2026-03-01,2026-06-30,2,112366,0.25,Mar 2026,SRC-033,IPC — Cadre intégré de classification (CC0),"Zones d'analyse IPC — le découpage peut différer du découpage administratif ; la phase est une classification, pas un comptage direct."
HT04,Artibonite,first projection,2026-03-01,2026-06-30,3,157312,0.35,Mar 2026,SRC-033,IPC — Cadre intégré de classification (CC0),"Zones d'analyse IPC — le découpage peut différer du découpage administratif ; la phase est une classification, pas un comptage direct."
HT04,Artibonite,first projection,2026-03-01,2026-06-30,4,89893,0.2,Mar 2026,SRC-033,IPC — Cadre intégré de classification (CC0),"Zones d'analyse IPC — le découpage peut différer du découpage administratif ; la phase est une classification, pas un comptage direct."
HT04,Artibonite,first projection,2026-03-01,2026-06-30,5,0,0,Mar 2026,SRC-033,IPC — Cadre intégré de classification (CC0),"Zones d'analyse IPC — le découpage peut différer du découpage administratif ; la phase est une classification, pas un comptage direct."
,Artibonite_HT01+HT05+HT08,first projection,2026-03-01,2026-06-30,all,682771,1.0,Mar 2026,SRC-033,IPC — Cadre intégré de classification (CC0),"Zones d'analyse IPC — le découpage peut différer du découpage administratif ; la phase est une classification, pas un comptage direct."
,Artibonite_HT01+HT05+HT08,first projection,2026-03-01,2026-06-30,3+,375524,0.55,Mar 2026,SRC-033,IPC — Cadre intégré de classification (CC0),"Zones d'analyse IPC — le découpage peut différer du découpage administratif ; la phase est une classification, pas un comptage direct."
,Artibonite_HT01+HT05+HT08,first projection,2026-03-01,2026-06-30,1,102416,0.15,Mar 2026,SRC-033,IPC — Cadre intégré de classification (CC0),"Zones d'analyse IPC — le découpage peut différer du découpage administratif ; la phase est une classification, pas un comptage direct."
,Artibonite_HT01+HT05+HT08,first projection,2026-03-01,2026-06-30,2,204831,0.3,Mar 2026,SRC-033,IPC — Cadre intégré de classification (CC0),"Zones d'analyse IPC — le découpage peut différer du découpage administratif ; la phase est une classification, pas un comptage direct."
,Artibonite_HT01+HT05+HT08,first projection,2026-03-01,2026-06-30,3,238970,0.35,Mar 2026,SRC-033,IPC — Cadre intégré de classification (CC0),"Zones d'analyse IPC — le découpage peut différer du découpage administratif ; la phase est une classification, pas un comptage direct."
,Artibonite_HT01+HT05+HT08,first projection,2026-03-01,2026-06-30,4,136554,0.2,Mar 2026,SRC-033,IPC — Cadre intégré de classification (CC0),"Zones d'analyse IPC — le découpage peut différer du découpage administratif ; la phase est une classification, pas un comptage direct."
,Artibonite_HT01+HT05+HT08,first projection,2026-03-01,2026-06-30,5,0,0,Mar 2026,SRC-033,IPC — Cadre intégré de classification (CC0),"Zones d'analyse IPC — le découpage peut différer du découpage administratif ; la phase est une classification, pas un comptage direct."
HT03,Bas plateau,first projection,2026-03-01,2026-06-30,all,251841,1.0,Mar 2026,SRC-033,IPC — Cadre intégré de classification (CC0),"Zones d'analyse IPC — le découpage peut différer du découpage administratif ; la phase est une classification, pas un comptage direct."
HT03,Bas plateau,first projection,2026-03-01,2026-06-30,3+,151105,0.6,Mar 2026,SRC-033,IPC — Cadre intégré de classification (CC0),"Zones d'analyse IPC — le découpage peut différer du découpage administratif ; la phase est une classification, pas un comptage direct."
HT03,Bas plateau,first projection,2026-03-01,2026-06-30,1,50368,0.2,Mar 2026,SRC-033,IPC — Cadre intégré de classification (CC0),"Zones d'analyse IPC — le découpage peut différer du découpage administratif ; la phase est une classification, pas un comptage direct."
HT03,Bas plateau,first projection,2026-03-01,2026-06-30,2,50368,0.2,Mar 2026,SRC-033,IPC — Cadre intégré de classification (CC0),"Zones d'analyse IPC — le découpage peut différer du découpage administratif ; la phase est une classification, pas un comptage direct."
HT03,Bas plateau,first projection,2026-03-01,2026-06-30,3,100736,0.4,Mar 2026,SRC-033,IPC — Cadre intégré de classification (CC0),"Zones d'analyse IPC — le découpage peut différer du découpage administratif ; la phase est une classification, pas un comptage direct."
HT03,Bas plateau,first projection,2026-03-01,2026-06-30,4,50368,0.2,Mar 2026,SRC-033,IPC — Cadre intégré de classification (CC0),"Zones d'analyse IPC — le découpage peut différer du découpage administratif ; la phase est une classification, pas un comptage direct."
HT03,Bas plateau,first projection,2026-03-01,2026-06-30,5,0,0,Mar 2026,SRC-033,IPC — Cadre intégré de classification (CC0),"Zones d'analyse IPC — le découpage peut différer du découpage administratif ; la phase est une classification, pas un comptage direct."
,Croix de Bouquet et Tabarre P+ TP,first projection,2026-03-01,2026-06-30,all,91660,1.0,Mar 2026,SRC-033,IPC — Cadre intégré de classification (CC0),"Zones d'analyse IPC — le découpage peut différer du découpage administratif ; la phase est une classification, pas un comptage direct."
,Croix de Bouquet et Tabarre P+ TP,first projection,2026-03-01,2026-06-30,3+,45830,0.5,Mar 2026,SRC-033,IPC — Cadre intégré de classification (CC0),"Zones d'analyse IPC — le découpage peut différer du découpage administratif ; la phase est une classification, pas un comptage direct."
,Croix de Bouquet et Tabarre P+ TP,first projection,2026-03-01,2026-06-30,1,18332,0.2,Mar 2026,SRC-033,IPC — Cadre intégré de classification (CC0),"Zones d'analyse IPC — le découpage peut différer du découpage administratif ; la phase est une classification, pas un comptage direct."
,Croix de Bouquet et Tabarre P+ TP,first projection,2026-03-01,2026-06-30,2,27498,0.3,Mar 2026,SRC-033,IPC — Cadre intégré de classification (CC0),"Zones d'analyse IPC — le découpage peut différer du découpage administratif ; la phase est une classification, pas un comptage direct."
,Croix de Bouquet et Tabarre P+ TP,first projection,2026-03-01,2026-06-30,3,36664,0.4,Mar 2026,SRC-033,IPC — Cadre intégré de classification (CC0),"Zones d'analyse IPC — le découpage peut différer du découpage administratif ; la phase est une classification, pas un comptage direct."
,Croix de Bouquet et Tabarre P+ TP,first projection,2026-03-01,2026-06-30,4,9166,0.1,Mar 2026,SRC-033,IPC — Cadre intégré de classification (CC0),"Zones d'analyse IPC — le découpage peut différer du découpage administratif ; la phase est une classification, pas un comptage direct."
,Croix de Bouquet et Tabarre P+ TP,first projection,2026-03-01,2026-06-30,5,0,0,Mar 2026,SRC-033,IPC — Cadre intégré de classification (CC0),"Zones d'analyse IPC — le découpage peut différer du découpage administratif ; la phase est une classification, pas un comptage direct."
,"Delmas, Petion Ville et Carrefour P+TP",first projection,2026-03-01,2026-06-30,all,695503,1.0,Mar 2026,SRC-033,IPC — Cadre intégré de classification (CC0),"Zones d'analyse IPC — le découpage peut différer du découpage administratif ; la phase est une classification, pas un comptage direct."
,"Delmas, Petion Ville et Carrefour P+TP",first projection,2026-03-01,2026-06-30,3+,312976,0.45,Mar 2026,SRC-033,IPC — Cadre intégré de classification (CC0),"Zones d'analyse IPC — le découpage peut différer du découpage administratif ; la phase est une classification, pas un comptage direct."
,"Delmas, Petion Ville et Carrefour P+TP",first projection,2026-03-01,2026-06-30,1,173876,0.25,Mar 2026,SRC-033,IPC — Cadre intégré de classification (CC0),"Zones d'analyse IPC — le découpage peut différer du découpage administratif ; la phase est une classification, pas un comptage direct."
,"Delmas, Petion Ville et Carrefour P+TP",first projection,2026-03-01,2026-06-30,2,208651,0.3,Mar 2026,SRC-033,IPC — Cadre intégré de classification (CC0),"Zones d'analyse IPC — le découpage peut différer du découpage administratif ; la phase est une classification, pas un comptage direct."
,"Delmas, Petion Ville et Carrefour P+TP",first projection,2026-03-01,2026-06-30,3,243426,0.35,Mar 2026,SRC-033,IPC — Cadre intégré de classification (CC0),"Zones d'analyse IPC — le découpage peut différer du découpage administratif ; la phase est une classification, pas un comptage direct."
,"Delmas, Petion Ville et Carrefour P+TP",first projection,2026-03-01,2026-06-30,4,69550,0.1,Mar 2026,SRC-033,IPC — Cadre intégré de classification (CC0),"Zones d'analyse IPC — le découpage peut différer du découpage administratif ; la phase est une classification, pas un comptage direct."
,"Delmas, Petion Ville et Carrefour P+TP",first projection,2026-03-01,2026-06-30,5,0,0,Mar 2026,SRC-033,IPC — Cadre intégré de classification (CC0),"Zones d'analyse IPC — le découpage peut différer du découpage administratif ; la phase est une classification, pas un comptage direct."
HT07,Grande-anse,first projection,2026-03-01,2026-06-30,all,209648,1.0,Mar 2026,SRC-033,IPC — Cadre intégré de classification (CC0),"Zones d'analyse IPC — le découpage peut différer du découpage administratif ; la phase est une classification, pas un comptage direct."
HT07,Grande-anse,first projection,2026-03-01,2026-06-30,3+,125789,0.6,Mar 2026,SRC-033,IPC — Cadre intégré de classification (CC0),"Zones d'analyse IPC — le découpage peut différer du découpage administratif ; la phase est une classification, pas un comptage direct."
HT07,Grande-anse,first projection,2026-03-01,2026-06-30,1,41930,0.2,Mar 2026,SRC-033,IPC — Cadre intégré de classification (CC0),"Zones d'analyse IPC — le découpage peut différer du découpage administratif ; la phase est une classification, pas un comptage direct."
HT07,Grande-anse,first projection,2026-03-01,2026-06-30,2,41930,0.2,Mar 2026,SRC-033,IPC — Cadre intégré de classification (CC0),"Zones d'analyse IPC — le découpage peut différer du découpage administratif ; la phase est une classification, pas un comptage direct."
HT07,Grande-anse,first projection,2026-03-01,2026-06-30,3,94342,0.45,Mar 2026,SRC-033,IPC — Cadre intégré de classification (CC0),"Zones d'analyse IPC — le découpage peut différer du découpage administratif ; la phase est une classification, pas un comptage direct."
HT07,Grande-anse,first projection,2026-03-01,2026-06-30,4,31447,0.15,Mar 2026,SRC-033,IPC — Cadre intégré de classification (CC0),"Zones d'analyse IPC — le découpage peut différer du découpage administratif ; la phase est une classification, pas un comptage direct."
HT07,Grande-anse,first projection,2026-03-01,2026-06-30,5,0,0,Mar 2026,SRC-033,IPC — Cadre intégré de classification (CC0),"Zones d'analyse IPC — le découpage peut différer du découpage administratif ; la phase est une classification, pas un comptage direct."
HT08+Jérémie,Grande-anse,first projection,2026-03-01,2026-06-30,all,429317,1.0,Mar 2026,SRC-033,IPC — Cadre intégré de classification (CC0),"Zones d'analyse IPC — le découpage peut différer du découpage administratif ; la phase est une classification, pas un comptage direct."
HT08+Jérémie,Grande-anse,first projection,2026-03-01,2026-06-30,3+,214659,0.5,Mar 2026,SRC-033,IPC — Cadre intégré de classification (CC0),"Zones d'analyse IPC — le découpage peut différer du découpage administratif ; la phase est une classification, pas un comptage direct."
HT08+Jérémie,Grande-anse,first projection,2026-03-01,2026-06-30,1,107329,0.25,Mar 2026,SRC-033,IPC — Cadre intégré de classification (CC0),"Zones d'analyse IPC — le découpage peut différer du découpage administratif ; la phase est une classification, pas un comptage direct."
HT08+Jérémie,Grande-anse,first projection,2026-03-01,2026-06-30,2,107329,0.25,Mar 2026,SRC-033,IPC — Cadre intégré de classification (CC0),"Zones d'analyse IPC — le découpage peut différer du découpage administratif ; la phase est une classification, pas un comptage direct."
HT08+Jérémie,Grande-anse,first projection,2026-03-01,2026-06-30,3,150261,0.35,Mar 2026,SRC-033,IPC — Cadre intégré de classification (CC0),"Zones d'analyse IPC — le découpage peut différer du découpage administratif ; la phase est une classification, pas un comptage direct."
HT08+Jérémie,Grande-anse,first projection,2026-03-01,2026-06-30,4,64398,0.15,Mar 2026,SRC-033,IPC — Cadre intégré de classification (CC0),"Zones d'analyse IPC — le découpage peut différer du découpage administratif ; la phase est une classification, pas un comptage direct."
HT08+Jérémie,Grande-anse,first projection,2026-03-01,2026-06-30,5,0,0,Mar 2026,SRC-033,IPC — Cadre intégré de classification (CC0),"Zones d'analyse IPC — le découpage peut différer du découpage administratif ; la phase est une classification, pas un comptage direct."
HT04,Haut plateau,first projection,2026-03-01,2026-06-30,all,499454,1.0,Mar 2026,SRC-033,IPC — Cadre intégré de classification (CC0),"Zones d'analyse IPC — le découpage peut différer du découpage administratif ; la phase est une classification, pas un comptage direct."
HT04,Haut plateau,first projection,2026-03-01,2026-06-30,3+,249727,0.5,Mar 2026,SRC-033,IPC — Cadre intégré de classification (CC0),"Zones d'analyse IPC — le découpage peut différer du découpage administratif ; la phase est une classification, pas un comptage direct."
HT04,Haut plateau,first projection,2026-03-01,2026-06-30,1,124864,0.25,Mar 2026,SRC-033,IPC — Cadre intégré de classification (CC0),"Zones d'analyse IPC — le découpage peut différer du découpage administratif ; la phase est une classification, pas un comptage direct."
HT04,Haut plateau,first projection,2026-03-01,2026-06-30,2,124864,0.25,Mar 2026,SRC-033,IPC — Cadre intégré de classification (CC0),"Zones d'analyse IPC — le découpage peut différer du découpage administratif ; la phase est une classification, pas un comptage direct."
HT04,Haut plateau,first projection,2026-03-01,2026-06-30,3,174809,0.35,Mar 2026,SRC-033,IPC — Cadre intégré de classification (CC0),"Zones d'analyse IPC — le découpage peut différer du découpage administratif ; la phase est une classification, pas un comptage direct."
HT04,Haut plateau,first projection,2026-03-01,2026-06-30,4,74918,0.15,Mar 2026,SRC-033,IPC — Cadre intégré de classification (CC0),"Zones d'analyse IPC — le découpage peut différer du découpage administratif ; la phase est une classification, pas un comptage direct."
HT04,Haut plateau,first projection,2026-03-01,2026-06-30,5,0,0,Mar 2026,SRC-033,IPC — Cadre intégré de classification (CC0),"Zones d'analyse IPC — le découpage peut différer du découpage administratif ; la phase est une classification, pas un comptage direct."
HT01,Nippes,first projection,2026-03-01,2026-06-30,all,225993,1.0,Mar 2026,SRC-033,IPC — Cadre intégré de classification (CC0),"Zones d'analyse IPC — le découpage peut différer du découpage administratif ; la phase est une classification, pas un comptage direct."
HT01,Nippes,first projection,2026-03-01,2026-06-30,3+,124296,0.55,Mar 2026,SRC-033,IPC — Cadre intégré de classification (CC0),"Zones d'analyse IPC — le découpage peut différer du découpage administratif ; la phase est une classification, pas un comptage direct."
HT01,Nippes,first projection,2026-03-01,2026-06-30,1,45199,0.2,Mar 2026,SRC-033,IPC — Cadre intégré de classification (CC0),"Zones d'analyse IPC — le découpage peut différer du découpage administratif ; la phase est une classification, pas un comptage direct."
HT01,Nippes,first projection,2026-03-01,2026-06-30,2,56498,0.25,Mar 2026,SRC-033,IPC — Cadre intégré de classification (CC0),"Zones d'analyse IPC — le découpage peut différer du découpage administratif ; la phase est une classification, pas un comptage direct."
HT01,Nippes,first projection,2026-03-01,2026-06-30,3,90397,0.4,Mar 2026,SRC-033,IPC — Cadre intégré de classification (CC0),"Zones d'analyse IPC — le découpage peut différer du découpage administratif ; la phase est une classification, pas un comptage direct."
HT01,Nippes,first projection,2026-03-01,2026-06-30,4,33899,0.15,Mar 2026,SRC-033,IPC — Cadre intégré de classification (CC0),"Zones d'analyse IPC — le découpage peut différer du découpage administratif ; la phase est une classification, pas un comptage direct."
HT01,Nippes,first projection,2026-03-01,2026-06-30,5,0,0,Mar 2026,SRC-033,IPC — Cadre intégré de classification (CC0),"Zones d'analyse IPC — le découpage peut différer du découpage administratif ; la phase est une classification, pas un comptage direct."
HT08,Nippes HT07 +,first projection,2026-03-01,2026-06-30,all,217392,1.0,Mar 2026,SRC-033,IPC — Cadre intégré de classification (CC0),"Zones d'analyse IPC — le découpage peut différer du découpage administratif ; la phase est une classification, pas un comptage direct."
HT08,Nippes HT07 +,first projection,2026-03-01,2026-06-30,3+,119566,0.55,Mar 2026,SRC-033,IPC — Cadre intégré de classification (CC0),"Zones d'analyse IPC — le découpage peut différer du découpage administratif ; la phase est une classification, pas un comptage direct."
HT08,Nippes HT07 +,first projection,2026-03-01,2026-06-30,1,54348,0.25,Mar 2026,SRC-033,IPC — Cadre intégré de classification (CC0),"Zones d'analyse IPC — le découpage peut différer du découpage administratif ; la phase est une classification, pas un comptage direct."
HT08,Nippes HT07 +,first projection,2026-03-01,2026-06-30,2,43478,0.2,Mar 2026,SRC-033,IPC — Cadre intégré de classification (CC0),"Zones d'analyse IPC — le découpage peut différer du découpage administratif ; la phase est une classification, pas un comptage direct."
HT08,Nippes HT07 +,first projection,2026-03-01,2026-06-30,3,86957,0.4,Mar 2026,SRC-033,IPC — Cadre intégré de classification (CC0),"Zones d'analyse IPC — le découpage peut différer du découpage administratif ; la phase est une classification, pas un comptage direct."
HT08,Nippes HT07 +,first projection,2026-03-01,2026-06-30,4,32609,0.15,Mar 2026,SRC-033,IPC — Cadre intégré de classification (CC0),"Zones d'analyse IPC — le découpage peut différer du découpage administratif ; la phase est une classification, pas un comptage direct."
HT08,Nippes HT07 +,first projection,2026-03-01,2026-06-30,5,0,0,Mar 2026,SRC-033,IPC — Cadre intégré de classification (CC0),"Zones d'analyse IPC — le découpage peut différer du découpage administratif ; la phase est une classification, pas un comptage direct."
HT03,Nord-est HT02 +,first projection,2026-03-01,2026-06-30,all,416891,1.0,Mar 2026,SRC-033,IPC — Cadre intégré de classification (CC0),"Zones d'analyse IPC — le découpage peut différer du découpage administratif ; la phase est une classification, pas un comptage direct."
HT03,Nord-est HT02 +,first projection,2026-03-01,2026-06-30,3+,208446,0.5,Mar 2026,SRC-033,IPC — Cadre intégré de classification (CC0),"Zones d'analyse IPC — le découpage peut différer du découpage administratif ; la phase est une classification, pas un comptage direct."
HT03,Nord-est HT02 +,first projection,2026-03-01,2026-06-30,1,104223,0.25,Mar 2026,SRC-033,IPC — Cadre intégré de classification (CC0),"Zones d'analyse IPC — le découpage peut différer du découpage administratif ; la phase est une classification, pas un comptage direct."
HT03,Nord-est HT02 +,first projection,2026-03-01,2026-06-30,2,104223,0.25,Mar 2026,SRC-033,IPC — Cadre intégré de classification (CC0),"Zones d'analyse IPC — le découpage peut différer du découpage administratif ; la phase est une classification, pas un comptage direct."
HT03,Nord-est HT02 +,first projection,2026-03-01,2026-06-30,3,145912,0.35,Mar 2026,SRC-033,IPC — Cadre intégré de classification (CC0),"Zones d'analyse IPC — le découpage peut différer du découpage administratif ; la phase est une classification, pas un comptage direct."
HT03,Nord-est HT02 +,first projection,2026-03-01,2026-06-30,4,62534,0.15,Mar 2026,SRC-033,IPC — Cadre intégré de classification (CC0),"Zones d'analyse IPC — le découpage peut différer du découpage administratif ; la phase est une classification, pas un comptage direct."
HT03,Nord-est HT02 +,first projection,2026-03-01,2026-06-30,5,0,0,Mar 2026,SRC-033,IPC — Cadre intégré de classification (CC0),"Zones d'analyse IPC — le découpage peut différer du découpage administratif ; la phase est une classification, pas un comptage direct."
HT02,Nord,first projection,2026-03-01,2026-06-30,all,685358,1.0,Mar 2026,SRC-033,IPC — Cadre intégré de classification (CC0),"Zones d'analyse IPC — le découpage peut différer du découpage administratif ; la phase est une classification, pas un comptage direct."
HT02,Nord,first projection,2026-03-01,2026-06-30,3+,308411,0.45,Mar 2026,SRC-033,IPC — Cadre intégré de classification (CC0),"Zones d'analyse IPC — le découpage peut différer du découpage administratif ; la phase est une classification, pas un comptage direct."
HT02,Nord,first projection,2026-03-01,2026-06-30,1,171340,0.25,Mar 2026,SRC-033,IPC — Cadre intégré de classification (CC0),"Zones d'analyse IPC — le découpage peut différer du découpage administratif ; la phase est une classification, pas un comptage direct."
HT02,Nord,first projection,2026-03-01,2026-06-30,2,205607,0.3,Mar 2026,SRC-033,IPC — Cadre intégré de classification (CC0),"Zones d'analyse IPC — le découpage peut différer du découpage administratif ; la phase est une classification, pas un comptage direct."
HT02,Nord,first projection,2026-03-01,2026-06-30,3,239875,0.35,Mar 2026,SRC-033,IPC — Cadre intégré de classification (CC0),"Zones d'analyse IPC — le découpage peut différer du découpage administratif ; la phase est une classification, pas un comptage direct."
HT02,Nord,first projection,2026-03-01,2026-06-30,4,68536,0.1,Mar 2026,SRC-033,IPC — Cadre intégré de classification (CC0),"Zones d'analyse IPC — le découpage peut différer du découpage administratif ; la phase est une classification, pas un comptage direct."
HT02,Nord,first projection,2026-03-01,2026-06-30,5,0,0,Mar 2026,SRC-033,IPC — Cadre intégré de classification (CC0),"Zones d'analyse IPC — le découpage peut différer du découpage administratif ; la phase est une classification, pas un comptage direct."
HT03,Nord,first projection,2026-03-01,2026-06-30,all,285105,1.0,Mar 2026,SRC-033,IPC — Cadre intégré de classification (CC0),"Zones d'analyse IPC — le découpage peut différer du découpage administratif ; la phase est une classification, pas un comptage direct."
HT03,Nord,first projection,2026-03-01,2026-06-30,3+,128297,0.45,Mar 2026,SRC-033,IPC — Cadre intégré de classification (CC0),"Zones d'analyse IPC — le découpage peut différer du découpage administratif ; la phase est une classification, pas un comptage direct."
HT03,Nord,first projection,2026-03-01,2026-06-30,1,71276,0.25,Mar 2026,SRC-033,IPC — Cadre intégré de classification (CC0),"Zones d'analyse IPC — le découpage peut différer du découpage administratif ; la phase est une classification, pas un comptage direct."
HT03,Nord,first projection,2026-03-01,2026-06-30,2,85532,0.3,Mar 2026,SRC-033,IPC — Cadre intégré de classification (CC0),"Zones d'analyse IPC — le découpage peut différer du découpage administratif ; la phase est une classification, pas un comptage direct."
HT03,Nord,first projection,2026-03-01,2026-06-30,3,99787,0.35,Mar 2026,SRC-033,IPC — Cadre intégré de classification (CC0),"Zones d'analyse IPC — le découpage peut différer du découpage administratif ; la phase est une classification, pas un comptage direct."
HT03,Nord,first projection,2026-03-01,2026-06-30,4,28511,0.1,Mar 2026,SRC-033,IPC — Cadre intégré de classification (CC0),"Zones d'analyse IPC — le découpage peut différer du découpage administratif ; la phase est une classification, pas un comptage direct."
HT03,Nord,first projection,2026-03-01,2026-06-30,5,0,0,Mar 2026,SRC-033,IPC — Cadre intégré de classification (CC0),"Zones d'analyse IPC — le découpage peut différer du découpage administratif ; la phase est une classification, pas un comptage direct."
HT01,Nord-ouest,first projection,2026-03-01,2026-06-30,all,368777,1.0,Mar 2026,SRC-033,IPC — Cadre intégré de classification (CC0),"Zones d'analyse IPC — le découpage peut différer du découpage administratif ; la phase est une classification, pas un comptage direct."
HT01,Nord-ouest,first projection,2026-03-01,2026-06-30,3+,221266,0.6,Mar 2026,SRC-033,IPC — Cadre intégré de classification (CC0),"Zones d'analyse IPC — le découpage peut différer du découpage administratif ; la phase est une classification, pas un comptage direct."
HT01,Nord-ouest,first projection,2026-03-01,2026-06-30,1,73755,0.2,Mar 2026,SRC-033,IPC — Cadre intégré de classification (CC0),"Zones d'analyse IPC — le découpage peut différer du découpage administratif ; la phase est une classification, pas un comptage direct."
HT01,Nord-ouest,first projection,2026-03-01,2026-06-30,2,73755,0.2,Mar 2026,SRC-033,IPC — Cadre intégré de classification (CC0),"Zones d'analyse IPC — le découpage peut différer du découpage administratif ; la phase est une classification, pas un comptage direct."
HT01,Nord-ouest,first projection,2026-03-01,2026-06-30,3,129072,0.35,Mar 2026,SRC-033,IPC — Cadre intégré de classification (CC0),"Zones d'analyse IPC — le découpage peut différer du découpage administratif ; la phase est une classification, pas un comptage direct."
HT01,Nord-ouest,first projection,2026-03-01,2026-06-30,4,92194,0.25,Mar 2026,SRC-033,IPC — Cadre intégré de classification (CC0),"Zones d'analyse IPC — le découpage peut différer du découpage administratif ; la phase est une classification, pas un comptage direct."
HT01,Nord-ouest,first projection,2026-03-01,2026-06-30,5,0,0,Mar 2026,SRC-033,IPC — Cadre intégré de classification (CC0),"Zones d'analyse IPC — le découpage peut différer du découpage administratif ; la phase est une classification, pas un comptage direct."
HT02,Nord-ouest,first projection,2026-03-01,2026-06-30,all,445427,1.0,Mar 2026,SRC-033,IPC — Cadre intégré de classification (CC0),"Zones d'analyse IPC — le découpage peut différer du découpage administratif ; la phase est une classification, pas un comptage direct."
HT02,Nord-ouest,first projection,2026-03-01,2026-06-30,3+,289528,0.65,Mar 2026,SRC-033,IPC — Cadre intégré de classification (CC0),"Zones d'analyse IPC — le découpage peut différer du découpage administratif ; la phase est une classification, pas un comptage direct."
HT02,Nord-ouest,first projection,2026-03-01,2026-06-30,1,66814,0.15,Mar 2026,SRC-033,IPC — Cadre intégré de classification (CC0),"Zones d'analyse IPC — le découpage peut différer du découpage administratif ; la phase est une classification, pas un comptage direct."
HT02,Nord-ouest,first projection,2026-03-01,2026-06-30,2,89085,0.2,Mar 2026,SRC-033,IPC — Cadre intégré de classification (CC0),"Zones d'analyse IPC — le découpage peut différer du découpage administratif ; la phase est une classification, pas un comptage direct."
HT02,Nord-ouest,first projection,2026-03-01,2026-06-30,3,178171,0.4,Mar 2026,SRC-033,IPC — Cadre intégré de classification (CC0),"Zones d'analyse IPC — le découpage peut différer du découpage administratif ; la phase est une classification, pas un comptage direct."
HT02,Nord-ouest,first projection,2026-03-01,2026-06-30,4,111357,0.25,Mar 2026,SRC-033,IPC — Cadre intégré de classification (CC0),"Zones d'analyse IPC — le découpage peut différer du découpage administratif ; la phase est une classification, pas un comptage direct."
HT02,Nord-ouest,first projection,2026-03-01,2026-06-30,5,0,0,Mar 2026,SRC-033,IPC — Cadre intégré de classification (CC0),"Zones d'analyse IPC — le découpage peut différer du découpage administratif ; la phase est une classification, pas un comptage direct."
HT05,Ouest,first projection,2026-03-01,2026-06-30,all,205119,1.0,Mar 2026,SRC-033,IPC — Cadre intégré de classification (CC0),"Zones d'analyse IPC — le découpage peut différer du découpage administratif ; la phase est une classification, pas un comptage direct."
HT05,Ouest,first projection,2026-03-01,2026-06-30,3+,102560,0.5,Mar 2026,SRC-033,IPC — Cadre intégré de classification (CC0),"Zones d'analyse IPC — le découpage peut différer du découpage administratif ; la phase est une classification, pas un comptage direct."
HT05,Ouest,first projection,2026-03-01,2026-06-30,1,51280,0.25,Mar 2026,SRC-033,IPC — Cadre intégré de classification (CC0),"Zones d'analyse IPC — le découpage peut différer du découpage administratif ; la phase est une classification, pas un comptage direct."
HT05,Ouest,first projection,2026-03-01,2026-06-30,2,51280,0.25,Mar 2026,SRC-033,IPC — Cadre intégré de classification (CC0),"Zones d'analyse IPC — le découpage peut différer du découpage administratif ; la phase est une classification, pas un comptage direct."
HT05,Ouest,first projection,2026-03-01,2026-06-30,3,82048,0.4,Mar 2026,SRC-033,IPC — Cadre intégré de classification (CC0),"Zones d'analyse IPC — le découpage peut différer du découpage administratif ; la phase est une classification, pas un comptage direct."
HT05,Ouest,first projection,2026-03-01,2026-06-30,4,20512,0.1,Mar 2026,SRC-033,IPC — Cadre intégré de classification (CC0),"Zones d'analyse IPC — le découpage peut différer du découpage administratif ; la phase est une classification, pas un comptage direct."
HT05,Ouest,first projection,2026-03-01,2026-06-30,5,0,0,Mar 2026,SRC-033,IPC — Cadre intégré de classification (CC0),"Zones d'analyse IPC — le découpage peut différer du découpage administratif ; la phase est une classification, pas un comptage direct."
HT06,Ouest,first projection,2026-03-01,2026-06-30,all,112678,1.0,Mar 2026,SRC-033,IPC — Cadre intégré de classification (CC0),"Zones d'analyse IPC — le découpage peut différer du découpage administratif ; la phase est une classification, pas un comptage direct."
HT06,Ouest,first projection,2026-03-01,2026-06-30,3+,56339,0.5,Mar 2026,SRC-033,IPC — Cadre intégré de classification (CC0),"Zones d'analyse IPC — le découpage peut différer du découpage administratif ; la phase est une classification, pas un comptage direct."
HT06,Ouest,first projection,2026-03-01,2026-06-30,1,28170,0.25,Mar 2026,SRC-033,IPC — Cadre intégré de classification (CC0),"Zones d'analyse IPC — le découpage peut différer du découpage administratif ; la phase est une classification, pas un comptage direct."
HT06,Ouest,first projection,2026-03-01,2026-06-30,2,28170,0.25,Mar 2026,SRC-033,IPC — Cadre intégré de classification (CC0),"Zones d'analyse IPC — le découpage peut différer du découpage administratif ; la phase est une classification, pas un comptage direct."
HT06,Ouest,first projection,2026-03-01,2026-06-30,3,39437,0.35,Mar 2026,SRC-033,IPC — Cadre intégré de classification (CC0),"Zones d'analyse IPC — le découpage peut différer du découpage administratif ; la phase est une classification, pas un comptage direct."
HT06,Ouest,first projection,2026-03-01,2026-06-30,4,16902,0.15,Mar 2026,SRC-033,IPC — Cadre intégré de classification (CC0),"Zones d'analyse IPC — le découpage peut différer du découpage administratif ; la phase est une classification, pas un comptage direct."
HT06,Ouest,first projection,2026-03-01,2026-06-30,5,0,0,Mar 2026,SRC-033,IPC — Cadre intégré de classification (CC0),"Zones d'analyse IPC — le découpage peut différer du découpage administratif ; la phase est une classification, pas un comptage direct."
HT07+HT03,Ouest,first projection,2026-03-01,2026-06-30,all,770745,1.0,Mar 2026,SRC-033,IPC — Cadre intégré de classification (CC0),"Zones d'analyse IPC — le découpage peut différer du découpage administratif ; la phase est une classification, pas un comptage direct."
HT07+HT03,Ouest,first projection,2026-03-01,2026-06-30,3+,385373,0.5,Mar 2026,SRC-033,IPC — Cadre intégré de classification (CC0),"Zones d'analyse IPC — le découpage peut différer du découpage administratif ; la phase est une classification, pas un comptage direct."
HT07+HT03,Ouest,first projection,2026-03-01,2026-06-30,1,192686,0.25,Mar 2026,SRC-033,IPC — Cadre intégré de classification (CC0),"Zones d'analyse IPC — le découpage peut différer du découpage administratif ; la phase est une classification, pas un comptage direct."
HT07+HT03,Ouest,first projection,2026-03-01,2026-06-30,2,192686,0.25,Mar 2026,SRC-033,IPC — Cadre intégré de classification (CC0),"Zones d'analyse IPC — le découpage peut différer du découpage administratif ; la phase est une classification, pas un comptage direct."
HT07+HT03,Ouest,first projection,2026-03-01,2026-06-30,3,269761,0.35,Mar 2026,SRC-033,IPC — Cadre intégré de classification (CC0),"Zones d'analyse IPC — le découpage peut différer du découpage administratif ; la phase est une classification, pas un comptage direct."
HT07+HT03,Ouest,first projection,2026-03-01,2026-06-30,4,115612,0.15,Mar 2026,SRC-033,IPC — Cadre intégré de classification (CC0),"Zones d'analyse IPC — le découpage peut différer du découpage administratif ; la phase est une classification, pas un comptage direct."
HT07+HT03,Ouest,first projection,2026-03-01,2026-06-30,5,0,0,Mar 2026,SRC-033,IPC — Cadre intégré de classification (CC0),"Zones d'analyse IPC — le découpage peut différer du découpage administratif ; la phase est une classification, pas un comptage direct."
,Ouest_HT01- La gonave,first projection,2026-03-01,2026-06-30,all,102678,1.0,Mar 2026,SRC-033,IPC — Cadre intégré de classification (CC0),"Zones d'analyse IPC — le découpage peut différer du découpage administratif ; la phase est une classification, pas un comptage direct."
,Ouest_HT01- La gonave,first projection,2026-03-01,2026-06-30,3+,61607,0.6,Mar 2026,SRC-033,IPC — Cadre intégré de classification (CC0),"Zones d'analyse IPC — le découpage peut différer du découpage administratif ; la phase est une classification, pas un comptage direct."
,Ouest_HT01- La gonave,first projection,2026-03-01,2026-06-30,1,15402,0.15,Mar 2026,SRC-033,IPC — Cadre intégré de classification (CC0),"Zones d'analyse IPC — le découpage peut différer du découpage administratif ; la phase est une classification, pas un comptage direct."
,Ouest_HT01- La gonave,first projection,2026-03-01,2026-06-30,2,25670,0.25,Mar 2026,SRC-033,IPC — Cadre intégré de classification (CC0),"Zones d'analyse IPC — le découpage peut différer du découpage administratif ; la phase est une classification, pas un comptage direct."
,Ouest_HT01- La gonave,first projection,2026-03-01,2026-06-30,3,35937,0.35,Mar 2026,SRC-033,IPC — Cadre intégré de classification (CC0),"Zones d'analyse IPC — le découpage peut différer du découpage administratif ; la phase est une classification, pas un comptage direct."
,Ouest_HT01- La gonave,first projection,2026-03-01,2026-06-30,4,25670,0.25,Mar 2026,SRC-033,IPC — Cadre intégré de classification (CC0),"Zones d'analyse IPC — le découpage peut différer du découpage administratif ; la phase est une classification, pas un comptage direct."
,Ouest_HT01- La gonave,first projection,2026-03-01,2026-06-30,5,0,0,Mar 2026,SRC-033,IPC — Cadre intégré de classification (CC0),"Zones d'analyse IPC — le découpage peut différer du découpage administratif ; la phase est une classification, pas un comptage direct."
,Port-au-Prince et Cite Soleil P_TP,first projection,2026-03-01,2026-06-30,all,896686,1.0,Mar 2026,SRC-033,IPC — Cadre intégré de classification (CC0),"Zones d'analyse IPC — le découpage peut différer du découpage administratif ; la phase est une classification, pas un comptage direct."
,Port-au-Prince et Cite Soleil P_TP,first projection,2026-03-01,2026-06-30,3+,538012,0.6,Mar 2026,SRC-033,IPC — Cadre intégré de classification (CC0),"Zones d'analyse IPC — le découpage peut différer du découpage administratif ; la phase est une classification, pas un comptage direct."
,Port-au-Prince et Cite Soleil P_TP,first projection,2026-03-01,2026-06-30,1,179337,0.2,Mar 2026,SRC-033,IPC — Cadre intégré de classification (CC0),"Zones d'analyse IPC — le découpage peut différer du découpage administratif ; la phase est une classification, pas un comptage direct."
,Port-au-Prince et Cite Soleil P_TP,first projection,2026-03-01,2026-06-30,2,179337,0.2,Mar 2026,SRC-033,IPC — Cadre intégré de classification (CC0),"Zones d'analyse IPC — le découpage peut différer du découpage administratif ; la phase est une classification, pas un comptage direct."
,Port-au-Prince et Cite Soleil P_TP,first projection,2026-03-01,2026-06-30,3,358674,0.4,Mar 2026,SRC-033,IPC — Cadre intégré de classification (CC0),"Zones d'analyse IPC — le découpage peut différer du découpage administratif ; la phase est une classification, pas un comptage direct."
,Port-au-Prince et Cite Soleil P_TP,first projection,2026-03-01,2026-06-30,4,179337,0.2,Mar 2026,SRC-033,IPC — Cadre intégré de classification (CC0),"Zones d'analyse IPC — le découpage peut différer du découpage administratif ; la phase est une classification, pas un comptage direct."
,Port-au-Prince et Cite Soleil P_TP,first projection,2026-03-01,2026-06-30,5,0,0,Mar 2026,SRC-033,IPC — Cadre intégré de classification (CC0),"Zones d'analyse IPC — le découpage peut différer du découpage administratif ; la phase est une classification, pas un comptage direct."
HT01,Sud-Est,first projection,2026-03-01,2026-06-30,all,500337,1.0,Mar 2026,SRC-033,IPC — Cadre intégré de classification (CC0),"Zones d'analyse IPC — le découpage peut différer du découpage administratif ; la phase est une classification, pas un comptage direct."
HT01,Sud-Est,first projection,2026-03-01,2026-06-30,3+,250169,0.5,Mar 2026,SRC-033,IPC — Cadre intégré de classification (CC0),"Zones d'analyse IPC — le découpage peut différer du découpage administratif ; la phase est une classification, pas un comptage direct."
HT01,Sud-Est,first projection,2026-03-01,2026-06-30,1,125084,0.25,Mar 2026,SRC-033,IPC — Cadre intégré de classification (CC0),"Zones d'analyse IPC — le découpage peut différer du découpage administratif ; la phase est une classification, pas un comptage direct."
HT01,Sud-Est,first projection,2026-03-01,2026-06-30,2,125084,0.25,Mar 2026,SRC-033,IPC — Cadre intégré de classification (CC0),"Zones d'analyse IPC — le découpage peut différer du découpage administratif ; la phase est une classification, pas un comptage direct."
HT01,Sud-Est,first projection,2026-03-01,2026-06-30,3,175118,0.35,Mar 2026,SRC-033,IPC — Cadre intégré de classification (CC0),"Zones d'analyse IPC — le découpage peut différer du découpage administratif ; la phase est une classification, pas un comptage direct."
HT01,Sud-Est,first projection,2026-03-01,2026-06-30,4,75051,0.15,Mar 2026,SRC-033,IPC — Cadre intégré de classification (CC0),"Zones d'analyse IPC — le découpage peut différer du découpage administratif ; la phase est une classification, pas un comptage direct."
HT01,Sud-Est,first projection,2026-03-01,2026-06-30,5,0,0,Mar 2026,SRC-033,IPC — Cadre intégré de classification (CC0),"Zones d'analyse IPC — le découpage peut différer du découpage administratif ; la phase est une classification, pas un comptage direct."
HT07,Sud-Est,first projection,2026-03-01,2026-06-30,all,354941,1.0,Mar 2026,SRC-033,IPC — Cadre intégré de classification (CC0),"Zones d'analyse IPC — le découpage peut différer du découpage administratif ; la phase est une classification, pas un comptage direct."
HT07,Sud-Est,first projection,2026-03-01,2026-06-30,3+,195218,0.55,Mar 2026,SRC-033,IPC — Cadre intégré de classification (CC0),"Zones d'analyse IPC — le découpage peut différer du découpage administratif ; la phase est une classification, pas un comptage direct."
HT07,Sud-Est,first projection,2026-03-01,2026-06-30,1,70988,0.2,Mar 2026,SRC-033,IPC — Cadre intégré de classification (CC0),"Zones d'analyse IPC — le découpage peut différer du découpage administratif ; la phase est une classification, pas un comptage direct."
HT07,Sud-Est,first projection,2026-03-01,2026-06-30,2,88735,0.25,Mar 2026,SRC-033,IPC — Cadre intégré de classification (CC0),"Zones d'analyse IPC — le découpage peut différer du découpage administratif ; la phase est une classification, pas un comptage direct."
HT07,Sud-Est,first projection,2026-03-01,2026-06-30,3,124229,0.35,Mar 2026,SRC-033,IPC — Cadre intégré de classification (CC0),"Zones d'analyse IPC — le découpage peut différer du découpage administratif ; la phase est une classification, pas un comptage direct."
HT07,Sud-Est,first projection,2026-03-01,2026-06-30,4,70988,0.2,Mar 2026,SRC-033,IPC — Cadre intégré de classification (CC0),"Zones d'analyse IPC — le découpage peut différer du découpage administratif ; la phase est une classification, pas un comptage direct."
HT07,Sud-Est,first projection,2026-03-01,2026-06-30,5,0,0,Mar 2026,SRC-033,IPC — Cadre intégré de classification (CC0),"Zones d'analyse IPC — le découpage peut différer du découpage administratif ; la phase est une classification, pas un comptage direct."
HT07,Sud HT01 et,first projection,2026-03-01,2026-06-30,all,620080,1.0,Mar 2026,SRC-033,IPC — Cadre intégré de classification (CC0),"Zones d'analyse IPC — le découpage peut différer du découpage administratif ; la phase est une classification, pas un comptage direct."
HT07,Sud HT01 et,first projection,2026-03-01,2026-06-30,3+,310040,0.5,Mar 2026,SRC-033,IPC — Cadre intégré de classification (CC0),"Zones d'analyse IPC — le découpage peut différer du découpage administratif ; la phase est une classification, pas un comptage direct."
HT07,Sud HT01 et,first projection,2026-03-01,2026-06-30,1,155020,0.25,Mar 2026,SRC-033,IPC — Cadre intégré de classification (CC0),"Zones d'analyse IPC — le découpage peut différer du découpage administratif ; la phase est une classification, pas un comptage direct."
HT07,Sud HT01 et,first projection,2026-03-01,2026-06-30,2,155020,0.25,Mar 2026,SRC-033,IPC — Cadre intégré de classification (CC0),"Zones d'analyse IPC — le découpage peut différer du découpage administratif ; la phase est une classification, pas un comptage direct."
HT07,Sud HT01 et,first projection,2026-03-01,2026-06-30,3,217028,0.35,Mar 2026,SRC-033,IPC — Cadre intégré de classification (CC0),"Zones d'analyse IPC — le découpage peut différer du découpage administratif ; la phase est une classification, pas un comptage direct."
HT07,Sud HT01 et,first projection,2026-03-01,2026-06-30,4,93012,0.15,Mar 2026,SRC-033,IPC — Cadre intégré de classification (CC0),"Zones d'analyse IPC — le découpage peut différer du découpage administratif ; la phase est une classification, pas un comptage direct."
HT07,Sud HT01 et,first projection,2026-03-01,2026-06-30,5,0,0,Mar 2026,SRC-033,IPC — Cadre intégré de classification (CC0),"Zones d'analyse IPC — le découpage peut différer du découpage administratif ; la phase est une classification, pas un comptage direct."
HT08,Sud,first projection,2026-03-01,2026-06-30,all,297748,1.0,Mar 2026,SRC-033,IPC — Cadre intégré de classification (CC0),"Zones d'analyse IPC — le découpage peut différer du découpage administratif ; la phase est une classification, pas un comptage direct."
HT08,Sud,first projection,2026-03-01,2026-06-30,3+,163761,0.55,Mar 2026,SRC-033,IPC — Cadre intégré de classification (CC0),"Zones d'analyse IPC — le découpage peut différer du découpage administratif ; la phase est une classification, pas un comptage direct."
HT08,Sud,first projection,2026-03-01,2026-06-30,1,59550,0.2,Mar 2026,SRC-033,IPC — Cadre intégré de classification (CC0),"Zones d'analyse IPC — le découpage peut différer du découpage administratif ; la phase est une classification, pas un comptage direct."
HT08,Sud,first projection,2026-03-01,2026-06-30,2,74437,0.25,Mar 2026,SRC-033,IPC — Cadre intégré de classification (CC0),"Zones d'analyse IPC — le découpage peut différer du découpage administratif ; la phase est une classification, pas un comptage direct."
HT08,Sud,first projection,2026-03-01,2026-06-30,3,119099,0.4,Mar 2026,SRC-033,IPC — Cadre intégré de classification (CC0),"Zones d'analyse IPC — le découpage peut différer du découpage administratif ; la phase est une classification, pas un comptage direct."
HT08,Sud,first projection,2026-03-01,2026-06-30,4,44662,0.15,Mar 2026,SRC-033,IPC — Cadre intégré de classification (CC0),"Zones d'analyse IPC — le découpage peut différer du découpage administratif ; la phase est une classification, pas un comptage direct."
HT08,Sud,first projection,2026-03-01,2026-06-30,5,0,0,Mar 2026,SRC-033,IPC — Cadre intégré de classification (CC0),"Zones d'analyse IPC — le découpage peut différer du découpage administratif ; la phase est une classification, pas un comptage direct."
,Ville de Ouanaminthe,first projection,2026-03-01,2026-06-30,all,79023,1.0,Mar 2026,SRC-033,IPC — Cadre intégré de classification (CC0),"Zones d'analyse IPC — le découpage peut différer du découpage administratif ; la phase est une classification, pas un comptage direct."
,Ville de Ouanaminthe,first projection,2026-03-01,2026-06-30,3+,27658,0.35,Mar 2026,SRC-033,IPC — Cadre intégré de classification (CC0),"Zones d'analyse IPC — le découpage peut différer du découpage administratif ; la phase est une classification, pas un comptage direct."
,Ville de Ouanaminthe,first projection,2026-03-01,2026-06-30,1,23707,0.3,Mar 2026,SRC-033,IPC — Cadre intégré de classification (CC0),"Zones d'analyse IPC — le découpage peut différer du découpage administratif ; la phase est une classification, pas un comptage direct."
,Ville de Ouanaminthe,first projection,2026-03-01,2026-06-30,2,27658,0.35,Mar 2026,SRC-033,IPC — Cadre intégré de classification (CC0),"Zones d'analyse IPC — le découpage peut différer du découpage administratif ; la phase est une classification, pas un comptage direct."
,Ville de Ouanaminthe,first projection,2026-03-01,2026-06-30,3,19756,0.25,Mar 2026,SRC-033,IPC — Cadre intégré de classification (CC0),"Zones d'analyse IPC — le découpage peut différer du découpage administratif ; la phase est une classification, pas un comptage direct."
,Ville de Ouanaminthe,first projection,2026-03-01,2026-06-30,4,7902,0.1,Mar 2026,SRC-033,IPC — Cadre intégré de classification (CC0),"Zones d'analyse IPC — le découpage peut différer du découpage administratif ; la phase est une classification, pas un comptage direct."
,Ville de Ouanaminthe,first projection,2026-03-01,2026-06-30,5,0,0,Mar 2026,SRC-033,IPC — Cadre intégré de classification (CC0),"Zones d'analyse IPC — le découpage peut différer du découpage administratif ; la phase est une classification, pas un comptage direct."
,Ville des Cayes,first projection,2026-03-01,2026-06-30,all,118497,1.0,Mar 2026,SRC-033,IPC — Cadre intégré de classification (CC0),"Zones d'analyse IPC — le découpage peut différer du découpage administratif ; la phase est une classification, pas un comptage direct."
,Ville des Cayes,first projection,2026-03-01,2026-06-30,3+,59249,0.5,Mar 2026,SRC-033,IPC — Cadre intégré de classification (CC0),"Zones d'analyse IPC — le découpage peut différer du découpage administratif ; la phase est une classification, pas un comptage direct."
,Ville des Cayes,first projection,2026-03-01,2026-06-30,1,29624,0.25,Mar 2026,SRC-033,IPC — Cadre intégré de classification (CC0),"Zones d'analyse IPC — le découpage peut différer du découpage administratif ; la phase est une classification, pas un comptage direct."
,Ville des Cayes,first projection,2026-03-01,2026-06-30,2,29624,0.25,Mar 2026,SRC-033,IPC — Cadre intégré de classification (CC0),"Zones d'analyse IPC — le découpage peut différer du découpage administratif ; la phase est une classification, pas un comptage direct."
,Ville des Cayes,first projection,2026-03-01,2026-06-30,3,41474,0.35,Mar 2026,SRC-033,IPC — Cadre intégré de classification (CC0),"Zones d'analyse IPC — le découpage peut différer du découpage administratif ; la phase est une classification, pas un comptage direct."
,Ville des Cayes,first projection,2026-03-01,2026-06-30,4,17775,0.15,Mar 2026,SRC-033,IPC — Cadre intégré de classification (CC0),"Zones d'analyse IPC — le découpage peut différer du découpage administratif ; la phase est une classification, pas un comptage direct."
,Ville des Cayes,first projection,2026-03-01,2026-06-30,5,0,0,Mar 2026,SRC-033,IPC — Cadre intégré de classification (CC0),"Zones d'analyse IPC — le découpage peut différer du découpage administratif ; la phase est une classification, pas un comptage direct."
,Ville des Gonaives,first projection,2026-03-01,2026-06-30,all,246714,1.0,Mar 2026,SRC-033,IPC — Cadre intégré de classification (CC0),"Zones d'analyse IPC — le découpage peut différer du découpage administratif ; la phase est une classification, pas un comptage direct."
,Ville des Gonaives,first projection,2026-03-01,2026-06-30,3+,74014,0.3,Mar 2026,SRC-033,IPC — Cadre intégré de classification (CC0),"Zones d'analyse IPC — le découpage peut différer du découpage administratif ; la phase est une classification, pas un comptage direct."
,Ville des Gonaives,first projection,2026-03-01,2026-06-30,1,86350,0.35,Mar 2026,SRC-033,IPC — Cadre intégré de classification (CC0),"Zones d'analyse IPC — le découpage peut différer du découpage administratif ; la phase est une classification, pas un comptage direct."
,Ville des Gonaives,first projection,2026-03-01,2026-06-30,2,86350,0.35,Mar 2026,SRC-033,IPC — Cadre intégré de classification (CC0),"Zones d'analyse IPC — le découpage peut différer du découpage administratif ; la phase est une classification, pas un comptage direct."
,Ville des Gonaives,first projection,2026-03-01,2026-06-30,3,49343,0.2,Mar 2026,SRC-033,IPC — Cadre intégré de classification (CC0),"Zones d'analyse IPC — le découpage peut différer du découpage administratif ; la phase est une classification, pas un comptage direct."
,Ville des Gonaives,first projection,2026-03-01,2026-06-30,4,24671,0.1,Mar 2026,SRC-033,IPC — Cadre intégré de classification (CC0),"Zones d'analyse IPC — le découpage peut différer du découpage administratif ; la phase est une classification, pas un comptage direct."
,Ville des Gonaives,first projection,2026-03-01,2026-06-30,5,0,0,Mar 2026,SRC-033,IPC — Cadre intégré de classification (CC0),"Zones d'analyse IPC — le découpage peut différer du découpage administratif ; la phase est une classification, pas un comptage direct."
,Ville du Cap Haitien,first projection,2026-03-01,2026-06-30,all,327122,1.0,Mar 2026,SRC-033,IPC — Cadre intégré de classification (CC0),"Zones d'analyse IPC — le découpage peut différer du découpage administratif ; la phase est une classification, pas un comptage direct."
,Ville du Cap Haitien,first projection,2026-03-01,2026-06-30,3+,114493,0.35,Mar 2026,SRC-033,IPC — Cadre intégré de classification (CC0),"Zones d'analyse IPC — le découpage peut différer du découpage administratif ; la phase est une classification, pas un comptage direct."
,Ville du Cap Haitien,first projection,2026-03-01,2026-06-30,1,114493,0.35,Mar 2026,SRC-033,IPC — Cadre intégré de classification (CC0),"Zones d'analyse IPC — le découpage peut différer du découpage administratif ; la phase est une classification, pas un comptage direct."
,Ville du Cap Haitien,first projection,2026-03-01,2026-06-30,2,98137,0.3,Mar 2026,SRC-033,IPC — Cadre intégré de classification (CC0),"Zones d'analyse IPC — le découpage peut différer du découpage administratif ; la phase est une classification, pas un comptage direct."
,Ville du Cap Haitien,first projection,2026-03-01,2026-06-30,3,98137,0.3,Mar 2026,SRC-033,IPC — Cadre intégré de classification (CC0),"Zones d'analyse IPC — le découpage peut différer du découpage administratif ; la phase est une classification, pas un comptage direct."
,Ville du Cap Haitien,first projection,2026-03-01,2026-06-30,4,16356,0.05,Mar 2026,SRC-033,IPC — Cadre intégré de classification (CC0),"Zones d'analyse IPC — le découpage peut différer du découpage administratif ; la phase est une classification, pas un comptage direct."
,Ville du Cap Haitien,first projection,2026-03-01,2026-06-30,5,0,0,Mar 2026,SRC-033,IPC — Cadre intégré de classification (CC0),"Zones d'analyse IPC — le découpage peut différer du découpage administratif ; la phase est une classification, pas un comptage direct."
,Camp de deplacement,first projection,2026-03-01,2026-06-30,all,196974,1.0,Mar 2026,SRC-033,IPC — Cadre intégré de classification (CC0),"Zones d'analyse IPC — le découpage peut différer du découpage administratif ; la phase est une classification, pas un comptage direct."
,Camp de deplacement,first projection,2026-03-01,2026-06-30,3+,137882,0.7,Mar 2026,SRC-033,IPC — Cadre intégré de classification (CC0),"Zones d'analyse IPC — le découpage peut différer du découpage administratif ; la phase est une classification, pas un comptage direct."
,Camp de deplacement,first projection,2026-03-01,2026-06-30,1,19697,0.1,Mar 2026,SRC-033,IPC — Cadre intégré de classification (CC0),"Zones d'analyse IPC — le découpage peut différer du découpage administratif ; la phase est une classification, pas un comptage direct."
,Camp de deplacement,first projection,2026-03-01,2026-06-30,2,39395,0.2,Mar 2026,SRC-033,IPC — Cadre intégré de classification (CC0),"Zones d'analyse IPC — le découpage peut différer du découpage administratif ; la phase est une classification, pas un comptage direct."
,Camp de deplacement,first projection,2026-03-01,2026-06-30,3,68941,0.35,Mar 2026,SRC-033,IPC — Cadre intégré de classification (CC0),"Zones d'analyse IPC — le découpage peut différer du découpage administratif ; la phase est une classification, pas un comptage direct."
,Camp de deplacement,first projection,2026-03-01,2026-06-30,4,68941,0.35,Mar 2026,SRC-033,IPC — Cadre intégré de classification (CC0),"Zones d'analyse IPC — le découpage peut différer du découpage administratif ; la phase est une classification, pas un comptage direct."
,Camp de deplacement,first projection,2026-03-01,2026-06-30,5,0,0,Mar 2026,SRC-033,IPC — Cadre intégré de classification (CC0),"Zones d'analyse IPC — le découpage peut différer du découpage administratif ; la phase est une classification, pas un comptage direct."
