atmart_org_id,categorie,sous_categorie,nom,nom_source,statut,statut_source,code_source,atmart_geo_id,pcode_departement,pcode_commune,pcode_section,latitude,longitude,geocode,methode_rattachement,degre_verification,homonyme_source,couverture_declaree,millesime,date_debut_validite,date_fin_validite,variantes_nom,source_id,source,date_source,date_extraction,statut_valeur,niveau_qualite,version
HTO-MAR-011816,Marché,Marché suivi pour les prix,Canape-Vert,Canape-Vert,,,11816,HTS-0111-01,HT01,HT0111,HT0111-01,18.55,-72.34,Oui,Point-dans-polygone sur les sections communales du CNIGS,"B — rattachement calculé par Atmart, non fourni par la source",Non,"Marches suivis par le PAM pour le releve des prix alimentaires. Ne recense pas tous les marches d'Haiti, seulement ceux du dispositif de suivi.",WFP 2026,2026-07-26,,,SRC-011,WFP — Haiti Food Prices / Markets (CC BY-IGO),2026-07-26,2026-07-31,A,B,v1.2026.07
HTO-MAR-008048,Marché,Marché suivi pour les prix,Croix des Bossales,Croix des bossales,,,8048,HTS-0111-01,HT01,HT0111,HT0111-01,18.56,-72.34,Oui,Point-dans-polygone sur les sections communales du CNIGS,"B — rattachement calculé par Atmart, non fourni par la source",Non,"Marches suivis par le PAM pour le releve des prix alimentaires. Ne recense pas tous les marches d'Haiti, seulement ceux du dispositif de suivi.",WFP 2026,2026-07-26,,Croix des bossales,SRC-011,WFP — Haiti Food Prices / Markets (CC BY-IGO),2026-07-26,2026-07-31,A,B,v1.2026.07
HTO-MAR-000109,Marché,Marché suivi pour les prix,Port-Au-Prince,Port-au-Prince,,,109,HTS-0111-01,HT01,HT0111,HT0111-01,18.54,-72.33,Oui,Point-dans-polygone sur les sections communales du CNIGS,"B — rattachement calculé par Atmart, non fourni par la source",Non,"Marches suivis par le PAM pour le releve des prix alimentaires. Ne recense pas tous les marches d'Haiti, seulement ceux du dispositif de suivi.",WFP 2026,2026-07-26,,Port-au-Prince,SRC-011,WFP — Haiti Food Prices / Markets (CC BY-IGO),2026-07-26,2026-07-31,A,B,v1.2026.07
HTO-MAR-011893,Marché,Marché suivi pour les prix,Salomon,Salomon,,,11893,HTS-0111-01,HT01,HT0111,HT0111-01,18.54,-72.33,Oui,Point-dans-polygone sur les sections communales du CNIGS,"B — rattachement calculé par Atmart, non fourni par la source",Non,"Marches suivis par le PAM pour le releve des prix alimentaires. Ne recense pas tous les marches d'Haiti, seulement ceux du dispositif de suivi.",WFP 2026,2026-07-26,,,SRC-011,WFP — Haiti Food Prices / Markets (CC BY-IGO),2026-07-26,2026-07-31,A,B,v1.2026.07
HTO-MAR-011895,Marché,Marché suivi pour les prix,Delmas,Delmas,,,11895,HTS-0112-01,HT01,HT0112,HT0112-01,18.55,-72.31,Oui,Point-dans-polygone sur les sections communales du CNIGS,"B — rattachement calculé par Atmart, non fourni par la source",Non,"Marches suivis par le PAM pour le releve des prix alimentaires. Ne recense pas tous les marches d'Haiti, seulement ceux du dispositif de suivi.",WFP 2026,2026-07-26,,,SRC-011,WFP — Haiti Food Prices / Markets (CC BY-IGO),2026-07-26,2026-07-31,A,B,v1.2026.07
HTO-MAR-008049,Marché,Marché suivi pour les prix,Seradotte,Seradotte,,,8049,HTS-0112-01,HT01,HT0112,HT0112-01,18.56,-72.31,Oui,Point-dans-polygone sur les sections communales du CNIGS,"B — rattachement calculé par Atmart, non fourni par la source",Non,"Marches suivis par le PAM pour le releve des prix alimentaires. Ne recense pas tous les marches d'Haiti, seulement ceux du dispositif de suivi.",WFP 2026,2026-07-26,,,SRC-011,WFP — Haiti Food Prices / Markets (CC BY-IGO),2026-07-26,2026-07-31,A,B,v1.2026.07
HTO-MAR-011890,Marché,Marché suivi pour les prix,Bizoton,Bizoton,,,11890,HTS-0113-10,HT01,HT0113,HT0113-10,18.53,-72.38,Oui,Point-dans-polygone sur les sections communales du CNIGS,"B — rattachement calculé par Atmart, non fourni par la source",Non,"Marches suivis par le PAM pour le releve des prix alimentaires. Ne recense pas tous les marches d'Haiti, seulement ceux du dispositif de suivi.",WFP 2026,2026-07-26,,,SRC-011,WFP — Haiti Food Prices / Markets (CC BY-IGO),2026-07-26,2026-07-31,A,B,v1.2026.07
HTO-MAR-008041,Marché,Marché suivi pour les prix,Carrefour,Carrefour,,,8041,HTS-0113-11,HT01,HT0113,HT0113-11,18.54,-72.42,Oui,Point-dans-polygone sur les sections communales du CNIGS,"B — rattachement calculé par Atmart, non fourni par la source",Non,"Marches suivis par le PAM pour le releve des prix alimentaires. Ne recense pas tous les marches d'Haiti, seulement ceux du dispositif de suivi.",WFP 2026,2026-07-26,,,SRC-011,WFP — Haiti Food Prices / Markets (CC BY-IGO),2026-07-26,2026-07-31,A,B,v1.2026.07
HTO-MAR-011817,Marché,Marché suivi pour les prix,Kokoye,Kokoye,,,11817,HTS-0114-05,HT01,HT0114,HT0114-05,18.52,-72.28,Oui,Point-dans-polygone sur les sections communales du CNIGS,"B — rattachement calculé par Atmart, non fourni par la source",Non,"Marches suivis par le PAM pour le releve des prix alimentaires. Ne recense pas tous les marches d'Haiti, seulement ceux du dispositif de suivi.",WFP 2026,2026-07-26,,,SRC-011,WFP — Haiti Food Prices / Markets (CC BY-IGO),2026-07-26,2026-07-31,A,B,v1.2026.07
HTO-MAR-008045,Marché,Marché suivi pour les prix,Marché Marche Lacoupe,Marché Marche Lacoupe,,,8045,HTS-0114-05,HT01,HT0114,HT0114-05,18.52,-72.28,Oui,Point-dans-polygone sur les sections communales du CNIGS,"B — rattachement calculé par Atmart, non fourni par la source",Non,"Marches suivis par le PAM pour le releve des prix alimentaires. Ne recense pas tous les marches d'Haiti, seulement ceux du dispositif de suivi.",WFP 2026,2026-07-26,,,SRC-011,WFP — Haiti Food Prices / Markets (CC BY-IGO),2026-07-26,2026-07-31,A,B,v1.2026.07
HTO-MAR-011818,Marché,Marché suivi pour les prix,Pétion-Ville,Pétion-ville,,,11818,HTS-0114-05,HT01,HT0114,HT0114-05,18.52,-72.29,Oui,Point-dans-polygone sur les sections communales du CNIGS,"B — rattachement calculé par Atmart, non fourni par la source",Non,"Marches suivis par le PAM pour le releve des prix alimentaires. Ne recense pas tous les marches d'Haiti, seulement ceux du dispositif de suivi.",WFP 2026,2026-07-26,,Pétion-ville,SRC-011,WFP — Haiti Food Prices / Markets (CC BY-IGO),2026-07-26,2026-07-31,A,B,v1.2026.07
HTO-MAR-008046,Marché,Marché suivi pour les prix,Kenscoff,Kenscoff,,,8046,HTS-0115-03,HT01,HT0115,HT0115-03,18.47,-72.29,Oui,Point-dans-polygone sur les sections communales du CNIGS,"B — rattachement calculé par Atmart, non fourni par la source",Non,"Marches suivis par le PAM pour le releve des prix alimentaires. Ne recense pas tous les marches d'Haiti, seulement ceux du dispositif de suivi.",WFP 2026,2026-07-26,,,SRC-011,WFP — Haiti Food Prices / Markets (CC BY-IGO),2026-07-26,2026-07-31,A,B,v1.2026.07
HTO-MAR-008040,Marché,Marché suivi pour les prix,Gressier,Gressier,,,8040,HTS-0116-01,HT01,HT0116,HT0116-01,18.55,-72.51,Oui,Section communale la plus proche (4.3 km) — coordonnées PAM arrondies,B — rattachement calculé par proximité,Non,"Marches suivis par le PAM pour le releve des prix alimentaires. Ne recense pas tous les marches d'Haiti, seulement ceux du dispositif de suivi.",WFP 2026,2026-07-26,,,SRC-011,WFP — Haiti Food Prices / Markets (CC BY-IGO),2026-07-26,2026-07-31,A,B,v1.2026.07
HTO-MAR-007982,Marché,Marché suivi pour les prix,Cité Soleil,Cité Soleil,,,7982,HTS-0117-01,HT01,HT0117,HT0117-01,18.59,-72.33,Oui,Point-dans-polygone sur les sections communales du CNIGS,"B — rattachement calculé par Atmart, non fourni par la source",Non,"Marches suivis par le PAM pour le releve des prix alimentaires. Ne recense pas tous les marches d'Haiti, seulement ceux du dispositif de suivi.",WFP 2026,2026-07-26,,,SRC-011,WFP — Haiti Food Prices / Markets (CC BY-IGO),2026-07-26,2026-07-31,A,B,v1.2026.07
HTO-MAR-011892,Marché,Marché suivi pour les prix,Terre Noire,Terre Noire,,,11892,HTS-0117-01,HT01,HT0117,HT0117-01,18.58,-72.34,Oui,Point-dans-polygone sur les sections communales du CNIGS,"B — rattachement calculé par Atmart, non fourni par la source",Non,"Marches suivis par le PAM pour le releve des prix alimentaires. Ne recense pas tous les marches d'Haiti, seulement ceux du dispositif de suivi.",WFP 2026,2026-07-26,,,SRC-011,WFP — Haiti Food Prices / Markets (CC BY-IGO),2026-07-26,2026-07-31,A,B,v1.2026.07
HTO-MAR-011891,Marché,Marché suivi pour les prix,Wharf Jeremie,Wharf Jeremie,,,11891,HTS-0117-01,HT01,HT0117,HT0117-01,18.58,-72.33,Oui,Point-dans-polygone sur les sections communales du CNIGS,"B — rattachement calculé par Atmart, non fourni par la source",Non,"Marches suivis par le PAM pour le releve des prix alimentaires. Ne recense pas tous les marches d'Haiti, seulement ceux du dispositif de suivi.",WFP 2026,2026-07-26,,,SRC-011,WFP — Haiti Food Prices / Markets (CC BY-IGO),2026-07-26,2026-07-31,A,B,v1.2026.07
HTO-MAR-008047,Marché,Marché suivi pour les prix,Tabarre,Tabarre,,,8047,HTS-0118-03,HT01,HT0118,HT0118-03,18.58,-72.27,Oui,Point-dans-polygone sur les sections communales du CNIGS,"B — rattachement calculé par Atmart, non fourni par la source",Non,"Marches suivis par le PAM pour le releve des prix alimentaires. Ne recense pas tous les marches d'Haiti, seulement ceux du dispositif de suivi.",WFP 2026,2026-07-26,,,SRC-011,WFP — Haiti Food Prices / Markets (CC BY-IGO),2026-07-26,2026-07-31,A,B,v1.2026.07
HTO-MAR-008042,Marché,Marché suivi pour les prix,Chatuley,Chatuley,,,8042,HTS-0121-01,HT01,HT0121,HT0121-01,18.51,-72.63,Oui,Point-dans-polygone sur les sections communales du CNIGS,"B — rattachement calculé par Atmart, non fourni par la source",Non,"Marches suivis par le PAM pour le releve des prix alimentaires. Ne recense pas tous les marches d'Haiti, seulement ceux du dispositif de suivi.",WFP 2026,2026-07-26,,,SRC-011,WFP — Haiti Food Prices / Markets (CC BY-IGO),2026-07-26,2026-07-31,A,B,v1.2026.07
HTO-MAR-011896,Marché,Marché suivi pour les prix,Dufort,Dufort,,,11896,HTS-0121-01,HT01,HT0121,HT0121-01,18.46,-72.63,Oui,Point-dans-polygone sur les sections communales du CNIGS,"B — rattachement calculé par Atmart, non fourni par la source",Non,"Marches suivis par le PAM pour le releve des prix alimentaires. Ne recense pas tous les marches d'Haiti, seulement ceux du dispositif de suivi.",WFP 2026,2026-07-26,,,SRC-011,WFP — Haiti Food Prices / Markets (CC BY-IGO),2026-07-26,2026-07-31,A,B,v1.2026.07
HTO-MAR-011897,Marché,Marché suivi pour les prix,Gressier 1 (flon),Gressier 1 (Flon),,,11897,HTS-0121-03,HT01,HT0121,HT0121-03,18.53,-72.56,Oui,Point-dans-polygone sur les sections communales du CNIGS,"B — rattachement calculé par Atmart, non fourni par la source",Non,"Marches suivis par le PAM pour le releve des prix alimentaires. Ne recense pas tous les marches d'Haiti, seulement ceux du dispositif de suivi.",WFP 2026,2026-07-26,,Gressier 1 (Flon),SRC-011,WFP — Haiti Food Prices / Markets (CC BY-IGO),2026-07-26,2026-07-31,A,B,v1.2026.07
HTO-MAR-011898,Marché,Marché suivi pour les prix,Gressier 2 (brache),Gressier 2 (Brache),,,11898,HTS-0121-02,HT01,HT0121,HT0121-02,18.53,-72.59,Oui,Point-dans-polygone sur les sections communales du CNIGS,"B — rattachement calculé par Atmart, non fourni par la source",Non,"Marches suivis par le PAM pour le releve des prix alimentaires. Ne recense pas tous les marches d'Haiti, seulement ceux du dispositif de suivi.",WFP 2026,2026-07-26,,Gressier 2 (Brache),SRC-011,WFP — Haiti Food Prices / Markets (CC BY-IGO),2026-07-26,2026-07-31,A,B,v1.2026.07
HTO-MAR-008053,Marché,Marché suivi pour les prix,Petit-Goâve,Petit-Goâve,,,8053,HTS-0122-11,HT01,HT0122,HT0122-11,18.43,-72.87,Oui,Point-dans-polygone sur les sections communales du CNIGS,"B — rattachement calculé par Atmart, non fourni par la source",Non,"Marches suivis par le PAM pour le releve des prix alimentaires. Ne recense pas tous les marches d'Haiti, seulement ceux du dispositif de suivi.",WFP 2026,2026-07-26,,,SRC-011,WFP — Haiti Food Prices / Markets (CC BY-IGO),2026-07-26,2026-07-31,A,B,v1.2026.07
HTO-MAR-012073,Marché,Marché suivi pour les prix,Seradot (petit-Goave),Seradot (Petit-Goave),,,12073,HTS-0122-11,HT01,HT0122,HT0122-11,18.43,-72.86,Oui,Point-dans-polygone sur les sections communales du CNIGS,"B — rattachement calculé par Atmart, non fourni par la source",Non,"Marches suivis par le PAM pour le releve des prix alimentaires. Ne recense pas tous les marches d'Haiti, seulement ceux du dispositif de suivi.",WFP 2026,2026-07-26,,Seradot (Petit-Goave),SRC-011,WFP — Haiti Food Prices / Markets (CC BY-IGO),2026-07-26,2026-07-31,A,B,v1.2026.07
HTO-MAR-008044,Marché,Marché suivi pour les prix,Grand-Goave,Grand-Goave,,,8044,HTS-0123-01,HT01,HT0123,HT0123-01,18.42,-72.77,Oui,Point-dans-polygone sur les sections communales du CNIGS,"B — rattachement calculé par Atmart, non fourni par la source",Non,"Marches suivis par le PAM pour le releve des prix alimentaires. Ne recense pas tous les marches d'Haiti, seulement ceux du dispositif de suivi.",WFP 2026,2026-07-26,,,SRC-011,WFP — Haiti Food Prices / Markets (CC BY-IGO),2026-07-26,2026-07-31,A,B,v1.2026.07
HTO-MAR-011906,Marché,Marché suivi pour les prix,Boule,Boule,,,11906,HTS-0131-10,HT01,HT0131,HT0131-10,18.81,-72.28,Oui,Point-dans-polygone sur les sections communales du CNIGS,"B — rattachement calculé par Atmart, non fourni par la source",Non,"Marches suivis par le PAM pour le releve des prix alimentaires. Ne recense pas tous les marches d'Haiti, seulement ceux du dispositif de suivi.",WFP 2026,2026-07-26,,,SRC-011,WFP — Haiti Food Prices / Markets (CC BY-IGO),2026-07-26,2026-07-31,A,B,v1.2026.07
HTO-MAR-008052,Marché,Marché suivi pour les prix,Croix-Des-Bouquets,Croix-des-Bouquets,,,8052,HTS-0131-05,HT01,HT0131,HT0131-05,18.58,-72.22,Oui,Point-dans-polygone sur les sections communales du CNIGS,"B — rattachement calculé par Atmart, non fourni par la source",Non,"Marches suivis par le PAM pour le releve des prix alimentaires. Ne recense pas tous les marches d'Haiti, seulement ceux du dispositif de suivi.",WFP 2026,2026-07-26,,Croix-des-Bouquets,SRC-011,WFP — Haiti Food Prices / Markets (CC BY-IGO),2026-07-26,2026-07-31,A,B,v1.2026.07
HTO-MAR-011889,Marché,Marché suivi pour les prix,Croix-Des-Missions,Croix-des-missions,,,11889,HTS-0131-03,HT01,HT0131,HT0131-03,18.6,-72.28,Oui,Point-dans-polygone sur les sections communales du CNIGS,"B — rattachement calculé par Atmart, non fourni par la source",Non,"Marches suivis par le PAM pour le releve des prix alimentaires. Ne recense pas tous les marches d'Haiti, seulement ceux du dispositif de suivi.",WFP 2026,2026-07-26,,Croix-des-missions,SRC-011,WFP — Haiti Food Prices / Markets (CC BY-IGO),2026-07-26,2026-07-31,A,B,v1.2026.07
HTO-MAR-011894,Marché,Marché suivi pour les prix,Santo 15,Santo 15,,,11894,HTS-0131-02,HT01,HT0131,HT0131-02,18.6,-72.26,Oui,Point-dans-polygone sur les sections communales du CNIGS,"B — rattachement calculé par Atmart, non fourni par la source",Non,"Marches suivis par le PAM pour le releve des prix alimentaires. Ne recense pas tous les marches d'Haiti, seulement ceux du dispositif de suivi.",WFP 2026,2026-07-26,,,SRC-011,WFP — Haiti Food Prices / Markets (CC BY-IGO),2026-07-26,2026-07-31,A,B,v1.2026.07
HTO-MAR-008043,Marché,Marché suivi pour les prix,Thomazeau,Thomazeau,,,8043,HTS-0132-01,HT01,HT0132,HT0132-01,18.65,-72.1,Oui,Point-dans-polygone sur les sections communales du CNIGS,"B — rattachement calculé par Atmart, non fourni par la source",Non,"Marches suivis par le PAM pour le releve des prix alimentaires. Ne recense pas tous les marches d'Haiti, seulement ceux du dispositif de suivi.",WFP 2026,2026-07-26,,,SRC-011,WFP — Haiti Food Prices / Markets (CC BY-IGO),2026-07-26,2026-07-31,A,B,v1.2026.07
HTO-MAR-008038,Marché,Marché suivi pour les prix,Ganthier,Ganthier,,,8038,HTS-0133-05,HT01,HT0133,HT0133-05,18.53,-72.07,Oui,Point-dans-polygone sur les sections communales du CNIGS,"B — rattachement calculé par Atmart, non fourni par la source",Non,"Marches suivis par le PAM pour le releve des prix alimentaires. Ne recense pas tous les marches d'Haiti, seulement ceux du dispositif de suivi.",WFP 2026,2026-07-26,,,SRC-011,WFP — Haiti Food Prices / Markets (CC BY-IGO),2026-07-26,2026-07-31,A,B,v1.2026.07
HTO-MAR-008039,Marché,Marché suivi pour les prix,Cornillon / Grand-Bois,Cornillon / Grand-Bois,,,8039,HTS-0134-02,HT01,HT0134,HT0134-02,18.68,-71.95,Oui,Point-dans-polygone sur les sections communales du CNIGS,"B — rattachement calculé par Atmart, non fourni par la source",Non,"Marches suivis par le PAM pour le releve des prix alimentaires. Ne recense pas tous les marches d'Haiti, seulement ceux du dispositif de suivi.",WFP 2026,2026-07-26,,,SRC-011,WFP — Haiti Food Prices / Markets (CC BY-IGO),2026-07-26,2026-07-31,A,B,v1.2026.07
HTO-MAR-008037,Marché,Marché suivi pour les prix,Fonds-Verrettes,Fonds-Verrettes,,,8037,HTS-0135-01,HT01,HT0135,HT0135-01,18.39,-71.86,Oui,Point-dans-polygone sur les sections communales du CNIGS,"B — rattachement calculé par Atmart, non fourni par la source",Non,"Marches suivis par le PAM pour le releve des prix alimentaires. Ne recense pas tous les marches d'Haiti, seulement ceux du dispositif de suivi.",WFP 2026,2026-07-26,,,SRC-011,WFP — Haiti Food Prices / Markets (CC BY-IGO),2026-07-26,2026-07-31,A,B,v1.2026.07
HTO-MAR-008050,Marché,Marché suivi pour les prix,Arcahaie,Arcahaie,,,8050,HTS-0141-03,HT01,HT0141,HT0141-03,18.77,-72.51,Oui,Point-dans-polygone sur les sections communales du CNIGS,"B — rattachement calculé par Atmart, non fourni par la source",Non,"Marches suivis par le PAM pour le releve des prix alimentaires. Ne recense pas tous les marches d'Haiti, seulement ceux du dispositif de suivi.",WFP 2026,2026-07-26,,,SRC-011,WFP — Haiti Food Prices / Markets (CC BY-IGO),2026-07-26,2026-07-31,A,B,v1.2026.07
HTO-MAR-011899,Marché,Marché suivi pour les prix,Williamson,Williamson,,,11899,HTS-0141-03,HT01,HT0141,HT0141-03,18.84,-72.58,Oui,Point-dans-polygone sur les sections communales du CNIGS,"B — rattachement calculé par Atmart, non fourni par la source",Non,"Marches suivis par le PAM pour le releve des prix alimentaires. Ne recense pas tous les marches d'Haiti, seulement ceux du dispositif de suivi.",WFP 2026,2026-07-26,,,SRC-011,WFP — Haiti Food Prices / Markets (CC BY-IGO),2026-07-26,2026-07-31,A,B,v1.2026.07
HTO-MAR-008051,Marché,Marché suivi pour les prix,Cabaret,Cabaret,,,8051,HTS-0142-01,HT01,HT0142,HT0142-01,18.74,-72.42,Oui,Point-dans-polygone sur les sections communales du CNIGS,"B — rattachement calculé par Atmart, non fourni par la source",Non,"Marches suivis par le PAM pour le releve des prix alimentaires. Ne recense pas tous les marches d'Haiti, seulement ceux du dispositif de suivi.",WFP 2026,2026-07-26,,,SRC-011,WFP — Haiti Food Prices / Markets (CC BY-IGO),2026-07-26,2026-07-31,A,B,v1.2026.07
HTO-MAR-011909,Marché,Marché suivi pour les prix,Chili,Chili,,,11909,HTS-0142-01,HT01,HT0142,HT0142-01,18.77,-72.4,Oui,Point-dans-polygone sur les sections communales du CNIGS,"B — rattachement calculé par Atmart, non fourni par la source",Non,"Marches suivis par le PAM pour le releve des prix alimentaires. Ne recense pas tous les marches d'Haiti, seulement ceux du dispositif de suivi.",WFP 2026,2026-07-26,,,SRC-011,WFP — Haiti Food Prices / Markets (CC BY-IGO),2026-07-26,2026-07-31,A,B,v1.2026.07
HTO-MAR-007980,Marché,Marché suivi pour les prix,Anse À Galets,Anse à Galets,,,7980,HTS-0151-02,HT01,HT0151,HT0151-02,18.83,-72.87,Oui,Point-dans-polygone sur les sections communales du CNIGS,"B — rattachement calculé par Atmart, non fourni par la source",Non,"Marches suivis par le PAM pour le releve des prix alimentaires. Ne recense pas tous les marches d'Haiti, seulement ceux du dispositif de suivi.",WFP 2026,2026-07-26,,Anse à Galets,SRC-011,WFP — Haiti Food Prices / Markets (CC BY-IGO),2026-07-26,2026-07-31,A,B,v1.2026.07
HTO-MAR-007981,Marché,Marché suivi pour les prix,Pointe À Raquette,Pointe à Raquette,,,7981,HTS-0152-04,HT01,HT0152,HT0152-04,18.78,-73.06,Oui,Point-dans-polygone sur les sections communales du CNIGS,"B — rattachement calculé par Atmart, non fourni par la source",Non,"Marches suivis par le PAM pour le releve des prix alimentaires. Ne recense pas tous les marches d'Haiti, seulement ceux du dispositif de suivi.",WFP 2026,2026-07-26,,Pointe à Raquette,SRC-011,WFP — Haiti Food Prices / Markets (CC BY-IGO),2026-07-26,2026-07-31,A,B,v1.2026.07
HTO-MAR-008059,Marché,Marché suivi pour les prix,Fer Jacmel,Fer Jacmel,,,8059,HTS-0211-10,HT02,HT0211,HT0211-10,18.23,-72.54,Oui,Section communale la plus proche (6.0 km) — coordonnées PAM arrondies,B — rattachement calculé par proximité,Non,"Marches suivis par le PAM pour le releve des prix alimentaires. Ne recense pas tous les marches d'Haiti, seulement ceux du dispositif de suivi.",WFP 2026,2026-07-26,,,SRC-011,WFP — Haiti Food Prices / Markets (CC BY-IGO),2026-07-26,2026-07-31,A,B,v1.2026.07
HTO-MAR-000105,Marché,Marché suivi pour les prix,Jacmel,Jacmel,,,105,HTS-0211-01,HT02,HT0211,HT0211-01,18.23,-72.53,Oui,Point-dans-polygone sur les sections communales du CNIGS,"B — rattachement calculé par Atmart, non fourni par la source",Non,"Marches suivis par le PAM pour le releve des prix alimentaires. Ne recense pas tous les marches d'Haiti, seulement ceux du dispositif de suivi.",WFP 2026,2026-07-26,,,SRC-011,WFP — Haiti Food Prices / Markets (CC BY-IGO),2026-07-26,2026-07-31,A,B,v1.2026.07
HTO-MAR-008055,Marché,Marché suivi pour les prix,Marigot,Marigot,,,8055,HTS-0212-01,HT02,HT0212,HT0212-01,18.23,-72.33,Oui,Section communale la plus proche (5.3 km) — coordonnées PAM arrondies,B — rattachement calculé par proximité,Non,"Marches suivis par le PAM pour le releve des prix alimentaires. Ne recense pas tous les marches d'Haiti, seulement ceux du dispositif de suivi.",WFP 2026,2026-07-26,,,SRC-011,WFP — Haiti Food Prices / Markets (CC BY-IGO),2026-07-26,2026-07-31,A,B,v1.2026.07
HTO-MAR-008058,Marché,Marché suivi pour les prix,Cayes-Jacmel,Cayes-Jacmel,,,8058,HTS-0213-01,HT02,HT0213,HT0213-01,18.23,-72.4,Oui,Point-dans-polygone sur les sections communales du CNIGS,"B — rattachement calculé par Atmart, non fourni par la source",Non,"Marches suivis par le PAM pour le releve des prix alimentaires. Ne recense pas tous les marches d'Haiti, seulement ceux du dispositif de suivi.",WFP 2026,2026-07-26,,,SRC-011,WFP — Haiti Food Prices / Markets (CC BY-IGO),2026-07-26,2026-07-31,A,B,v1.2026.07
HTO-MAR-008060,Marché,Marché suivi pour les prix,Vallée,Vallée,,,8060,HTS-0214-01,HT02,HT0214,HT0214-01,18.27,-72.66,Oui,Point-dans-polygone sur les sections communales du CNIGS,"B — rattachement calculé par Atmart, non fourni par la source",Non,"Marches suivis par le PAM pour le releve des prix alimentaires. Ne recense pas tous les marches d'Haiti, seulement ceux du dispositif de suivi.",WFP 2026,2026-07-26,,,SRC-011,WFP — Haiti Food Prices / Markets (CC BY-IGO),2026-07-26,2026-07-31,A,B,v1.2026.07
HTO-MAR-008061,Marché,Marché suivi pour les prix,Bainet,Bainet,,,8061,HTS-0221-09,HT02,HT0221,HT0221-09,18.18,-72.76,Oui,Point-dans-polygone sur les sections communales du CNIGS,"B — rattachement calculé par Atmart, non fourni par la source",Non,"Marches suivis par le PAM pour le releve des prix alimentaires. Ne recense pas tous les marches d'Haiti, seulement ceux du dispositif de suivi.",WFP 2026,2026-07-26,,,SRC-011,WFP — Haiti Food Prices / Markets (CC BY-IGO),2026-07-26,2026-07-31,A,B,v1.2026.07
HTO-MAR-007977,Marché,Marché suivi pour les prix,Belle Anse,Belle Anse,,,7977,HTS-0231-05,HT02,HT0231,HT0231-05,18.24,-72.07,Oui,Point-dans-polygone sur les sections communales du CNIGS,"B — rattachement calculé par Atmart, non fourni par la source",Non,"Marches suivis par le PAM pour le releve des prix alimentaires. Ne recense pas tous les marches d'Haiti, seulement ceux du dispositif de suivi.",WFP 2026,2026-07-26,,,SRC-011,WFP — Haiti Food Prices / Markets (CC BY-IGO),2026-07-26,2026-07-31,A,B,v1.2026.07
HTO-MAR-007978,Marché,Marché suivi pour les prix,Mapou,Mapou,,,7978,HTS-0231-07,HT02,HT0231,HT0231-07,18.26,-71.95,Oui,Point-dans-polygone sur les sections communales du CNIGS,"B — rattachement calculé par Atmart, non fourni par la source",Non,"Marches suivis par le PAM pour le releve des prix alimentaires. Ne recense pas tous les marches d'Haiti, seulement ceux du dispositif de suivi.",WFP 2026,2026-07-26,,,SRC-011,WFP — Haiti Food Prices / Markets (CC BY-IGO),2026-07-26,2026-07-31,A,B,v1.2026.07
HTO-MAR-007979,Marché,Marché suivi pour les prix,Grand Gosier,Grand Gosier,,,7979,HTS-0232-01,HT02,HT0232,HT0232-01,18.19,-71.92,Oui,Point-dans-polygone sur les sections communales du CNIGS,"B — rattachement calculé par Atmart, non fourni par la source",Non,"Marches suivis par le PAM pour le releve des prix alimentaires. Ne recense pas tous les marches d'Haiti, seulement ceux du dispositif de suivi.",WFP 2026,2026-07-26,,,SRC-011,WFP — Haiti Food Prices / Markets (CC BY-IGO),2026-07-26,2026-07-31,A,B,v1.2026.07
HTO-MAR-008054,Marché,Marché suivi pour les prix,Thiotte,Thiotte,,,8054,HTS-0233-01,HT02,HT0233,HT0233-01,18.25,-71.84,Oui,Point-dans-polygone sur les sections communales du CNIGS,"B — rattachement calculé par Atmart, non fourni par la source",Non,"Marches suivis par le PAM pour le releve des prix alimentaires. Ne recense pas tous les marches d'Haiti, seulement ceux du dispositif de suivi.",WFP 2026,2026-07-26,,,SRC-011,WFP — Haiti Food Prices / Markets (CC BY-IGO),2026-07-26,2026-07-31,A,B,v1.2026.07
HTO-MAR-008057,Marché,Marché suivi pour les prix,Anse-À-Pître,Anse-à-Pître,,,8057,HTS-0234-01,HT02,HT0234,HT0234-01,18.04,-71.76,Oui,Point-dans-polygone sur les sections communales du CNIGS,"B — rattachement calculé par Atmart, non fourni par la source",Non,"Marches suivis par le PAM pour le releve des prix alimentaires. Ne recense pas tous les marches d'Haiti, seulement ceux du dispositif de suivi.",WFP 2026,2026-07-26,,Anse-à-Pître,SRC-011,WFP — Haiti Food Prices / Markets (CC BY-IGO),2026-07-26,2026-07-31,A,B,v1.2026.07
HTO-MAR-000107,Marché,Marché suivi pour les prix,Cap-Haïtien,Cap-Haïtien,,,107,HTS-0311-02,HT03,HT0311,HT0311-02,19.76,-72.2,Oui,Point-dans-polygone sur les sections communales du CNIGS,"B — rattachement calculé par Atmart, non fourni par la source",Non,"Marches suivis par le PAM pour le releve des prix alimentaires. Ne recense pas tous les marches d'Haiti, seulement ceux du dispositif de suivi.",WFP 2026,2026-07-26,,,SRC-011,WFP — Haiti Food Prices / Markets (CC BY-IGO),2026-07-26,2026-07-31,A,B,v1.2026.07
HTO-MAR-008065,Marché,Marché suivi pour les prix,Cluny,Cluny,,,8065,HTS-0311-02,HT03,HT0311,HT0311-02,19.76,-72.2,Oui,Point-dans-polygone sur les sections communales du CNIGS,"B — rattachement calculé par Atmart, non fourni par la source",Non,"Marches suivis par le PAM pour le releve des prix alimentaires. Ne recense pas tous les marches d'Haiti, seulement ceux du dispositif de suivi.",WFP 2026,2026-07-26,,,SRC-011,WFP — Haiti Food Prices / Markets (CC BY-IGO),2026-07-26,2026-07-31,A,B,v1.2026.07
HTO-MAR-008067,Marché,Marché suivi pour les prix,Quartier Morin,Quartier Morin,,,8067,HTS-0312-01,HT03,HT0312,HT0312-01,19.7,-72.16,Oui,Point-dans-polygone sur les sections communales du CNIGS,"B — rattachement calculé par Atmart, non fourni par la source",Non,"Marches suivis par le PAM pour le releve des prix alimentaires. Ne recense pas tous les marches d'Haiti, seulement ceux du dispositif de suivi.",WFP 2026,2026-07-26,,,SRC-011,WFP — Haiti Food Prices / Markets (CC BY-IGO),2026-07-26,2026-07-31,A,B,v1.2026.07
HTO-MAR-008072,Marché,Marché suivi pour les prix,Limonade,Limonade,,,8072,HTS-0313-03,HT03,HT0313,HT0313-03,19.67,-72.12,Oui,Point-dans-polygone sur les sections communales du CNIGS,"B — rattachement calculé par Atmart, non fourni par la source",Non,"Marches suivis par le PAM pour le releve des prix alimentaires. Ne recense pas tous les marches d'Haiti, seulement ceux du dispositif de suivi.",WFP 2026,2026-07-26,,,SRC-011,WFP — Haiti Food Prices / Markets (CC BY-IGO),2026-07-26,2026-07-31,A,B,v1.2026.07
HTO-MAR-008077,Marché,Marché suivi pour les prix,Acul du Nord,Acul Du Nord,,,8077,HTS-0321-02,HT03,HT0321,HT0321-02,19.68,-72.32,Oui,Point-dans-polygone sur les sections communales du CNIGS,"B — rattachement calculé par Atmart, non fourni par la source",Non,"Marches suivis par le PAM pour le releve des prix alimentaires. Ne recense pas tous les marches d'Haiti, seulement ceux du dispositif de suivi.",WFP 2026,2026-07-26,,Acul Du Nord,SRC-011,WFP — Haiti Food Prices / Markets (CC BY-IGO),2026-07-26,2026-07-31,A,B,v1.2026.07
HTO-MAR-008071,Marché,Marché suivi pour les prix,Bas Limbe,Bas Limbe,,,8071,HTS-0321-01,HT03,HT0321,HT0321-01,19.74,-72.35,Oui,Point-dans-polygone sur les sections communales du CNIGS,"B — rattachement calculé par Atmart, non fourni par la source",Non,"Marches suivis par le PAM pour le releve des prix alimentaires. Ne recense pas tous les marches d'Haiti, seulement ceux du dispositif de suivi.",WFP 2026,2026-07-26,,,SRC-011,WFP — Haiti Food Prices / Markets (CC BY-IGO),2026-07-26,2026-07-31,A,B,v1.2026.07
HTO-MAR-008076,Marché,Marché suivi pour les prix,Plaine du Nord,Plaine Du Nord,,,8076,HTS-0322-02,HT03,HT0322,HT0322-02,19.68,-72.27,Oui,Point-dans-polygone sur les sections communales du CNIGS,"B — rattachement calculé par Atmart, non fourni par la source",Non,"Marches suivis par le PAM pour le releve des prix alimentaires. Ne recense pas tous les marches d'Haiti, seulement ceux du dispositif de suivi.",WFP 2026,2026-07-26,,Plaine Du Nord,SRC-011,WFP — Haiti Food Prices / Markets (CC BY-IGO),2026-07-26,2026-07-31,A,B,v1.2026.07
HTO-MAR-008066,Marché,Marché suivi pour les prix,Milot,Milot,,,8066,HTS-0323-02,HT03,HT0323,HT0323-02,19.61,-72.22,Oui,Point-dans-polygone sur les sections communales du CNIGS,"B — rattachement calculé par Atmart, non fourni par la source",Non,"Marches suivis par le PAM pour le releve des prix alimentaires. Ne recense pas tous les marches d'Haiti, seulement ceux du dispositif de suivi.",WFP 2026,2026-07-26,,,SRC-011,WFP — Haiti Food Prices / Markets (CC BY-IGO),2026-07-26,2026-07-31,A,B,v1.2026.07
HTO-MAR-007987,Marché,Marché suivi pour les prix,Grande Riviere du Nord,Grande Riviere du Nord,,,7987,HTS-0331-06,HT03,HT0331,HT0331-06,19.58,-72.17,Oui,Point-dans-polygone sur les sections communales du CNIGS,"B — rattachement calculé par Atmart, non fourni par la source",Non,"Marches suivis par le PAM pour le releve des prix alimentaires. Ne recense pas tous les marches d'Haiti, seulement ceux du dispositif de suivi.",WFP 2026,2026-07-26,,,SRC-011,WFP — Haiti Food Prices / Markets (CC BY-IGO),2026-07-26,2026-07-31,A,B,v1.2026.07
HTO-MAR-008073,Marché,Marché suivi pour les prix,Bahon,Bahon,,,8073,HTS-0332-01,HT03,HT0332,HT0332-01,19.47,-72.11,Oui,Point-dans-polygone sur les sections communales du CNIGS,"B — rattachement calculé par Atmart, non fourni par la source",Non,"Marches suivis par le PAM pour le releve des prix alimentaires. Ne recense pas tous les marches d'Haiti, seulement ceux du dispositif de suivi.",WFP 2026,2026-07-26,,,SRC-011,WFP — Haiti Food Prices / Markets (CC BY-IGO),2026-07-26,2026-07-31,A,B,v1.2026.07
HTO-MAR-008075,Marché,Marché suivi pour les prix,Saint-Raphaël,Saint-Raphaël,,,8075,HTS-0341-04,HT03,HT0341,HT0341-04,19.44,-72.2,Oui,Point-dans-polygone sur les sections communales du CNIGS,"B — rattachement calculé par Atmart, non fourni par la source",Non,"Marches suivis par le PAM pour le releve des prix alimentaires. Ne recense pas tous les marches d'Haiti, seulement ceux du dispositif de suivi.",WFP 2026,2026-07-26,,,SRC-011,WFP — Haiti Food Prices / Markets (CC BY-IGO),2026-07-26,2026-07-31,A,B,v1.2026.07
HTO-MAR-008063,Marché,Marché suivi pour les prix,Dondon,Dondon,,,8063,HTS-0342-04,HT03,HT0342,HT0342-04,19.53,-72.24,Oui,Point-dans-polygone sur les sections communales du CNIGS,"B — rattachement calculé par Atmart, non fourni par la source",Non,"Marches suivis par le PAM pour le releve des prix alimentaires. Ne recense pas tous les marches d'Haiti, seulement ceux du dispositif de suivi.",WFP 2026,2026-07-26,,,SRC-011,WFP — Haiti Food Prices / Markets (CC BY-IGO),2026-07-26,2026-07-31,A,B,v1.2026.07
HTO-MAR-007986,Marché,Marché suivi pour les prix,Ranquitte,Ranquitte,,,7986,HTS-0343-01,HT03,HT0343,HT0343-01,19.41,-72.08,Oui,Point-dans-polygone sur les sections communales du CNIGS,"B — rattachement calculé par Atmart, non fourni par la source",Non,"Marches suivis par le PAM pour le releve des prix alimentaires. Ne recense pas tous les marches d'Haiti, seulement ceux du dispositif de suivi.",WFP 2026,2026-07-26,,,SRC-011,WFP — Haiti Food Prices / Markets (CC BY-IGO),2026-07-26,2026-07-31,A,B,v1.2026.07
HTO-MAR-007985,Marché,Marché suivi pour les prix,Pignon,Pignon,,,7985,HTS-0344-01,HT03,HT0344,HT0344-01,19.34,-72.12,Oui,Point-dans-polygone sur les sections communales du CNIGS,"B — rattachement calculé par Atmart, non fourni par la source",Non,"Marches suivis par le PAM pour le releve des prix alimentaires. Ne recense pas tous les marches d'Haiti, seulement ceux du dispositif de suivi.",WFP 2026,2026-07-26,,,SRC-011,WFP — Haiti Food Prices / Markets (CC BY-IGO),2026-07-26,2026-07-31,A,B,v1.2026.07
HTO-MAR-008064,Marché,Marché suivi pour les prix,Victoire,Victoire,,,8064,HTS-0345-01,HT03,HT0345,HT0345-01,19.34,-72.02,Oui,Point-dans-polygone sur les sections communales du CNIGS,"B — rattachement calculé par Atmart, non fourni par la source",Non,"Marches suivis par le PAM pour le releve des prix alimentaires. Ne recense pas tous les marches d'Haiti, seulement ceux du dispositif de suivi.",WFP 2026,2026-07-26,,,SRC-011,WFP — Haiti Food Prices / Markets (CC BY-IGO),2026-07-26,2026-07-31,A,B,v1.2026.07
HTO-MAR-008070,Marché,Marché suivi pour les prix,Borgne,Borgne,,,8070,HTS-0351-07,HT03,HT0351,HT0351-07,19.85,-72.52,Oui,Section communale la plus proche (1.8 km) — coordonnées PAM arrondies,B — rattachement calculé par proximité,Non,"Marches suivis par le PAM pour le releve des prix alimentaires. Ne recense pas tous les marches d'Haiti, seulement ceux du dispositif de suivi.",WFP 2026,2026-07-26,,,SRC-011,WFP — Haiti Food Prices / Markets (CC BY-IGO),2026-07-26,2026-07-31,A,B,v1.2026.07
HTO-MAR-008074,Marché,Marché suivi pour les prix,Port Margot,Port Margot,,,8074,HTS-0352-02,HT03,HT0352,HT0352-02,19.75,-72.43,Oui,Point-dans-polygone sur les sections communales du CNIGS,"B — rattachement calculé par Atmart, non fourni par la source",Non,"Marches suivis par le PAM pour le releve des prix alimentaires. Ne recense pas tous les marches d'Haiti, seulement ceux du dispositif de suivi.",WFP 2026,2026-07-26,,,SRC-011,WFP — Haiti Food Prices / Markets (CC BY-IGO),2026-07-26,2026-07-31,A,B,v1.2026.07
HTO-MAR-008068,Marché,Marché suivi pour les prix,Limbe,Limbe,,,8068,HTS-0361-05,HT03,HT0361,HT0361-05,19.7,-72.4,Oui,Point-dans-polygone sur les sections communales du CNIGS,"B — rattachement calculé par Atmart, non fourni par la source",Non,"Marches suivis par le PAM pour le releve des prix alimentaires. Ne recense pas tous les marches d'Haiti, seulement ceux du dispositif de suivi.",WFP 2026,2026-07-26,,,SRC-011,WFP — Haiti Food Prices / Markets (CC BY-IGO),2026-07-26,2026-07-31,A,B,v1.2026.07
HTO-MAR-008062,Marché,Marché suivi pour les prix,Plaisance,Plaisance,,,8062,HTS-0371-07,HT03,HT0371,HT0371-07,19.6,-72.47,Oui,Point-dans-polygone sur les sections communales du CNIGS,"B — rattachement calculé par Atmart, non fourni par la source",Non,"Marches suivis par le PAM pour le releve des prix alimentaires. Ne recense pas tous les marches d'Haiti, seulement ceux du dispositif de suivi.",WFP 2026,2026-07-26,,,SRC-011,WFP — Haiti Food Prices / Markets (CC BY-IGO),2026-07-26,2026-07-31,A,B,v1.2026.07
HTO-MAR-008069,Marché,Marché suivi pour les prix,Pilate,Pilate,,,8069,HTS-0372-01,HT03,HT0372,HT0372-01,19.67,-72.55,Oui,Point-dans-polygone sur les sections communales du CNIGS,"B — rattachement calculé par Atmart, non fourni par la source",Non,"Marches suivis par le PAM pour le releve des prix alimentaires. Ne recense pas tous les marches d'Haiti, seulement ceux du dispositif de suivi.",WFP 2026,2026-07-26,,,SRC-011,WFP — Haiti Food Prices / Markets (CC BY-IGO),2026-07-26,2026-07-31,A,B,v1.2026.07
HTO-MAR-007970,Marché,Marché suivi pour les prix,Fort-Liberté,Fort-Liberté,,,7970,HTS-0411-01,HT04,HT0411,HT0411-01,19.66,-71.84,Oui,Point-dans-polygone sur les sections communales du CNIGS,"B — rattachement calculé par Atmart, non fourni par la source",Non,"Marches suivis par le PAM pour le releve des prix alimentaires. Ne recense pas tous les marches d'Haiti, seulement ceux du dispositif de suivi.",WFP 2026,2026-07-26,,,SRC-011,WFP — Haiti Food Prices / Markets (CC BY-IGO),2026-07-26,2026-07-31,A,B,v1.2026.07
HTO-MAR-008079,Marché,Marché suivi pour les prix,Ferrier,Ferrier,,,8079,HTS-0412-01,HT04,HT0412,HT0412-01,19.62,-71.77,Oui,Point-dans-polygone sur les sections communales du CNIGS,"B — rattachement calculé par Atmart, non fourni par la source",Non,"Marches suivis par le PAM pour le releve des prix alimentaires. Ne recense pas tous les marches d'Haiti, seulement ceux du dispositif de suivi.",WFP 2026,2026-07-26,,,SRC-011,WFP — Haiti Food Prices / Markets (CC BY-IGO),2026-07-26,2026-07-31,A,B,v1.2026.07
HTO-MAR-007972,Marché,Marché suivi pour les prix,Perches,Perches,,,7972,HTS-0413-02,HT04,HT0413,HT0413-02,19.53,-71.93,Oui,Point-dans-polygone sur les sections communales du CNIGS,"B — rattachement calculé par Atmart, non fourni par la source",Non,"Marches suivis par le PAM pour le releve des prix alimentaires. Ne recense pas tous les marches d'Haiti, seulement ceux du dispositif de suivi.",WFP 2026,2026-07-26,,,SRC-011,WFP — Haiti Food Prices / Markets (CC BY-IGO),2026-07-26,2026-07-31,A,B,v1.2026.07
HTO-MAR-008080,Marché,Marché suivi pour les prix,Marché de Ouanaminthe,Marché de Ouanaminthe,,,8080,HTS-0421-01,HT04,HT0421,HT0421-01,19.55,-71.73,Oui,Point-dans-polygone sur les sections communales du CNIGS,"B — rattachement calculé par Atmart, non fourni par la source",Non,"Marches suivis par le PAM pour le releve des prix alimentaires. Ne recense pas tous les marches d'Haiti, seulement ceux du dispositif de suivi.",WFP 2026,2026-07-26,,,SRC-011,WFP — Haiti Food Prices / Markets (CC BY-IGO),2026-07-26,2026-07-31,A,B,v1.2026.07
HTO-MAR-000108,Marché,Marché suivi pour les prix,Ouanaminthe,Ouanaminthe,,,108,HTS-0421-01,HT04,HT0421,HT0421-01,19.55,-71.73,Oui,Point-dans-polygone sur les sections communales du CNIGS,"B — rattachement calculé par Atmart, non fourni par la source",Non,"Marches suivis par le PAM pour le releve des prix alimentaires. Ne recense pas tous les marches d'Haiti, seulement ceux du dispositif de suivi.",WFP 2026,2026-07-26,,,SRC-011,WFP — Haiti Food Prices / Markets (CC BY-IGO),2026-07-26,2026-07-31,A,B,v1.2026.07
HTO-MAR-008083,Marché,Marché suivi pour les prix,Capotille,Capotille,,,8083,HTS-0422-01,HT04,HT0422,HT0422-01,19.44,-71.69,Oui,Point-dans-polygone sur les sections communales du CNIGS,"B — rattachement calculé par Atmart, non fourni par la source",Non,"Marches suivis par le PAM pour le releve des prix alimentaires. Ne recense pas tous les marches d'Haiti, seulement ceux du dispositif de suivi.",WFP 2026,2026-07-26,,,SRC-011,WFP — Haiti Food Prices / Markets (CC BY-IGO),2026-07-26,2026-07-31,A,B,v1.2026.07
HTO-MAR-007971,Marché,Marché suivi pour les prix,Mont-Organise,Mont-Organise,,,7971,HTS-0423-01,HT04,HT0423,HT0423-01,19.41,-71.78,Oui,Point-dans-polygone sur les sections communales du CNIGS,"B — rattachement calculé par Atmart, non fourni par la source",Non,"Marches suivis par le PAM pour le releve des prix alimentaires. Ne recense pas tous les marches d'Haiti, seulement ceux du dispositif de suivi.",WFP 2026,2026-07-26,,,SRC-011,WFP — Haiti Food Prices / Markets (CC BY-IGO),2026-07-26,2026-07-31,A,B,v1.2026.07
HTO-MAR-008078,Marché,Marché suivi pour les prix,Trou du Nord,Trou Du Nord,,,8078,HTS-0431-01,HT04,HT0431,HT0431-01,19.62,-72.02,Oui,Point-dans-polygone sur les sections communales du CNIGS,"B — rattachement calculé par Atmart, non fourni par la source",Non,"Marches suivis par le PAM pour le releve des prix alimentaires. Ne recense pas tous les marches d'Haiti, seulement ceux du dispositif de suivi.",WFP 2026,2026-07-26,,Trou Du Nord,SRC-011,WFP — Haiti Food Prices / Markets (CC BY-IGO),2026-07-26,2026-07-31,A,B,v1.2026.07
HTO-MAR-007969,Marché,Marché suivi pour les prix,Sainte Suzane,Sainte Suzane,,,7969,HTS-0432-02,HT04,HT0432,HT0432-02,19.58,-72.09,Oui,Point-dans-polygone sur les sections communales du CNIGS,"B — rattachement calculé par Atmart, non fourni par la source",Non,"Marches suivis par le PAM pour le releve des prix alimentaires. Ne recense pas tous les marches d'Haiti, seulement ceux du dispositif de suivi.",WFP 2026,2026-07-26,,,SRC-011,WFP — Haiti Food Prices / Markets (CC BY-IGO),2026-07-26,2026-07-31,A,B,v1.2026.07
HTO-MAR-008081,Marché,Marché suivi pour les prix,Terrier Rouge,Terrier Rouge,,,8081,HTS-0433-01,HT04,HT0433,HT0433-01,19.63,-71.96,Oui,Point-dans-polygone sur les sections communales du CNIGS,"B — rattachement calculé par Atmart, non fourni par la source",Non,"Marches suivis par le PAM pour le releve des prix alimentaires. Ne recense pas tous les marches d'Haiti, seulement ceux du dispositif de suivi.",WFP 2026,2026-07-26,,,SRC-011,WFP — Haiti Food Prices / Markets (CC BY-IGO),2026-07-26,2026-07-31,A,B,v1.2026.07
HTO-MAR-008082,Marché,Marché suivi pour les prix,Caracol,Caracol,,,8082,HTS-0434-01,HT04,HT0434,HT0434-01,19.69,-72.02,Oui,Point-dans-polygone sur les sections communales du CNIGS,"B — rattachement calculé par Atmart, non fourni par la source",Non,"Marches suivis par le PAM pour le releve des prix alimentaires. Ne recense pas tous les marches d'Haiti, seulement ceux du dispositif de suivi.",WFP 2026,2026-07-26,,,SRC-011,WFP — Haiti Food Prices / Markets (CC BY-IGO),2026-07-26,2026-07-31,A,B,v1.2026.07
HTO-MAR-007973,Marché,Marché suivi pour les prix,Valieres,Valieres,,,7973,HTS-0441-01,HT04,HT0441,HT0441-01,19.43,-71.92,Oui,Point-dans-polygone sur les sections communales du CNIGS,"B — rattachement calculé par Atmart, non fourni par la source",Non,"Marches suivis par le PAM pour le releve des prix alimentaires. Ne recense pas tous les marches d'Haiti, seulement ceux du dispositif de suivi.",WFP 2026,2026-07-26,,,SRC-011,WFP — Haiti Food Prices / Markets (CC BY-IGO),2026-07-26,2026-07-31,A,B,v1.2026.07
HTO-MAR-008084,Marché,Marché suivi pour les prix,Carice,Carice,,,8084,HTS-0442-01,HT04,HT0442,HT0442-01,19.38,-71.83,Oui,Point-dans-polygone sur les sections communales du CNIGS,"B — rattachement calculé par Atmart, non fourni par la source",Non,"Marches suivis par le PAM pour le releve des prix alimentaires. Ne recense pas tous les marches d'Haiti, seulement ceux du dispositif de suivi.",WFP 2026,2026-07-26,,,SRC-011,WFP — Haiti Food Prices / Markets (CC BY-IGO),2026-07-26,2026-07-31,A,B,v1.2026.07
HTO-MAR-007968,Marché,Marché suivi pour les prix,Mombin Crochu,Mombin Crochu,,,7968,HTS-0443-01,HT04,HT0443,HT0443-01,19.37,-71.98,Oui,Point-dans-polygone sur les sections communales du CNIGS,"B — rattachement calculé par Atmart, non fourni par la source",Non,"Marches suivis par le PAM pour le releve des prix alimentaires. Ne recense pas tous les marches d'Haiti, seulement ceux du dispositif de suivi.",WFP 2026,2026-07-26,,,SRC-011,WFP — Haiti Food Prices / Markets (CC BY-IGO),2026-07-26,2026-07-31,A,B,v1.2026.07
HTO-MAR-000103,Marché,Marché suivi pour les prix,Gonaives,Gonaives,,,103,HTS-0511-01,HT05,HT0511,HT0511-01,19.45,-72.68,Oui,Point-dans-polygone sur les sections communales du CNIGS,"B — rattachement calculé par Atmart, non fourni par la source",Non,"Marches suivis par le PAM pour le releve des prix alimentaires. Ne recense pas tous les marches d'Haiti, seulement ceux du dispositif de suivi.",WFP 2026,2026-07-26,,,SRC-011,WFP — Haiti Food Prices / Markets (CC BY-IGO),2026-07-26,2026-07-31,A,B,v1.2026.07
HTO-MAR-008091,Marché,Marché suivi pour les prix,Marché de Gonaives,Marché de Gonaives,,,8091,HTS-0511-01,HT05,HT0511,HT0511-01,19.45,-72.69,Oui,Point-dans-polygone sur les sections communales du CNIGS,"B — rattachement calculé par Atmart, non fourni par la source",Non,"Marches suivis par le PAM pour le releve des prix alimentaires. Ne recense pas tous les marches d'Haiti, seulement ceux du dispositif de suivi.",WFP 2026,2026-07-26,,,SRC-011,WFP — Haiti Food Prices / Markets (CC BY-IGO),2026-07-26,2026-07-31,A,B,v1.2026.07
HTO-MAR-011900,Marché,Marché suivi pour les prix,Poteaux,Poteaux,,,11900,HTS-0511-04,HT05,HT0511,HT0511-04,19.52,-72.62,Oui,Point-dans-polygone sur les sections communales du CNIGS,"B — rattachement calculé par Atmart, non fourni par la source",Non,"Marches suivis par le PAM pour le releve des prix alimentaires. Ne recense pas tous les marches d'Haiti, seulement ceux du dispositif de suivi.",WFP 2026,2026-07-26,,,SRC-011,WFP — Haiti Food Prices / Markets (CC BY-IGO),2026-07-26,2026-07-31,A,B,v1.2026.07
HTO-MAR-007975,Marché,Marché suivi pour les prix,Ennery,Ennery,,,7975,HTS-0512-04,HT05,HT0512,HT0512-04,19.48,-72.48,Oui,Point-dans-polygone sur les sections communales du CNIGS,"B — rattachement calculé par Atmart, non fourni par la source",Non,"Marches suivis par le PAM pour le releve des prix alimentaires. Ne recense pas tous les marches d'Haiti, seulement ceux du dispositif de suivi.",WFP 2026,2026-07-26,,,SRC-011,WFP — Haiti Food Prices / Markets (CC BY-IGO),2026-07-26,2026-07-31,A,B,v1.2026.07
HTO-MAR-008088,Marché,Marché suivi pour les prix,L'estère,L'Estère,,,8088,HTS-0513-01,HT05,HT0513,HT0513-01,19.3,-72.61,Oui,Point-dans-polygone sur les sections communales du CNIGS,"B — rattachement calculé par Atmart, non fourni par la source",Non,"Marches suivis par le PAM pour le releve des prix alimentaires. Ne recense pas tous les marches d'Haiti, seulement ceux du dispositif de suivi.",WFP 2026,2026-07-26,,L'Estère,SRC-011,WFP — Haiti Food Prices / Markets (CC BY-IGO),2026-07-26,2026-07-31,A,B,v1.2026.07
HTO-MAR-007974,Marché,Marché suivi pour les prix,Gros Morne,Gros Morne,,,7974,HTS-0521-03,HT05,HT0521,HT0521-03,19.67,-72.68,Oui,Point-dans-polygone sur les sections communales du CNIGS,"B — rattachement calculé par Atmart, non fourni par la source",Non,"Marches suivis par le PAM pour le releve des prix alimentaires. Ne recense pas tous les marches d'Haiti, seulement ceux du dispositif de suivi.",WFP 2026,2026-07-26,,,SRC-011,WFP — Haiti Food Prices / Markets (CC BY-IGO),2026-07-26,2026-07-31,A,B,v1.2026.07
HTO-MAR-011901,Marché,Marché suivi pour les prix,Moulin,Moulin,,,11901,HTS-0522-01,HT05,HT0522,HT0522-01,19.63,-72.76,Oui,Point-dans-polygone sur les sections communales du CNIGS,"B — rattachement calculé par Atmart, non fourni par la source",Non,"Marches suivis par le PAM pour le releve des prix alimentaires. Ne recense pas tous les marches d'Haiti, seulement ceux du dispositif de suivi.",WFP 2026,2026-07-26,,,SRC-011,WFP — Haiti Food Prices / Markets (CC BY-IGO),2026-07-26,2026-07-31,A,B,v1.2026.07
HTO-MAR-008095,Marché,Marché suivi pour les prix,Terre Neuve,Terre Neuve,,,8095,HTS-0522-02,HT05,HT0522,HT0522-02,19.6,-72.78,Oui,Point-dans-polygone sur les sections communales du CNIGS,"B — rattachement calculé par Atmart, non fourni par la source",Non,"Marches suivis par le PAM pour le releve des prix alimentaires. Ne recense pas tous les marches d'Haiti, seulement ceux du dispositif de suivi.",WFP 2026,2026-07-26,,,SRC-011,WFP — Haiti Food Prices / Markets (CC BY-IGO),2026-07-26,2026-07-31,A,B,v1.2026.07
HTO-MAR-008086,Marché,Marché suivi pour les prix,Anse Rouge,Anse Rouge,,,8086,HTS-0523-01,HT05,HT0523,HT0523-01,19.63,-73.06,Oui,Section communale la plus proche (7.1 km) — coordonnées PAM arrondies,B — rattachement calculé par proximité,Non,"Marches suivis par le PAM pour le releve des prix alimentaires. Ne recense pas tous les marches d'Haiti, seulement ceux du dispositif de suivi.",WFP 2026,2026-07-26,,,SRC-011,WFP — Haiti Food Prices / Markets (CC BY-IGO),2026-07-26,2026-07-31,A,B,v1.2026.07
HTO-MAR-011904,Marché,Marché suivi pour les prix,Pont Sonde,Pont Sonde,,,11904,HTS-0531-05,HT05,HT0531,HT0531-05,19.15,-72.61,Oui,Point-dans-polygone sur les sections communales du CNIGS,"B — rattachement calculé par Atmart, non fourni par la source",Non,"Marches suivis par le PAM pour le releve des prix alimentaires. Ne recense pas tous les marches d'Haiti, seulement ceux du dispositif de suivi.",WFP 2026,2026-07-26,,,SRC-011,WFP — Haiti Food Prices / Markets (CC BY-IGO),2026-07-26,2026-07-31,A,B,v1.2026.07
HTO-MAR-008096,Marché,Marché suivi pour les prix,Saint-Marc,Saint-Marc,,,8096,HTS-0531-06,HT05,HT0531,HT0531-06,19.11,-72.7,Oui,Point-dans-polygone sur les sections communales du CNIGS,"B — rattachement calculé par Atmart, non fourni par la source",Non,"Marches suivis par le PAM pour le releve des prix alimentaires. Ne recense pas tous les marches d'Haiti, seulement ceux du dispositif de suivi.",WFP 2026,2026-07-26,,,SRC-011,WFP — Haiti Food Prices / Markets (CC BY-IGO),2026-07-26,2026-07-31,A,B,v1.2026.07
HTO-MAR-011903,Marché,Marché suivi pour les prix,Desarmes,Desarmes,,,11903,HTS-0532-04,HT05,HT0532,HT0532-04,18.99,-72.39,Oui,Point-dans-polygone sur les sections communales du CNIGS,"B — rattachement calculé par Atmart, non fourni par la source",Non,"Marches suivis par le PAM pour le releve des prix alimentaires. Ne recense pas tous les marches d'Haiti, seulement ceux du dispositif de suivi.",WFP 2026,2026-07-26,,,SRC-011,WFP — Haiti Food Prices / Markets (CC BY-IGO),2026-07-26,2026-07-31,A,B,v1.2026.07
HTO-MAR-008092,Marché,Marché suivi pour les prix,Verrettes,Verrettes,,,8092,HTS-0532-04,HT05,HT0532,HT0532-04,19.05,-72.46,Oui,Point-dans-polygone sur les sections communales du CNIGS,"B — rattachement calculé par Atmart, non fourni par la source",Non,"Marches suivis par le PAM pour le releve des prix alimentaires. Ne recense pas tous les marches d'Haiti, seulement ceux du dispositif de suivi.",WFP 2026,2026-07-26,,,SRC-011,WFP — Haiti Food Prices / Markets (CC BY-IGO),2026-07-26,2026-07-31,A,B,v1.2026.07
HTO-MAR-008085,Marché,Marché suivi pour les prix,Chapelle,Chapelle,,,8085,HTS-0533-01,HT05,HT0533,HT0533-01,18.91,-72.31,Oui,Point-dans-polygone sur les sections communales du CNIGS,"B — rattachement calculé par Atmart, non fourni par la source",Non,"Marches suivis par le PAM pour le releve des prix alimentaires. Ne recense pas tous les marches d'Haiti, seulement ceux du dispositif de suivi.",WFP 2026,2026-07-26,,,SRC-011,WFP — Haiti Food Prices / Markets (CC BY-IGO),2026-07-26,2026-07-31,A,B,v1.2026.07
HTO-MAR-008094,Marché,Marché suivi pour les prix,Dessalines,Dessalines,,,8094,HTS-0541-03,HT05,HT0541,HT0541-03,19.26,-72.52,Oui,Point-dans-polygone sur les sections communales du CNIGS,"B — rattachement calculé par Atmart, non fourni par la source",Non,"Marches suivis par le PAM pour le releve des prix alimentaires. Ne recense pas tous les marches d'Haiti, seulement ceux du dispositif de suivi.",WFP 2026,2026-07-26,,,SRC-011,WFP — Haiti Food Prices / Markets (CC BY-IGO),2026-07-26,2026-07-31,A,B,v1.2026.07
HTO-MAR-008093,Marché,Marché suivi pour les prix,Petite Rivière de L'artibonite,Petite Rivière de l'Artibonite,,,8093,HTS-0542-03,HT05,HT0542,HT0542-03,19.12,-72.48,Oui,Point-dans-polygone sur les sections communales du CNIGS,"B — rattachement calculé par Atmart, non fourni par la source",Non,"Marches suivis par le PAM pour le releve des prix alimentaires. Ne recense pas tous les marches d'Haiti, seulement ceux du dispositif de suivi.",WFP 2026,2026-07-26,,Petite Rivière de l'Artibonite,SRC-011,WFP — Haiti Food Prices / Markets (CC BY-IGO),2026-07-26,2026-07-31,A,B,v1.2026.07
HTO-MAR-011902,Marché,Marché suivi pour les prix,Plassac,Plassac,,,11902,HTS-0542-03,HT05,HT0542,HT0542-03,19.06,-72.4,Oui,Point-dans-polygone sur les sections communales du CNIGS,"B — rattachement calculé par Atmart, non fourni par la source",Non,"Marches suivis par le PAM pour le releve des prix alimentaires. Ne recense pas tous les marches d'Haiti, seulement ceux du dispositif de suivi.",WFP 2026,2026-07-26,,,SRC-011,WFP — Haiti Food Prices / Markets (CC BY-IGO),2026-07-26,2026-07-31,A,B,v1.2026.07
HTO-MAR-008090,Marché,Marché suivi pour les prix,Grande Saline,Grande Saline,,,8090,HTS-0543-01,HT05,HT0543,HT0543-01,19.25,-72.77,Oui,Point-dans-polygone sur les sections communales du CNIGS,"B — rattachement calculé par Atmart, non fourni par la source",Non,"Marches suivis par le PAM pour le releve des prix alimentaires. Ne recense pas tous les marches d'Haiti, seulement ceux du dispositif de suivi.",WFP 2026,2026-07-26,,,SRC-011,WFP — Haiti Food Prices / Markets (CC BY-IGO),2026-07-26,2026-07-31,A,B,v1.2026.07
HTO-MAR-008087,Marché,Marché suivi pour les prix,Desdunes,Desdunes,,,8087,HTS-0544-01,HT05,HT0544,HT0544-01,19.29,-72.64,Oui,Point-dans-polygone sur les sections communales du CNIGS,"B — rattachement calculé par Atmart, non fourni par la source",Non,"Marches suivis par le PAM pour le releve des prix alimentaires. Ne recense pas tous les marches d'Haiti, seulement ceux du dispositif de suivi.",WFP 2026,2026-07-26,,,SRC-011,WFP — Haiti Food Prices / Markets (CC BY-IGO),2026-07-26,2026-07-31,A,B,v1.2026.07
HTO-MAR-007976,Marché,Marché suivi pour les prix,Saint-Michel,Saint-Michel,,,7976,HTS-0551-08,HT05,HT0551,HT0551-08,19.37,-72.33,Oui,Point-dans-polygone sur les sections communales du CNIGS,"B — rattachement calculé par Atmart, non fourni par la source",Non,"Marches suivis par le PAM pour le releve des prix alimentaires. Ne recense pas tous les marches d'Haiti, seulement ceux du dispositif de suivi.",WFP 2026,2026-07-26,,,SRC-011,WFP — Haiti Food Prices / Markets (CC BY-IGO),2026-07-26,2026-07-31,A,B,v1.2026.07
HTO-MAR-008089,Marché,Marché suivi pour les prix,Marmelade,Marmelade,,,8089,HTS-0552-01,HT05,HT0552,HT0552-01,19.52,-72.36,Oui,Point-dans-polygone sur les sections communales du CNIGS,"B — rattachement calculé par Atmart, non fourni par la source",Non,"Marches suivis par le PAM pour le releve des prix alimentaires. Ne recense pas tous les marches d'Haiti, seulement ceux du dispositif de suivi.",WFP 2026,2026-07-26,,,SRC-011,WFP — Haiti Food Prices / Markets (CC BY-IGO),2026-07-26,2026-07-31,A,B,v1.2026.07
HTO-MAR-000104,Marché,Marché suivi pour les prix,Hinche,Hinche,,,104,HTS-0611-04,HT06,HT0611,HT0611-04,19.15,-72.02,Oui,Point-dans-polygone sur les sections communales du CNIGS,"B — rattachement calculé par Atmart, non fourni par la source",Non,"Marches suivis par le PAM pour le releve des prix alimentaires. Ne recense pas tous les marches d'Haiti, seulement ceux du dispositif de suivi.",WFP 2026,2026-07-26,,,SRC-011,WFP — Haiti Food Prices / Markets (CC BY-IGO),2026-07-26,2026-07-31,A,B,v1.2026.07
HTO-MAR-008103,Marché,Marché suivi pour les prix,Marché de Hinche,Marché de Hinche,,,8103,HTS-0611-01,HT06,HT0611,HT0611-01,19.15,-72.01,Oui,Point-dans-polygone sur les sections communales du CNIGS,"B — rattachement calculé par Atmart, non fourni par la source",Non,"Marches suivis par le PAM pour le releve des prix alimentaires. Ne recense pas tous les marches d'Haiti, seulement ceux du dispositif de suivi.",WFP 2026,2026-07-26,,,SRC-011,WFP — Haiti Food Prices / Markets (CC BY-IGO),2026-07-26,2026-07-31,A,B,v1.2026.07
HTO-MAR-007989,Marché,Marché suivi pour les prix,Maissade,Maissade,,,7989,HTS-0612-01,HT06,HT0612,HT0612-01,19.18,-72.14,Oui,Point-dans-polygone sur les sections communales du CNIGS,"B — rattachement calculé par Atmart, non fourni par la source",Non,"Marches suivis par le PAM pour le releve des prix alimentaires. Ne recense pas tous les marches d'Haiti, seulement ceux du dispositif de suivi.",WFP 2026,2026-07-26,,,SRC-011,WFP — Haiti Food Prices / Markets (CC BY-IGO),2026-07-26,2026-07-31,A,B,v1.2026.07
HTO-MAR-007991,Marché,Marché suivi pour les prix,Thomonde,Thomonde,,,7991,HTS-0612-01,HT06,HT0612,HT0612-01,19.18,-72.14,Oui,Point-dans-polygone sur les sections communales du CNIGS,"B — rattachement calculé par Atmart, non fourni par la source",Non,"Marches suivis par le PAM pour le releve des prix alimentaires. Ne recense pas tous les marches d'Haiti, seulement ceux du dispositif de suivi.",WFP 2026,2026-07-26,,,SRC-011,WFP — Haiti Food Prices / Markets (CC BY-IGO),2026-07-26,2026-07-31,A,B,v1.2026.07
HTO-MAR-011908,Marché,Marché suivi pour les prix,Casse,Casse,,,11908,HTS-0613-04,HT06,HT0613,HT0613-04,18.94,-71.91,Oui,Point-dans-polygone sur les sections communales du CNIGS,"B — rattachement calculé par Atmart, non fourni par la source",Non,"Marches suivis par le PAM pour le releve des prix alimentaires. Ne recense pas tous les marches d'Haiti, seulement ceux du dispositif de suivi.",WFP 2026,2026-07-26,,,SRC-011,WFP — Haiti Food Prices / Markets (CC BY-IGO),2026-07-26,2026-07-31,A,B,v1.2026.07
HTO-MAR-007992,Marché,Marché suivi pour les prix,Cerca Carvajal,Cerca Carvajal,,,7992,HTS-0614-01,HT06,HT0614,HT0614-01,19.27,-71.93,Oui,Point-dans-polygone sur les sections communales du CNIGS,"B — rattachement calculé par Atmart, non fourni par la source",Non,"Marches suivis par le PAM pour le releve des prix alimentaires. Ne recense pas tous les marches d'Haiti, seulement ceux du dispositif de suivi.",WFP 2026,2026-07-26,,,SRC-011,WFP — Haiti Food Prices / Markets (CC BY-IGO),2026-07-26,2026-07-31,A,B,v1.2026.07
HTO-MAR-008097,Marché,Marché suivi pour les prix,Saut-D'eau,Saut-D'eau,,,8097,HTS-0622-01,HT06,HT0622,HT0622-01,18.81,-72.2,Oui,Point-dans-polygone sur les sections communales du CNIGS,"B — rattachement calculé par Atmart, non fourni par la source",Non,"Marches suivis par le PAM pour le releve des prix alimentaires. Ne recense pas tous les marches d'Haiti, seulement ceux du dispositif de suivi.",WFP 2026,2026-07-26,,,SRC-011,WFP — Haiti Food Prices / Markets (CC BY-IGO),2026-07-26,2026-07-31,A,B,v1.2026.07
HTO-MAR-008102,Marché,Marché suivi pour les prix,Boucan Carré,Boucan Carré,,,8102,HTS-0623-02,HT06,HT0623,HT0623-02,18.92,-72.15,Oui,Point-dans-polygone sur les sections communales du CNIGS,"B — rattachement calculé par Atmart, non fourni par la source",Non,"Marches suivis par le PAM pour le releve des prix alimentaires. Ne recense pas tous les marches d'Haiti, seulement ceux du dispositif de suivi.",WFP 2026,2026-07-26,,,SRC-011,WFP — Haiti Food Prices / Markets (CC BY-IGO),2026-07-26,2026-07-31,A,B,v1.2026.07
HTO-MAR-011905,Marché,Marché suivi pour les prix,Difaily,Difaily,,,11905,HTS-0623-03,HT06,HT0623,HT0623-03,18.91,-72.09,Oui,Point-dans-polygone sur les sections communales du CNIGS,"B — rattachement calculé par Atmart, non fourni par la source",Non,"Marches suivis par le PAM pour le releve des prix alimentaires. Ne recense pas tous les marches d'Haiti, seulement ceux du dispositif de suivi.",WFP 2026,2026-07-26,,,SRC-011,WFP — Haiti Food Prices / Markets (CC BY-IGO),2026-07-26,2026-07-31,A,B,v1.2026.07
HTO-MAR-008100,Marché,Marché suivi pour les prix,Paskannot,Paskannot,,,8100,HTS-0623-03,HT06,HT0623,HT0623-03,18.84,-72.1,Oui,Point-dans-polygone sur les sections communales du CNIGS,"B — rattachement calculé par Atmart, non fourni par la source",Non,"Marches suivis par le PAM pour le releve des prix alimentaires. Ne recense pas tous les marches d'Haiti, seulement ceux du dispositif de suivi.",WFP 2026,2026-07-26,,,SRC-011,WFP — Haiti Food Prices / Markets (CC BY-IGO),2026-07-26,2026-07-31,A,B,v1.2026.07
HTO-MAR-008104,Marché,Marché suivi pour les prix,Lascahobas,Lascahobas,,,8104,HTS-0631-02,HT06,HT0631,HT0631-02,18.83,-71.94,Oui,Point-dans-polygone sur les sections communales du CNIGS,"B — rattachement calculé par Atmart, non fourni par la source",Non,"Marches suivis par le PAM pour le releve des prix alimentaires. Ne recense pas tous les marches d'Haiti, seulement ceux du dispositif de suivi.",WFP 2026,2026-07-26,,,SRC-011,WFP — Haiti Food Prices / Markets (CC BY-IGO),2026-07-26,2026-07-31,A,B,v1.2026.07
HTO-MAR-008098,Marché,Marché suivi pour les prix,Croix Fer,Croix fer,,,8098,HTS-0632-01,HT06,HT0632,HT0632-01,18.85,-71.81,Oui,Point-dans-polygone sur les sections communales du CNIGS,"B — rattachement calculé par Atmart, non fourni par la source",Non,"Marches suivis par le PAM pour le releve des prix alimentaires. Ne recense pas tous les marches d'Haiti, seulement ceux du dispositif de suivi.",WFP 2026,2026-07-26,,Croix fer,SRC-011,WFP — Haiti Food Prices / Markets (CC BY-IGO),2026-07-26,2026-07-31,A,B,v1.2026.07
HTO-MAR-011907,Marché,Marché suivi pour les prix,Dumarsais Estime,Dumarsais Estime,,,11907,HTS-0632-01,HT06,HT0632,HT0632-01,18.87,-71.76,Oui,Point-dans-polygone sur les sections communales du CNIGS,"B — rattachement calculé par Atmart, non fourni par la source",Non,"Marches suivis par le PAM pour le releve des prix alimentaires. Ne recense pas tous les marches d'Haiti, seulement ceux du dispositif de suivi.",WFP 2026,2026-07-26,,,SRC-011,WFP — Haiti Food Prices / Markets (CC BY-IGO),2026-07-26,2026-07-31,A,B,v1.2026.07
HTO-MAR-008099,Marché,Marché suivi pour les prix,Savanette,Savanette,,,8099,HTS-0633-02,HT06,HT0633,HT0633-02,18.74,-71.82,Oui,Point-dans-polygone sur les sections communales du CNIGS,"B — rattachement calculé par Atmart, non fourni par la source",Non,"Marches suivis par le PAM pour le releve des prix alimentaires. Ne recense pas tous les marches d'Haiti, seulement ceux du dispositif de suivi.",WFP 2026,2026-07-26,,,SRC-011,WFP — Haiti Food Prices / Markets (CC BY-IGO),2026-07-26,2026-07-31,A,B,v1.2026.07
HTO-MAR-007988,Marché,Marché suivi pour les prix,Cerca la Source,Cerca La Source,,,7988,HTS-0641-02,HT06,HT0641,HT0641-02,19.17,-71.79,Oui,Point-dans-polygone sur les sections communales du CNIGS,"B — rattachement calculé par Atmart, non fourni par la source",Non,"Marches suivis par le PAM pour le releve des prix alimentaires. Ne recense pas tous les marches d'Haiti, seulement ceux du dispositif de suivi.",WFP 2026,2026-07-26,,Cerca La Source,SRC-011,WFP — Haiti Food Prices / Markets (CC BY-IGO),2026-07-26,2026-07-31,A,B,v1.2026.07
HTO-MAR-008101,Marché,Marché suivi pour les prix,Thomassique,Thomassique,,,8101,HTS-0642-02,HT06,HT0642,HT0642-02,19.08,-71.84,Oui,Point-dans-polygone sur les sections communales du CNIGS,"B — rattachement calculé par Atmart, non fourni par la source",Non,"Marches suivis par le PAM pour le releve des prix alimentaires. Ne recense pas tous les marches d'Haiti, seulement ceux du dispositif de suivi.",WFP 2026,2026-07-26,,,SRC-011,WFP — Haiti Food Prices / Markets (CC BY-IGO),2026-07-26,2026-07-31,A,B,v1.2026.07
HTO-MAR-000102,Marché,Marché suivi pour les prix,Cayes,Cayes,,,102,HTS-0711-01,HT07,HT0711,HT0711-01,18.2,-73.75,Oui,Point-dans-polygone sur les sections communales du CNIGS,"B — rattachement calculé par Atmart, non fourni par la source",Non,"Marches suivis par le PAM pour le releve des prix alimentaires. Ne recense pas tous les marches d'Haiti, seulement ceux du dispositif de suivi.",WFP 2026,2026-07-26,,,SRC-011,WFP — Haiti Food Prices / Markets (CC BY-IGO),2026-07-26,2026-07-31,A,B,v1.2026.07
HTO-MAR-006129,Marché,Marché suivi pour les prix,Les Cayes,Les Cayes,,,6129,HTS-0711-01,HT07,HT0711,HT0711-01,18.2,-73.75,Oui,Point-dans-polygone sur les sections communales du CNIGS,"B — rattachement calculé par Atmart, non fourni par la source",Non,"Marches suivis par le PAM pour le releve des prix alimentaires. Ne recense pas tous les marches d'Haiti, seulement ceux du dispositif de suivi.",WFP 2026,2026-07-26,,,SRC-011,WFP — Haiti Food Prices / Markets (CC BY-IGO),2026-07-26,2026-07-31,A,B,v1.2026.07
HTO-MAR-007984,Marché,Marché suivi pour les prix,Ducis (chantal),Ducis (Chantal),,,7984,HTS-0712-02,HT07,HT0712,HT0712-02,18.23,-73.88,Oui,Point-dans-polygone sur les sections communales du CNIGS,"B — rattachement calculé par Atmart, non fourni par la source",Non,"Marches suivis par le PAM pour le releve des prix alimentaires. Ne recense pas tous les marches d'Haiti, seulement ceux du dispositif de suivi.",WFP 2026,2026-07-26,,Ducis (Chantal),SRC-011,WFP — Haiti Food Prices / Markets (CC BY-IGO),2026-07-26,2026-07-31,A,B,v1.2026.07
HTO-MAR-008106,Marché,Marché suivi pour les prix,Marche Arniquet,Marche Arniquet,,,8106,HTS-0712-01,HT07,HT0712,HT0712-01,18.15,-73.87,Oui,Point-dans-polygone sur les sections communales du CNIGS,"B — rattachement calculé par Atmart, non fourni par la source",Non,"Marches suivis par le PAM pour le releve des prix alimentaires. Ne recense pas tous les marches d'Haiti, seulement ceux du dispositif de suivi.",WFP 2026,2026-07-26,,,SRC-011,WFP — Haiti Food Prices / Markets (CC BY-IGO),2026-07-26,2026-07-31,A,B,v1.2026.07
HTO-MAR-006132,Marché,Marché suivi pour les prix,Torbeck,Torbeck,,,6132,HTS-0712-01,HT07,HT0712,HT0712-01,18.16,-73.81,Oui,Point-dans-polygone sur les sections communales du CNIGS,"B — rattachement calculé par Atmart, non fourni par la source",Non,"Marches suivis par le PAM pour le releve des prix alimentaires. Ne recense pas tous les marches d'Haiti, seulement ceux du dispositif de suivi.",WFP 2026,2026-07-26,,,SRC-011,WFP — Haiti Food Prices / Markets (CC BY-IGO),2026-07-26,2026-07-31,A,B,v1.2026.07
HTO-MAR-008111,Marché,Marché suivi pour les prix,Chantal,Chantal,,,8111,HTS-0713-02,HT07,HT0713,HT0713-02,18.2,-73.89,Oui,Point-dans-polygone sur les sections communales du CNIGS,"B — rattachement calculé par Atmart, non fourni par la source",Non,"Marches suivis par le PAM pour le releve des prix alimentaires. Ne recense pas tous les marches d'Haiti, seulement ceux du dispositif de suivi.",WFP 2026,2026-07-26,,,SRC-011,WFP — Haiti Food Prices / Markets (CC BY-IGO),2026-07-26,2026-07-31,A,B,v1.2026.07
HTO-MAR-006135,Marché,Marché suivi pour les prix,Camp-Perrin,Camp-Perrin,,,6135,HTS-0714-03,HT07,HT0714,HT0714-03,18.32,-73.87,Oui,Point-dans-polygone sur les sections communales du CNIGS,"B — rattachement calculé par Atmart, non fourni par la source",Non,"Marches suivis par le PAM pour le releve des prix alimentaires. Ne recense pas tous les marches d'Haiti, seulement ceux du dispositif de suivi.",WFP 2026,2026-07-26,,,SRC-011,WFP — Haiti Food Prices / Markets (CC BY-IGO),2026-07-26,2026-07-31,A,B,v1.2026.07
HTO-MAR-006136,Marché,Marché suivi pour les prix,Maniche,Maniche,,,6136,HTS-0715-03,HT07,HT0715,HT0715-03,18.35,-73.78,Oui,Point-dans-polygone sur les sections communales du CNIGS,"B — rattachement calculé par Atmart, non fourni par la source",Non,"Marches suivis par le PAM pour le releve des prix alimentaires. Ne recense pas tous les marches d'Haiti, seulement ceux du dispositif de suivi.",WFP 2026,2026-07-26,,,SRC-011,WFP — Haiti Food Prices / Markets (CC BY-IGO),2026-07-26,2026-07-31,A,B,v1.2026.07
HTO-MAR-008110,Marché,Marché suivi pour les prix,Ile a Vache,Ile A Vache,,,8110,HTS-0716-01,HT07,HT0716,HT0716-01,18.09,-73.65,Oui,Section communale la plus proche (4.4 km) — coordonnées PAM arrondies,B — rattachement calculé par proximité,Non,"Marches suivis par le PAM pour le releve des prix alimentaires. Ne recense pas tous les marches d'Haiti, seulement ceux du dispositif de suivi.",WFP 2026,2026-07-26,,Ile A Vache,SRC-011,WFP — Haiti Food Prices / Markets (CC BY-IGO),2026-07-26,2026-07-31,A,B,v1.2026.07
HTO-MAR-007983,Marché,Marché suivi pour les prix,Port-Salut,Port-Salut,,,7983,HTS-0721-01,HT07,HT0721,HT0721-01,18.09,-73.92,Oui,Point-dans-polygone sur les sections communales du CNIGS,"B — rattachement calculé par Atmart, non fourni par la source",Non,"Marches suivis par le PAM pour le releve des prix alimentaires. Ne recense pas tous les marches d'Haiti, seulement ceux du dispositif de suivi.",WFP 2026,2026-07-26,,,SRC-011,WFP — Haiti Food Prices / Markets (CC BY-IGO),2026-07-26,2026-07-31,A,B,v1.2026.07
HTO-MAR-006131,Marché,Marché suivi pour les prix,Saint Jean du Sud,Saint Jean du Sud,,,6131,HTS-0722-03,HT07,HT0722,HT0722-03,18.08,-73.81,Oui,Section communale la plus proche (3.4 km) — coordonnées PAM arrondies,B — rattachement calculé par proximité,Non,"Marches suivis par le PAM pour le releve des prix alimentaires. Ne recense pas tous les marches d'Haiti, seulement ceux du dispositif de suivi.",WFP 2026,2026-07-26,,,SRC-011,WFP — Haiti Food Prices / Markets (CC BY-IGO),2026-07-26,2026-07-31,A,B,v1.2026.07
HTO-MAR-006133,Marché,Marché suivi pour les prix,Arniquet,Arniquet,,,6133,HTS-0723-03,HT07,HT0723,HT0723-03,18.15,-73.88,Oui,Point-dans-polygone sur les sections communales du CNIGS,"B — rattachement calculé par Atmart, non fourni par la source",Non,"Marches suivis par le PAM pour le releve des prix alimentaires. Ne recense pas tous les marches d'Haiti, seulement ceux du dispositif de suivi.",WFP 2026,2026-07-26,,,SRC-011,WFP — Haiti Food Prices / Markets (CC BY-IGO),2026-07-26,2026-07-31,A,B,v1.2026.07
HTO-MAR-006134,Marché,Marché suivi pour les prix,Aquin,Aquin,,,6134,HTS-0731-03,HT07,HT0731,HT0731-03,18.28,-73.4,Oui,Point-dans-polygone sur les sections communales du CNIGS,"B — rattachement calculé par Atmart, non fourni par la source",Non,"Marches suivis par le PAM pour le releve des prix alimentaires. Ne recense pas tous les marches d'Haiti, seulement ceux du dispositif de suivi.",WFP 2026,2026-07-26,,,SRC-011,WFP — Haiti Food Prices / Markets (CC BY-IGO),2026-07-26,2026-07-31,A,B,v1.2026.07
HTO-MAR-008056,Marché,Marché suivi pour les prix,Cote-De-Fer,Cote-De-Fer,,,8056,HTS-0731-07,HT07,HT0731,HT0731-07,18.19,-73.01,Oui,Point-dans-polygone sur les sections communales du CNIGS,"B — rattachement calculé par Atmart, non fourni par la source",Non,"Marches suivis par le PAM pour le releve des prix alimentaires. Ne recense pas tous les marches d'Haiti, seulement ceux du dispositif de suivi.",WFP 2026,2026-07-26,,,SRC-011,WFP — Haiti Food Prices / Markets (CC BY-IGO),2026-07-26,2026-07-31,A,B,v1.2026.07
HTO-MAR-006137,Marché,Marché suivi pour les prix,Marche de Aquin,Marche de Aquin,,,6137,HTS-0731-05,HT07,HT0731,HT0731-05,18.28,-73.39,Oui,Section communale la plus proche (4.1 km) — coordonnées PAM arrondies,B — rattachement calculé par proximité,Non,"Marches suivis par le PAM pour le releve des prix alimentaires. Ne recense pas tous les marches d'Haiti, seulement ceux du dispositif de suivi.",WFP 2026,2026-07-26,,,SRC-011,WFP — Haiti Food Prices / Markets (CC BY-IGO),2026-07-26,2026-07-31,A,B,v1.2026.07
HTO-MAR-006138,Marché,Marché suivi pour les prix,Saint Louis,Saint Louis,,,6138,HTS-0732-03,HT07,HT0732,HT0732-03,18.26,-73.55,Oui,Section communale la plus proche (3.4 km) — coordonnées PAM arrondies,B — rattachement calculé par proximité,Non,"Marches suivis par le PAM pour le releve des prix alimentaires. Ne recense pas tous les marches d'Haiti, seulement ceux du dispositif de suivi.",WFP 2026,2026-07-26,,,SRC-011,WFP — Haiti Food Prices / Markets (CC BY-IGO),2026-07-26,2026-07-31,A,B,v1.2026.07
HTO-MAR-006130,Marché,Marché suivi pour les prix,Cavaillon,Cavaillon,,,6130,HTS-0733-02,HT07,HT0733,HT0733-02,18.3,-73.66,Oui,Point-dans-polygone sur les sections communales du CNIGS,"B — rattachement calculé par Atmart, non fourni par la source",Non,"Marches suivis par le PAM pour le releve des prix alimentaires. Ne recense pas tous les marches d'Haiti, seulement ceux du dispositif de suivi.",WFP 2026,2026-07-26,,,SRC-011,WFP — Haiti Food Prices / Markets (CC BY-IGO),2026-07-26,2026-07-31,A,B,v1.2026.07
HTO-MAR-008108,Marché,Marché suivi pour les prix,Coteaux,Coteaux,,,8108,HTS-0741-02,HT07,HT0741,HT0741-02,18.21,-74.04,Oui,Point-dans-polygone sur les sections communales du CNIGS,"B — rattachement calculé par Atmart, non fourni par la source",Non,"Marches suivis par le PAM pour le releve des prix alimentaires. Ne recense pas tous les marches d'Haiti, seulement ceux du dispositif de suivi.",WFP 2026,2026-07-26,,,SRC-011,WFP — Haiti Food Prices / Markets (CC BY-IGO),2026-07-26,2026-07-31,A,B,v1.2026.07
HTO-MAR-008105,Marché,Marché suivi pour les prix,Port-A-Piment,Port-A-Piment,,,8105,HTS-0742-01,HT07,HT0742,HT0742-01,18.25,-74.1,Oui,Point-dans-polygone sur les sections communales du CNIGS,"B — rattachement calculé par Atmart, non fourni par la source",Non,"Marches suivis par le PAM pour le releve des prix alimentaires. Ne recense pas tous les marches d'Haiti, seulement ceux du dispositif de suivi.",WFP 2026,2026-07-26,,,SRC-011,WFP — Haiti Food Prices / Markets (CC BY-IGO),2026-07-26,2026-07-31,A,B,v1.2026.07
HTO-MAR-008107,Marché,Marché suivi pour les prix,Roche À Bâteau,Roche à Bâteau,,,8107,HTS-0743-01,HT07,HT0743,HT0743-01,18.18,-74.0,Oui,Point-dans-polygone sur les sections communales du CNIGS,"B — rattachement calculé par Atmart, non fourni par la source",Non,"Marches suivis par le PAM pour le releve des prix alimentaires. Ne recense pas tous les marches d'Haiti, seulement ceux du dispositif de suivi.",WFP 2026,2026-07-26,,Roche à Bâteau,SRC-011,WFP — Haiti Food Prices / Markets (CC BY-IGO),2026-07-26,2026-07-31,A,B,v1.2026.07
HTO-MAR-006128,Marché,Marché suivi pour les prix,Chardonnieres,Chardonnieres,,,6128,HTS-0751-03,HT07,HT0751,HT0751-03,18.28,-74.17,Oui,Section communale la plus proche (2.2 km) — coordonnées PAM arrondies,B — rattachement calculé par proximité,Non,"Marches suivis par le PAM pour le releve des prix alimentaires. Ne recense pas tous les marches d'Haiti, seulement ceux du dispositif de suivi.",WFP 2026,2026-07-26,,,SRC-011,WFP — Haiti Food Prices / Markets (CC BY-IGO),2026-07-26,2026-07-31,A,B,v1.2026.07
HTO-MAR-006127,Marché,Marché suivi pour les prix,Anglais,Anglais,,,6127,HTS-0752-03,HT07,HT0752,HT0752-03,18.31,-74.22,Oui,Point-dans-polygone sur les sections communales du CNIGS,"B — rattachement calculé par Atmart, non fourni par la source",Non,"Marches suivis par le PAM pour le releve des prix alimentaires. Ne recense pas tous les marches d'Haiti, seulement ceux du dispositif de suivi.",WFP 2026,2026-07-26,,,SRC-011,WFP — Haiti Food Prices / Markets (CC BY-IGO),2026-07-26,2026-07-31,A,B,v1.2026.07
HTO-MAR-008109,Marché,Marché suivi pour les prix,Marché de Tiburon,Marché de Tiburon,,,8109,HTS-0753-03,HT07,HT0753,HT0753-03,18.33,-74.4,Oui,Section communale la plus proche (3.1 km) — coordonnées PAM arrondies,B — rattachement calculé par proximité,Non,"Marches suivis par le PAM pour le releve des prix alimentaires. Ne recense pas tous les marches d'Haiti, seulement ceux du dispositif de suivi.",WFP 2026,2026-07-26,,,SRC-011,WFP — Haiti Food Prices / Markets (CC BY-IGO),2026-07-26,2026-07-31,A,B,v1.2026.07
HTO-MAR-000106,Marché,Marché suivi pour les prix,Jérémie,Jérémie,,,106,HTS-0811-01,HT08,HT0811,HT0811-01,18.62,-74.08,Oui,Section communale la plus proche (3.6 km) — coordonnées PAM arrondies,B — rattachement calculé par proximité,Non,"Marches suivis par le PAM pour le releve des prix alimentaires. Ne recense pas tous les marches d'Haiti, seulement ceux du dispositif de suivi.",WFP 2026,2026-07-26,,,SRC-011,WFP — Haiti Food Prices / Markets (CC BY-IGO),2026-07-26,2026-07-31,A,B,v1.2026.07
HTO-MAR-006023,Marché,Marché suivi pour les prix,Leon,Leon,,,6023,HTS-0811-02,HT08,HT0811,HT0811-02,18.55,-74.11,Oui,Point-dans-polygone sur les sections communales du CNIGS,"B — rattachement calculé par Atmart, non fourni par la source",Non,"Marches suivis par le PAM pour le releve des prix alimentaires. Ne recense pas tous les marches d'Haiti, seulement ceux du dispositif de suivi.",WFP 2026,2026-07-26,,,SRC-011,WFP — Haiti Food Prices / Markets (CC BY-IGO),2026-07-26,2026-07-31,A,B,v1.2026.07
HTO-MAR-006014,Marché,Marché suivi pour les prix,Marche de Jeremie,Marche de Jeremie,,,6014,HTS-0811-08,HT08,HT0811,HT0811-08,18.65,-74.11,Oui,Section communale la plus proche (6.6 km) — coordonnées PAM arrondies,B — rattachement calculé par proximité,Non,"Marches suivis par le PAM pour le releve des prix alimentaires. Ne recense pas tous les marches d'Haiti, seulement ceux du dispositif de suivi.",WFP 2026,2026-07-26,,,SRC-011,WFP — Haiti Food Prices / Markets (CC BY-IGO),2026-07-26,2026-07-31,A,B,v1.2026.07
HTO-MAR-006022,Marché,Marché suivi pour les prix,Marfranc,Marfranc,,,6022,HTS-0811-06,HT08,HT0811,HT0811-06,18.58,-74.22,Oui,Point-dans-polygone sur les sections communales du CNIGS,"B — rattachement calculé par Atmart, non fourni par la source",Non,"Marches suivis par le PAM pour le releve des prix alimentaires. Ne recense pas tous les marches d'Haiti, seulement ceux du dispositif de suivi.",WFP 2026,2026-07-26,,,SRC-011,WFP — Haiti Food Prices / Markets (CC BY-IGO),2026-07-26,2026-07-31,A,B,v1.2026.07
HTO-MAR-010805,Marché,Marché suivi pour les prix,Previle,Previle,,,10805,HTS-0811-03,HT08,HT0811,HT0811-03,18.54,-74.16,Oui,Point-dans-polygone sur les sections communales du CNIGS,"B — rattachement calculé par Atmart, non fourni par la source",Non,"Marches suivis par le PAM pour le releve des prix alimentaires. Ne recense pas tous les marches d'Haiti, seulement ceux du dispositif de suivi.",WFP 2026,2026-07-26,,,SRC-011,WFP — Haiti Food Prices / Markets (CC BY-IGO),2026-07-26,2026-07-31,A,B,v1.2026.07
HTO-MAR-006019,Marché,Marché suivi pour les prix,Abricots,Abricots,,,6019,HTS-0812-02,HT08,HT0812,HT0812-02,18.65,-74.31,Oui,Section communale la plus proche (4.1 km) — coordonnées PAM arrondies,B — rattachement calculé par proximité,Non,"Marches suivis par le PAM pour le releve des prix alimentaires. Ne recense pas tous les marches d'Haiti, seulement ceux du dispositif de suivi.",WFP 2026,2026-07-26,,,SRC-011,WFP — Haiti Food Prices / Markets (CC BY-IGO),2026-07-26,2026-07-31,A,B,v1.2026.07
HTO-MAR-006017,Marché,Marché suivi pour les prix,Bonbon,Bonbon,,,6017,HTS-0813-01,HT08,HT0813,HT0813-01,18.67,-74.25,Oui,Section communale la plus proche (4.4 km) — coordonnées PAM arrondies,B — rattachement calculé par proximité,Non,"Marches suivis par le PAM pour le releve des prix alimentaires. Ne recense pas tous les marches d'Haiti, seulement ceux du dispositif de suivi.",WFP 2026,2026-07-26,,,SRC-011,WFP — Haiti Food Prices / Markets (CC BY-IGO),2026-07-26,2026-07-31,A,B,v1.2026.07
HTO-MAR-006016,Marché,Marché suivi pour les prix,Moron,Moron,,,6016,HTS-0814-01,HT08,HT0814,HT0814-01,18.56,-74.26,Oui,Point-dans-polygone sur les sections communales du CNIGS,"B — rattachement calculé par Atmart, non fourni par la source",Non,"Marches suivis par le PAM pour le releve des prix alimentaires. Ne recense pas tous les marches d'Haiti, seulement ceux du dispositif de suivi.",WFP 2026,2026-07-26,,,SRC-011,WFP — Haiti Food Prices / Markets (CC BY-IGO),2026-07-26,2026-07-31,A,B,v1.2026.07
HTO-MAR-006015,Marché,Marché suivi pour les prix,Chambellan,Chambellan,,,6015,HTS-0815-01,HT08,HT0815,HT0815-01,18.55,-74.31,Oui,Point-dans-polygone sur les sections communales du CNIGS,"B — rattachement calculé par Atmart, non fourni par la source",Non,"Marches suivis par le PAM pour le releve des prix alimentaires. Ne recense pas tous les marches d'Haiti, seulement ceux du dispositif de suivi.",WFP 2026,2026-07-26,,,SRC-011,WFP — Haiti Food Prices / Markets (CC BY-IGO),2026-07-26,2026-07-31,A,B,v1.2026.07
HTO-MAR-006013,Marché,Marché suivi pour les prix,Anse D'hainault,Anse d'Hainault,,,6013,HTS-0821-01,HT08,HT0821,HT0821-01,18.49,-74.45,Oui,Point-dans-polygone sur les sections communales du CNIGS,"B — rattachement calculé par Atmart, non fourni par la source",Non,"Marches suivis par le PAM pour le releve des prix alimentaires. Ne recense pas tous les marches d'Haiti, seulement ceux du dispositif de suivi.",WFP 2026,2026-07-26,,Anse d'Hainault,SRC-011,WFP — Haiti Food Prices / Markets (CC BY-IGO),2026-07-26,2026-07-31,A,B,v1.2026.07
HTO-MAR-006020,Marché,Marché suivi pour les prix,Dame Marie,Dame Marie,,,6020,HTS-0822-03,HT08,HT0822,HT0822-03,18.56,-74.42,Oui,Point-dans-polygone sur les sections communales du CNIGS,"B — rattachement calculé par Atmart, non fourni par la source",Non,"Marches suivis par le PAM pour le releve des prix alimentaires. Ne recense pas tous les marches d'Haiti, seulement ceux du dispositif de suivi.",WFP 2026,2026-07-26,,,SRC-011,WFP — Haiti Food Prices / Markets (CC BY-IGO),2026-07-26,2026-07-31,A,B,v1.2026.07
HTO-MAR-006024,Marché,Marché suivi pour les prix,Les Irois,Les Irois,,,6024,HTS-0823-01,HT08,HT0823,HT0823-01,18.41,-74.45,Oui,Point-dans-polygone sur les sections communales du CNIGS,"B — rattachement calculé par Atmart, non fourni par la source",Non,"Marches suivis par le PAM pour le releve des prix alimentaires. Ne recense pas tous les marches d'Haiti, seulement ceux du dispositif de suivi.",WFP 2026,2026-07-26,,,SRC-011,WFP — Haiti Food Prices / Markets (CC BY-IGO),2026-07-26,2026-07-31,A,B,v1.2026.07
HTO-MAR-006012,Marché,Marché suivi pour les prix,Corail,Corail,,,6012,HTS-0831-01,HT08,HT0831,HT0831-01,18.57,-73.89,Oui,Section communale la plus proche (4.1 km) — coordonnées PAM arrondies,B — rattachement calculé par proximité,Non,"Marches suivis par le PAM pour le releve des prix alimentaires. Ne recense pas tous les marches d'Haiti, seulement ceux du dispositif de suivi.",WFP 2026,2026-07-26,,,SRC-011,WFP — Haiti Food Prices / Markets (CC BY-IGO),2026-07-26,2026-07-31,A,B,v1.2026.07
HTO-MAR-006018,Marché,Marché suivi pour les prix,Roseaux,Roseaux,,,6018,HTS-0832-04,HT08,HT0832,HT0832-04,18.6,-74.02,Oui,Point-dans-polygone sur les sections communales du CNIGS,"B — rattachement calculé par Atmart, non fourni par la source",Non,"Marches suivis par le PAM pour le releve des prix alimentaires. Ne recense pas tous les marches d'Haiti, seulement ceux du dispositif de suivi.",WFP 2026,2026-07-26,,,SRC-011,WFP — Haiti Food Prices / Markets (CC BY-IGO),2026-07-26,2026-07-31,A,B,v1.2026.07
HTO-MAR-006025,Marché,Marché suivi pour les prix,Beaumont,Beaumont,,,6025,HTS-0833-01,HT08,HT0833,HT0833-01,18.48,-73.95,Oui,Point-dans-polygone sur les sections communales du CNIGS,"B — rattachement calculé par Atmart, non fourni par la source",Non,"Marches suivis par le PAM pour le releve des prix alimentaires. Ne recense pas tous les marches d'Haiti, seulement ceux du dispositif de suivi.",WFP 2026,2026-07-26,,,SRC-011,WFP — Haiti Food Prices / Markets (CC BY-IGO),2026-07-26,2026-07-31,A,B,v1.2026.07
HTO-MAR-006026,Marché,Marché suivi pour les prix,Les Cayimites,Les Cayimites,,,6026,HTS-0834-06,HT08,HT0834,HT0834-06,18.6,-73.8,Oui,Section communale la plus proche (5.7 km) — coordonnées PAM arrondies,B — rattachement calculé par proximité,Non,"Marches suivis par le PAM pour le releve des prix alimentaires. Ne recense pas tous les marches d'Haiti, seulement ceux du dispositif de suivi.",WFP 2026,2026-07-26,,,SRC-011,WFP — Haiti Food Prices / Markets (CC BY-IGO),2026-07-26,2026-07-31,A,B,v1.2026.07
HTO-MAR-006021,Marché,Marché suivi pour les prix,Pestel,Pestel,,,6021,HTS-0834-02,HT08,HT0834,HT0834-02,18.54,-73.79,Oui,Point-dans-polygone sur les sections communales du CNIGS,"B — rattachement calculé par Atmart, non fourni par la source",Non,"Marches suivis par le PAM pour le releve des prix alimentaires. Ne recense pas tous les marches d'Haiti, seulement ceux du dispositif de suivi.",WFP 2026,2026-07-26,,,SRC-011,WFP — Haiti Food Prices / Markets (CC BY-IGO),2026-07-26,2026-07-31,A,B,v1.2026.07
HTO-MAR-007995,Marché,Marché suivi pour les prix,Chansolme,Chansolme,,,7995,HTS-0911-06,HT09,HT0911,HT0911-06,19.88,-72.84,Oui,Point-dans-polygone sur les sections communales du CNIGS,"B — rattachement calculé par Atmart, non fourni par la source",Non,"Marches suivis par le PAM pour le releve des prix alimentaires. Ne recense pas tous les marches d'Haiti, seulement ceux du dispositif de suivi.",WFP 2026,2026-07-26,,,SRC-011,WFP — Haiti Food Prices / Markets (CC BY-IGO),2026-07-26,2026-07-31,A,B,v1.2026.07
HTO-MAR-008114,Marché,Marché suivi pour les prix,Marche de Port de Paix,Marche de Port De Paix,,,8114,HTS-0911-03,HT09,HT0911,HT0911-03,19.94,-72.83,Oui,Point-dans-polygone sur les sections communales du CNIGS,"B — rattachement calculé par Atmart, non fourni par la source",Non,"Marches suivis par le PAM pour le releve des prix alimentaires. Ne recense pas tous les marches d'Haiti, seulement ceux du dispositif de suivi.",WFP 2026,2026-07-26,,Marche de Port De Paix,SRC-011,WFP — Haiti Food Prices / Markets (CC BY-IGO),2026-07-26,2026-07-31,A,B,v1.2026.07
HTO-MAR-000110,Marché,Marché suivi pour les prix,Port-De-Paix,Port-de-Paix,,,110,HTS-0911-03,HT09,HT0911,HT0911-03,19.94,-72.83,Oui,Point-dans-polygone sur les sections communales du CNIGS,"B — rattachement calculé par Atmart, non fourni par la source",Non,"Marches suivis par le PAM pour le releve des prix alimentaires. Ne recense pas tous les marches d'Haiti, seulement ceux du dispositif de suivi.",WFP 2026,2026-07-26,,Port-de-Paix,SRC-011,WFP — Haiti Food Prices / Markets (CC BY-IGO),2026-07-26,2026-07-31,A,B,v1.2026.07
HTO-MAR-008112,Marché,Marché suivi pour les prix,Tortue,Tortue,,,8112,HTS-0912-01,HT09,HT0912,HT0912-01,20.02,-72.73,Oui,Point-dans-polygone sur les sections communales du CNIGS,"B — rattachement calculé par Atmart, non fourni par la source",Non,"Marches suivis par le PAM pour le releve des prix alimentaires. Ne recense pas tous les marches d'Haiti, seulement ceux du dispositif de suivi.",WFP 2026,2026-07-26,,,SRC-011,WFP — Haiti Food Prices / Markets (CC BY-IGO),2026-07-26,2026-07-31,A,B,v1.2026.07
HTO-MAR-007999,Marché,Marché suivi pour les prix,Bassin Bleu,Bassin Bleu,,,7999,HTS-0913-01,HT09,HT0913,HT0913-01,19.78,-72.8,Oui,Point-dans-polygone sur les sections communales du CNIGS,"B — rattachement calculé par Atmart, non fourni par la source",Non,"Marches suivis par le PAM pour le releve des prix alimentaires. Ne recense pas tous les marches d'Haiti, seulement ceux du dispositif de suivi.",WFP 2026,2026-07-26,,,SRC-011,WFP — Haiti Food Prices / Markets (CC BY-IGO),2026-07-26,2026-07-31,A,B,v1.2026.07
HTO-MAR-007998,Marché,Marché suivi pour les prix,Saint-Louis du Nord,Saint-Louis du Nord,,,7998,HTS-0921-02,HT09,HT0921,HT0921-02,19.93,-72.72,Oui,Point-dans-polygone sur les sections communales du CNIGS,"B — rattachement calculé par Atmart, non fourni par la source",Non,"Marches suivis par le PAM pour le releve des prix alimentaires. Ne recense pas tous les marches d'Haiti, seulement ceux du dispositif de suivi.",WFP 2026,2026-07-26,,,SRC-011,WFP — Haiti Food Prices / Markets (CC BY-IGO),2026-07-26,2026-07-31,A,B,v1.2026.07
HTO-MAR-007997,Marché,Marché suivi pour les prix,Anse-A-Foleur,Anse-a-Foleur,,,7997,HTS-0922-03,HT09,HT0922,HT0922-03,19.89,-72.61,Oui,Point-dans-polygone sur les sections communales du CNIGS,"B — rattachement calculé par Atmart, non fourni par la source",Non,"Marches suivis par le PAM pour le releve des prix alimentaires. Ne recense pas tous les marches d'Haiti, seulement ceux du dispositif de suivi.",WFP 2026,2026-07-26,,Anse-a-Foleur,SRC-011,WFP — Haiti Food Prices / Markets (CC BY-IGO),2026-07-26,2026-07-31,A,B,v1.2026.07
HTO-MAR-007996,Marché,Marché suivi pour les prix,Môle Saint Nicolas,Môle Saint Nicolas,,,7996,HTS-0931-01,HT09,HT0931,HT0931-01,19.81,-73.37,Oui,Point-dans-polygone sur les sections communales du CNIGS,"B — rattachement calculé par Atmart, non fourni par la source",Non,"Marches suivis par le PAM pour le releve des prix alimentaires. Ne recense pas tous les marches d'Haiti, seulement ceux du dispositif de suivi.",WFP 2026,2026-07-26,,,SRC-011,WFP — Haiti Food Prices / Markets (CC BY-IGO),2026-07-26,2026-07-31,A,B,v1.2026.07
HTO-MAR-008113,Marché,Marché suivi pour les prix,Baie de Henne,Baie De Henne,,,8113,HTS-0932-01,HT09,HT0932,HT0932-01,19.66,-73.21,Oui,Section communale la plus proche (5.3 km) — coordonnées PAM arrondies,B — rattachement calculé par proximité,Non,"Marches suivis par le PAM pour le releve des prix alimentaires. Ne recense pas tous les marches d'Haiti, seulement ceux du dispositif de suivi.",WFP 2026,2026-07-26,,Baie De Henne,SRC-011,WFP — Haiti Food Prices / Markets (CC BY-IGO),2026-07-26,2026-07-31,A,B,v1.2026.07
HTO-MAR-007993,Marché,Marché suivi pour les prix,Bombardopolis,Bombardopolis,,,7993,HTS-0933-01,HT09,HT0933,HT0933-01,19.7,-73.34,Oui,Point-dans-polygone sur les sections communales du CNIGS,"B — rattachement calculé par Atmart, non fourni par la source",Non,"Marches suivis par le PAM pour le releve des prix alimentaires. Ne recense pas tous les marches d'Haiti, seulement ceux du dispositif de suivi.",WFP 2026,2026-07-26,,,SRC-011,WFP — Haiti Food Prices / Markets (CC BY-IGO),2026-07-26,2026-07-31,A,B,v1.2026.07
HTO-MAR-007994,Marché,Marché suivi pour les prix,Jean Rabel,Jean Rabel,,,7994,HTS-0934-03,HT09,HT0934,HT0934-03,19.85,-73.19,Oui,Point-dans-polygone sur les sections communales du CNIGS,"B — rattachement calculé par Atmart, non fourni par la source",Non,"Marches suivis par le PAM pour le releve des prix alimentaires. Ne recense pas tous les marches d'Haiti, seulement ceux du dispositif de suivi.",WFP 2026,2026-07-26,,,SRC-011,WFP — Haiti Food Prices / Markets (CC BY-IGO),2026-07-26,2026-07-31,A,B,v1.2026.07
HTO-MAR-008117,Marché,Marché suivi pour les prix,Miragoâne,Miragoâne,,,8117,HTS-1011-01,HT10,HT1011,HT1011-01,18.45,-73.09,Oui,Section communale la plus proche (3.5 km) — coordonnées PAM arrondies,B — rattachement calculé par proximité,Non,"Marches suivis par le PAM pour le releve des prix alimentaires. Ne recense pas tous les marches d'Haiti, seulement ceux du dispositif de suivi.",WFP 2026,2026-07-26,,,SRC-011,WFP — Haiti Food Prices / Markets (CC BY-IGO),2026-07-26,2026-07-31,A,B,v1.2026.07
HTO-MAR-006141,Marché,Marché suivi pour les prix,Petite-Riviere de Nippes,Petite-Riviere de Nippes,,,6141,HTS-1012-02,HT10,HT1012,HT1012-02,18.48,-73.24,Oui,Section communale la plus proche (3.6 km) — coordonnées PAM arrondies,B — rattachement calculé par proximité,Non,"Marches suivis par le PAM pour le releve des prix alimentaires. Ne recense pas tous les marches d'Haiti, seulement ceux du dispositif de suivi.",WFP 2026,2026-07-26,,,SRC-011,WFP — Haiti Food Prices / Markets (CC BY-IGO),2026-07-26,2026-07-31,A,B,v1.2026.07
HTO-MAR-006144,Marché,Marché suivi pour les prix,Fonds des Nègres,Fonds des Nègres,,,6144,HTS-1013-02,HT10,HT1013,HT1013-02,18.36,-73.24,Oui,Point-dans-polygone sur les sections communales du CNIGS,"B — rattachement calculé par Atmart, non fourni par la source",Non,"Marches suivis par le PAM pour le releve des prix alimentaires. Ne recense pas tous les marches d'Haiti, seulement ceux du dispositif de suivi.",WFP 2026,2026-07-26,,,SRC-011,WFP — Haiti Food Prices / Markets (CC BY-IGO),2026-07-26,2026-07-31,A,B,v1.2026.07
HTO-MAR-008115,Marché,Marché suivi pour les prix,Paillant,Paillant,,,8115,HTS-1014-01,HT10,HT1014,HT1014-01,18.42,-73.15,Oui,Point-dans-polygone sur les sections communales du CNIGS,"B — rattachement calculé par Atmart, non fourni par la source",Non,"Marches suivis par le PAM pour le releve des prix alimentaires. Ne recense pas tous les marches d'Haiti, seulement ceux du dispositif de suivi.",WFP 2026,2026-07-26,,,SRC-011,WFP — Haiti Food Prices / Markets (CC BY-IGO),2026-07-26,2026-07-31,A,B,v1.2026.07
HTO-MAR-006140,Marché,Marché suivi pour les prix,Anse-A-Veau,Anse-a-Veau,,,6140,HTS-1021-02,HT10,HT1021,HT1021-02,18.5,-73.34,Oui,Point-dans-polygone sur les sections communales du CNIGS,"B — rattachement calculé par Atmart, non fourni par la source",Non,"Marches suivis par le PAM pour le releve des prix alimentaires. Ne recense pas tous les marches d'Haiti, seulement ceux du dispositif de suivi.",WFP 2026,2026-07-26,,Anse-a-Veau,SRC-011,WFP — Haiti Food Prices / Markets (CC BY-IGO),2026-07-26,2026-07-31,A,B,v1.2026.07
HTO-MAR-006146,Marché,Marché suivi pour les prix,Petit Trou de Nippes,Petit Trou de Nippes,,,6146,HTS-1022-01,HT10,HT1022,HT1022-01,18.53,-73.51,Oui,Section communale la plus proche (6.1 km) — coordonnées PAM arrondies,B — rattachement calculé par proximité,Non,"Marches suivis par le PAM pour le releve des prix alimentaires. Ne recense pas tous les marches d'Haiti, seulement ceux du dispositif de suivi.",WFP 2026,2026-07-26,,,SRC-011,WFP — Haiti Food Prices / Markets (CC BY-IGO),2026-07-26,2026-07-31,A,B,v1.2026.07
HTO-MAR-006142,Marché,Marché suivi pour les prix,Asile,Asile,,,6142,HTS-1023-03,HT10,HT1023,HT1023-03,18.38,-73.42,Oui,Point-dans-polygone sur les sections communales du CNIGS,"B — rattachement calculé par Atmart, non fourni par la source",Non,"Marches suivis par le PAM pour le releve des prix alimentaires. Ne recense pas tous les marches d'Haiti, seulement ceux du dispositif de suivi.",WFP 2026,2026-07-26,,,SRC-011,WFP — Haiti Food Prices / Markets (CC BY-IGO),2026-07-26,2026-07-31,A,B,v1.2026.07
HTO-MAR-006145,Marché,Marché suivi pour les prix,Arnaud,Arnaud,,,6145,HTS-1024-01,HT10,HT1024,HT1024-01,18.45,-73.4,Oui,Point-dans-polygone sur les sections communales du CNIGS,"B — rattachement calculé par Atmart, non fourni par la source",Non,"Marches suivis par le PAM pour le releve des prix alimentaires. Ne recense pas tous les marches d'Haiti, seulement ceux du dispositif de suivi.",WFP 2026,2026-07-26,,,SRC-011,WFP — Haiti Food Prices / Markets (CC BY-IGO),2026-07-26,2026-07-31,A,B,v1.2026.07
HTO-MAR-006139,Marché,Marché suivi pour les prix,Plaisance du Sud,Plaisance du Sud,,,6139,HTS-1025-01,HT10,HT1025,HT1025-01,18.43,-73.59,Oui,Point-dans-polygone sur les sections communales du CNIGS,"B — rattachement calculé par Atmart, non fourni par la source",Non,"Marches suivis par le PAM pour le releve des prix alimentaires. Ne recense pas tous les marches d'Haiti, seulement ceux du dispositif de suivi.",WFP 2026,2026-07-26,,,SRC-011,WFP — Haiti Food Prices / Markets (CC BY-IGO),2026-07-26,2026-07-31,A,B,v1.2026.07
HTO-MAR-006143,Marché,Marché suivi pour les prix,Baraderes,Baraderes,,,6143,HTS-1031-01,HT10,HT1031,HT1031-01,18.48,-73.64,Oui,Point-dans-polygone sur les sections communales du CNIGS,"B — rattachement calculé par Atmart, non fourni par la source",Non,"Marches suivis par le PAM pour le releve des prix alimentaires. Ne recense pas tous les marches d'Haiti, seulement ceux du dispositif de suivi.",WFP 2026,2026-07-26,,,SRC-011,WFP — Haiti Food Prices / Markets (CC BY-IGO),2026-07-26,2026-07-31,A,B,v1.2026.07
HTO-MAR-008116,Marché,Marché suivi pour les prix,Grand Boucan,Grand Boucan,,,8116,HTS-1032-01,HT10,HT1032,HT1032-01,18.55,-73.59,Oui,Section communale la plus proche (4.2 km) — coordonnées PAM arrondies,B — rattachement calculé par proximité,Non,"Marches suivis par le PAM pour le releve des prix alimentaires. Ne recense pas tous les marches d'Haiti, seulement ceux du dispositif de suivi.",WFP 2026,2026-07-26,,,SRC-011,WFP — Haiti Food Prices / Markets (CC BY-IGO),2026-07-26,2026-07-31,A,B,v1.2026.07
