atmart_geo_id,pcode_commune,nom_commune,profession,effectif,statut_valeur,source_id,date_extraction,limite_connue
HTC-0111,HT0111,Port-au-Prince,Arpenteur,83,E,SRC-025,2026-08-14,"Dénombrement issu de sources compilées, non d'un registre professionnel officiel. Un zéro signifie « aucun dans nos sources », jamais « aucun sur le territoire »."
HTC-0111,HT0111,Port-au-Prince,Notaire,125,E,SRC-025,2026-08-14,"Dénombrement issu de sources compilées, non d'un registre professionnel officiel. Un zéro signifie « aucun dans nos sources », jamais « aucun sur le territoire »."
HTC-0112,HT0112,Delmas,Arpenteur,17,E,SRC-025,2026-08-14,"Dénombrement issu de sources compilées, non d'un registre professionnel officiel. Un zéro signifie « aucun dans nos sources », jamais « aucun sur le territoire »."
HTC-0112,HT0112,Delmas,Notaire,3,E,SRC-025,2026-08-14,"Dénombrement issu de sources compilées, non d'un registre professionnel officiel. Un zéro signifie « aucun dans nos sources », jamais « aucun sur le territoire »."
HTC-0113,HT0113,Carrefour,Arpenteur,32,E,SRC-025,2026-08-14,"Dénombrement issu de sources compilées, non d'un registre professionnel officiel. Un zéro signifie « aucun dans nos sources », jamais « aucun sur le territoire »."
HTC-0113,HT0113,Carrefour,Notaire,5,E,SRC-025,2026-08-14,"Dénombrement issu de sources compilées, non d'un registre professionnel officiel. Un zéro signifie « aucun dans nos sources », jamais « aucun sur le territoire »."
HTC-0114,HT0114,Pétion-Ville,Arpenteur,15,E,SRC-025,2026-08-14,"Dénombrement issu de sources compilées, non d'un registre professionnel officiel. Un zéro signifie « aucun dans nos sources », jamais « aucun sur le territoire »."
HTC-0114,HT0114,Pétion-Ville,Notaire,17,E,SRC-025,2026-08-14,"Dénombrement issu de sources compilées, non d'un registre professionnel officiel. Un zéro signifie « aucun dans nos sources », jamais « aucun sur le territoire »."
HTC-0115,HT0115,Kenscoff,Arpenteur,1,E,SRC-025,2026-08-14,"Dénombrement issu de sources compilées, non d'un registre professionnel officiel. Un zéro signifie « aucun dans nos sources », jamais « aucun sur le territoire »."
HTC-0115,HT0115,Kenscoff,Notaire,2,E,SRC-025,2026-08-14,"Dénombrement issu de sources compilées, non d'un registre professionnel officiel. Un zéro signifie « aucun dans nos sources », jamais « aucun sur le territoire »."
HTC-0116,HT0116,Gressier,Arpenteur,1,E,SRC-025,2026-08-14,"Dénombrement issu de sources compilées, non d'un registre professionnel officiel. Un zéro signifie « aucun dans nos sources », jamais « aucun sur le territoire »."
HTC-0116,HT0116,Gressier,Notaire,0,N,SRC-025,2026-08-14,"Dénombrement issu de sources compilées, non d'un registre professionnel officiel. Un zéro signifie « aucun dans nos sources », jamais « aucun sur le territoire »."
HTC-0117,HT0117,Cité Soleil,Arpenteur,0,N,SRC-025,2026-08-14,"Dénombrement issu de sources compilées, non d'un registre professionnel officiel. Un zéro signifie « aucun dans nos sources », jamais « aucun sur le territoire »."
HTC-0117,HT0117,Cité Soleil,Notaire,0,N,SRC-025,2026-08-14,"Dénombrement issu de sources compilées, non d'un registre professionnel officiel. Un zéro signifie « aucun dans nos sources », jamais « aucun sur le territoire »."
HTC-0118,HT0118,Tabarre,Arpenteur,2,E,SRC-025,2026-08-14,"Dénombrement issu de sources compilées, non d'un registre professionnel officiel. Un zéro signifie « aucun dans nos sources », jamais « aucun sur le territoire »."
HTC-0118,HT0118,Tabarre,Notaire,6,E,SRC-025,2026-08-14,"Dénombrement issu de sources compilées, non d'un registre professionnel officiel. Un zéro signifie « aucun dans nos sources », jamais « aucun sur le territoire »."
HTC-0121,HT0121,Léogâne,Arpenteur,6,E,SRC-025,2026-08-14,"Dénombrement issu de sources compilées, non d'un registre professionnel officiel. Un zéro signifie « aucun dans nos sources », jamais « aucun sur le territoire »."
HTC-0121,HT0121,Léogâne,Notaire,3,E,SRC-025,2026-08-14,"Dénombrement issu de sources compilées, non d'un registre professionnel officiel. Un zéro signifie « aucun dans nos sources », jamais « aucun sur le territoire »."
HTC-0122,HT0122,Petit-Goâve,Arpenteur,4,E,SRC-025,2026-08-14,"Dénombrement issu de sources compilées, non d'un registre professionnel officiel. Un zéro signifie « aucun dans nos sources », jamais « aucun sur le territoire »."
HTC-0122,HT0122,Petit-Goâve,Notaire,2,E,SRC-025,2026-08-14,"Dénombrement issu de sources compilées, non d'un registre professionnel officiel. Un zéro signifie « aucun dans nos sources », jamais « aucun sur le territoire »."
HTC-0123,HT0123,Grand-Goâve,Arpenteur,0,N,SRC-025,2026-08-14,"Dénombrement issu de sources compilées, non d'un registre professionnel officiel. Un zéro signifie « aucun dans nos sources », jamais « aucun sur le territoire »."
HTC-0123,HT0123,Grand-Goâve,Notaire,1,E,SRC-025,2026-08-14,"Dénombrement issu de sources compilées, non d'un registre professionnel officiel. Un zéro signifie « aucun dans nos sources », jamais « aucun sur le territoire »."
HTC-0131,HT0131,Croix-Des-Bouquets,Arpenteur,4,E,SRC-025,2026-08-14,"Dénombrement issu de sources compilées, non d'un registre professionnel officiel. Un zéro signifie « aucun dans nos sources », jamais « aucun sur le territoire »."
HTC-0131,HT0131,Croix-Des-Bouquets,Notaire,5,E,SRC-025,2026-08-14,"Dénombrement issu de sources compilées, non d'un registre professionnel officiel. Un zéro signifie « aucun dans nos sources », jamais « aucun sur le territoire »."
HTC-0132,HT0132,Thomazeau,Arpenteur,0,N,SRC-025,2026-08-14,"Dénombrement issu de sources compilées, non d'un registre professionnel officiel. Un zéro signifie « aucun dans nos sources », jamais « aucun sur le territoire »."
HTC-0132,HT0132,Thomazeau,Notaire,0,N,SRC-025,2026-08-14,"Dénombrement issu de sources compilées, non d'un registre professionnel officiel. Un zéro signifie « aucun dans nos sources », jamais « aucun sur le territoire »."
HTC-0133,HT0133,Ganthier,Arpenteur,0,N,SRC-025,2026-08-14,"Dénombrement issu de sources compilées, non d'un registre professionnel officiel. Un zéro signifie « aucun dans nos sources », jamais « aucun sur le territoire »."
HTC-0133,HT0133,Ganthier,Notaire,1,E,SRC-025,2026-08-14,"Dénombrement issu de sources compilées, non d'un registre professionnel officiel. Un zéro signifie « aucun dans nos sources », jamais « aucun sur le territoire »."
HTC-0134,HT0134,Cornillon / Grand Bois,Arpenteur,0,N,SRC-025,2026-08-14,"Dénombrement issu de sources compilées, non d'un registre professionnel officiel. Un zéro signifie « aucun dans nos sources », jamais « aucun sur le territoire »."
HTC-0134,HT0134,Cornillon / Grand Bois,Notaire,0,N,SRC-025,2026-08-14,"Dénombrement issu de sources compilées, non d'un registre professionnel officiel. Un zéro signifie « aucun dans nos sources », jamais « aucun sur le territoire »."
HTC-0135,HT0135,Fonds-Verrettes,Arpenteur,0,N,SRC-025,2026-08-14,"Dénombrement issu de sources compilées, non d'un registre professionnel officiel. Un zéro signifie « aucun dans nos sources », jamais « aucun sur le territoire »."
HTC-0135,HT0135,Fonds-Verrettes,Notaire,0,N,SRC-025,2026-08-14,"Dénombrement issu de sources compilées, non d'un registre professionnel officiel. Un zéro signifie « aucun dans nos sources », jamais « aucun sur le territoire »."
HTC-0141,HT0141,Arcahaie,Arpenteur,2,E,SRC-025,2026-08-14,"Dénombrement issu de sources compilées, non d'un registre professionnel officiel. Un zéro signifie « aucun dans nos sources », jamais « aucun sur le territoire »."
HTC-0141,HT0141,Arcahaie,Notaire,4,E,SRC-025,2026-08-14,"Dénombrement issu de sources compilées, non d'un registre professionnel officiel. Un zéro signifie « aucun dans nos sources », jamais « aucun sur le territoire »."
HTC-0142,HT0142,Cabaret,Arpenteur,4,E,SRC-025,2026-08-14,"Dénombrement issu de sources compilées, non d'un registre professionnel officiel. Un zéro signifie « aucun dans nos sources », jamais « aucun sur le territoire »."
HTC-0142,HT0142,Cabaret,Notaire,1,E,SRC-025,2026-08-14,"Dénombrement issu de sources compilées, non d'un registre professionnel officiel. Un zéro signifie « aucun dans nos sources », jamais « aucun sur le territoire »."
HTC-0151,HT0151,Anse à Galets,Arpenteur,0,N,SRC-025,2026-08-14,"Dénombrement issu de sources compilées, non d'un registre professionnel officiel. Un zéro signifie « aucun dans nos sources », jamais « aucun sur le territoire »."
HTC-0151,HT0151,Anse à Galets,Notaire,0,N,SRC-025,2026-08-14,"Dénombrement issu de sources compilées, non d'un registre professionnel officiel. Un zéro signifie « aucun dans nos sources », jamais « aucun sur le territoire »."
HTC-0152,HT0152,Pointe à Raquette,Arpenteur,0,N,SRC-025,2026-08-14,"Dénombrement issu de sources compilées, non d'un registre professionnel officiel. Un zéro signifie « aucun dans nos sources », jamais « aucun sur le territoire »."
HTC-0152,HT0152,Pointe à Raquette,Notaire,0,N,SRC-025,2026-08-14,"Dénombrement issu de sources compilées, non d'un registre professionnel officiel. Un zéro signifie « aucun dans nos sources », jamais « aucun sur le territoire »."
HTC-0211,HT0211,Jacmel,Arpenteur,19,E,SRC-025,2026-08-14,"Dénombrement issu de sources compilées, non d'un registre professionnel officiel. Un zéro signifie « aucun dans nos sources », jamais « aucun sur le territoire »."
HTC-0211,HT0211,Jacmel,Notaire,13,E,SRC-025,2026-08-14,"Dénombrement issu de sources compilées, non d'un registre professionnel officiel. Un zéro signifie « aucun dans nos sources », jamais « aucun sur le territoire »."
HTC-0212,HT0212,Marigot,Arpenteur,0,N,SRC-025,2026-08-14,"Dénombrement issu de sources compilées, non d'un registre professionnel officiel. Un zéro signifie « aucun dans nos sources », jamais « aucun sur le territoire »."
HTC-0212,HT0212,Marigot,Notaire,1,E,SRC-025,2026-08-14,"Dénombrement issu de sources compilées, non d'un registre professionnel officiel. Un zéro signifie « aucun dans nos sources », jamais « aucun sur le territoire »."
HTC-0213,HT0213,Cayes-Jacmel,Arpenteur,1,E,SRC-025,2026-08-14,"Dénombrement issu de sources compilées, non d'un registre professionnel officiel. Un zéro signifie « aucun dans nos sources », jamais « aucun sur le territoire »."
HTC-0213,HT0213,Cayes-Jacmel,Notaire,2,E,SRC-025,2026-08-14,"Dénombrement issu de sources compilées, non d'un registre professionnel officiel. Un zéro signifie « aucun dans nos sources », jamais « aucun sur le territoire »."
HTC-0214,HT0214,La Vallée,Arpenteur,0,N,SRC-025,2026-08-14,"Dénombrement issu de sources compilées, non d'un registre professionnel officiel. Un zéro signifie « aucun dans nos sources », jamais « aucun sur le territoire »."
HTC-0214,HT0214,La Vallée,Notaire,0,N,SRC-025,2026-08-14,"Dénombrement issu de sources compilées, non d'un registre professionnel officiel. Un zéro signifie « aucun dans nos sources », jamais « aucun sur le territoire »."
HTC-0221,HT0221,Bainet,Arpenteur,0,N,SRC-025,2026-08-14,"Dénombrement issu de sources compilées, non d'un registre professionnel officiel. Un zéro signifie « aucun dans nos sources », jamais « aucun sur le territoire »."
HTC-0221,HT0221,Bainet,Notaire,0,N,SRC-025,2026-08-14,"Dénombrement issu de sources compilées, non d'un registre professionnel officiel. Un zéro signifie « aucun dans nos sources », jamais « aucun sur le territoire »."
HTC-0222,HT0222,Côtes de Fer,Arpenteur,0,N,SRC-025,2026-08-14,"Dénombrement issu de sources compilées, non d'un registre professionnel officiel. Un zéro signifie « aucun dans nos sources », jamais « aucun sur le territoire »."
HTC-0222,HT0222,Côtes de Fer,Notaire,0,N,SRC-025,2026-08-14,"Dénombrement issu de sources compilées, non d'un registre professionnel officiel. Un zéro signifie « aucun dans nos sources », jamais « aucun sur le territoire »."
HTC-0231,HT0231,Belle-Anse,Arpenteur,0,N,SRC-025,2026-08-14,"Dénombrement issu de sources compilées, non d'un registre professionnel officiel. Un zéro signifie « aucun dans nos sources », jamais « aucun sur le territoire »."
HTC-0231,HT0231,Belle-Anse,Notaire,1,E,SRC-025,2026-08-14,"Dénombrement issu de sources compilées, non d'un registre professionnel officiel. Un zéro signifie « aucun dans nos sources », jamais « aucun sur le territoire »."
HTC-0232,HT0232,Grand Gosier,Arpenteur,0,N,SRC-025,2026-08-14,"Dénombrement issu de sources compilées, non d'un registre professionnel officiel. Un zéro signifie « aucun dans nos sources », jamais « aucun sur le territoire »."
HTC-0232,HT0232,Grand Gosier,Notaire,0,N,SRC-025,2026-08-14,"Dénombrement issu de sources compilées, non d'un registre professionnel officiel. Un zéro signifie « aucun dans nos sources », jamais « aucun sur le territoire »."
HTC-0233,HT0233,Thiotte,Arpenteur,0,N,SRC-025,2026-08-14,"Dénombrement issu de sources compilées, non d'un registre professionnel officiel. Un zéro signifie « aucun dans nos sources », jamais « aucun sur le territoire »."
HTC-0233,HT0233,Thiotte,Notaire,0,N,SRC-025,2026-08-14,"Dénombrement issu de sources compilées, non d'un registre professionnel officiel. Un zéro signifie « aucun dans nos sources », jamais « aucun sur le territoire »."
HTC-0234,HT0234,Anse-à-Pître,Arpenteur,0,N,SRC-025,2026-08-14,"Dénombrement issu de sources compilées, non d'un registre professionnel officiel. Un zéro signifie « aucun dans nos sources », jamais « aucun sur le territoire »."
HTC-0234,HT0234,Anse-à-Pître,Notaire,0,N,SRC-025,2026-08-14,"Dénombrement issu de sources compilées, non d'un registre professionnel officiel. Un zéro signifie « aucun dans nos sources », jamais « aucun sur le territoire »."
HTC-0311,HT0311,Cap-Haïtien,Arpenteur,7,E,SRC-025,2026-08-14,"Dénombrement issu de sources compilées, non d'un registre professionnel officiel. Un zéro signifie « aucun dans nos sources », jamais « aucun sur le territoire »."
HTC-0311,HT0311,Cap-Haïtien,Notaire,12,E,SRC-025,2026-08-14,"Dénombrement issu de sources compilées, non d'un registre professionnel officiel. Un zéro signifie « aucun dans nos sources », jamais « aucun sur le territoire »."
HTC-0312,HT0312,Quartier Morin,Arpenteur,1,E,SRC-025,2026-08-14,"Dénombrement issu de sources compilées, non d'un registre professionnel officiel. Un zéro signifie « aucun dans nos sources », jamais « aucun sur le territoire »."
HTC-0312,HT0312,Quartier Morin,Notaire,1,E,SRC-025,2026-08-14,"Dénombrement issu de sources compilées, non d'un registre professionnel officiel. Un zéro signifie « aucun dans nos sources », jamais « aucun sur le territoire »."
HTC-0313,HT0313,Limonade,Arpenteur,0,N,SRC-025,2026-08-14,"Dénombrement issu de sources compilées, non d'un registre professionnel officiel. Un zéro signifie « aucun dans nos sources », jamais « aucun sur le territoire »."
HTC-0313,HT0313,Limonade,Notaire,0,N,SRC-025,2026-08-14,"Dénombrement issu de sources compilées, non d'un registre professionnel officiel. Un zéro signifie « aucun dans nos sources », jamais « aucun sur le territoire »."
HTC-0321,HT0321,Acul du Nord,Arpenteur,0,N,SRC-025,2026-08-14,"Dénombrement issu de sources compilées, non d'un registre professionnel officiel. Un zéro signifie « aucun dans nos sources », jamais « aucun sur le territoire »."
HTC-0321,HT0321,Acul du Nord,Notaire,0,N,SRC-025,2026-08-14,"Dénombrement issu de sources compilées, non d'un registre professionnel officiel. Un zéro signifie « aucun dans nos sources », jamais « aucun sur le territoire »."
HTC-0322,HT0322,Plaine du Nord,Arpenteur,0,N,SRC-025,2026-08-14,"Dénombrement issu de sources compilées, non d'un registre professionnel officiel. Un zéro signifie « aucun dans nos sources », jamais « aucun sur le territoire »."
HTC-0322,HT0322,Plaine du Nord,Notaire,0,N,SRC-025,2026-08-14,"Dénombrement issu de sources compilées, non d'un registre professionnel officiel. Un zéro signifie « aucun dans nos sources », jamais « aucun sur le territoire »."
HTC-0323,HT0323,Milot,Arpenteur,1,E,SRC-025,2026-08-14,"Dénombrement issu de sources compilées, non d'un registre professionnel officiel. Un zéro signifie « aucun dans nos sources », jamais « aucun sur le territoire »."
HTC-0323,HT0323,Milot,Notaire,2,E,SRC-025,2026-08-14,"Dénombrement issu de sources compilées, non d'un registre professionnel officiel. Un zéro signifie « aucun dans nos sources », jamais « aucun sur le territoire »."
HTC-0331,HT0331,Grande Rivière Du Nord,Arpenteur,1,E,SRC-025,2026-08-14,"Dénombrement issu de sources compilées, non d'un registre professionnel officiel. Un zéro signifie « aucun dans nos sources », jamais « aucun sur le territoire »."
HTC-0331,HT0331,Grande Rivière Du Nord,Notaire,0,N,SRC-025,2026-08-14,"Dénombrement issu de sources compilées, non d'un registre professionnel officiel. Un zéro signifie « aucun dans nos sources », jamais « aucun sur le territoire »."
HTC-0332,HT0332,Bahon,Arpenteur,0,N,SRC-025,2026-08-14,"Dénombrement issu de sources compilées, non d'un registre professionnel officiel. Un zéro signifie « aucun dans nos sources », jamais « aucun sur le territoire »."
HTC-0332,HT0332,Bahon,Notaire,0,N,SRC-025,2026-08-14,"Dénombrement issu de sources compilées, non d'un registre professionnel officiel. Un zéro signifie « aucun dans nos sources », jamais « aucun sur le territoire »."
HTC-0341,HT0341,Saint-Raphaël,Arpenteur,8,E,SRC-025,2026-08-14,"Dénombrement issu de sources compilées, non d'un registre professionnel officiel. Un zéro signifie « aucun dans nos sources », jamais « aucun sur le territoire »."
HTC-0341,HT0341,Saint-Raphaël,Notaire,1,E,SRC-025,2026-08-14,"Dénombrement issu de sources compilées, non d'un registre professionnel officiel. Un zéro signifie « aucun dans nos sources », jamais « aucun sur le territoire »."
HTC-0342,HT0342,Dondon,Arpenteur,0,N,SRC-025,2026-08-14,"Dénombrement issu de sources compilées, non d'un registre professionnel officiel. Un zéro signifie « aucun dans nos sources », jamais « aucun sur le territoire »."
HTC-0342,HT0342,Dondon,Notaire,1,E,SRC-025,2026-08-14,"Dénombrement issu de sources compilées, non d'un registre professionnel officiel. Un zéro signifie « aucun dans nos sources », jamais « aucun sur le territoire »."
HTC-0343,HT0343,Ranquitte,Arpenteur,0,N,SRC-025,2026-08-14,"Dénombrement issu de sources compilées, non d'un registre professionnel officiel. Un zéro signifie « aucun dans nos sources », jamais « aucun sur le territoire »."
HTC-0343,HT0343,Ranquitte,Notaire,0,N,SRC-025,2026-08-14,"Dénombrement issu de sources compilées, non d'un registre professionnel officiel. Un zéro signifie « aucun dans nos sources », jamais « aucun sur le territoire »."
HTC-0344,HT0344,Pignon,Arpenteur,0,N,SRC-025,2026-08-14,"Dénombrement issu de sources compilées, non d'un registre professionnel officiel. Un zéro signifie « aucun dans nos sources », jamais « aucun sur le territoire »."
HTC-0344,HT0344,Pignon,Notaire,0,N,SRC-025,2026-08-14,"Dénombrement issu de sources compilées, non d'un registre professionnel officiel. Un zéro signifie « aucun dans nos sources », jamais « aucun sur le territoire »."
HTC-0345,HT0345,La Victoire,Arpenteur,0,N,SRC-025,2026-08-14,"Dénombrement issu de sources compilées, non d'un registre professionnel officiel. Un zéro signifie « aucun dans nos sources », jamais « aucun sur le territoire »."
HTC-0345,HT0345,La Victoire,Notaire,0,N,SRC-025,2026-08-14,"Dénombrement issu de sources compilées, non d'un registre professionnel officiel. Un zéro signifie « aucun dans nos sources », jamais « aucun sur le territoire »."
HTC-0351,HT0351,Borgne,Arpenteur,0,N,SRC-025,2026-08-14,"Dénombrement issu de sources compilées, non d'un registre professionnel officiel. Un zéro signifie « aucun dans nos sources », jamais « aucun sur le territoire »."
HTC-0351,HT0351,Borgne,Notaire,1,E,SRC-025,2026-08-14,"Dénombrement issu de sources compilées, non d'un registre professionnel officiel. Un zéro signifie « aucun dans nos sources », jamais « aucun sur le territoire »."
HTC-0352,HT0352,Port-Margot,Arpenteur,0,N,SRC-025,2026-08-14,"Dénombrement issu de sources compilées, non d'un registre professionnel officiel. Un zéro signifie « aucun dans nos sources », jamais « aucun sur le territoire »."
HTC-0352,HT0352,Port-Margot,Notaire,0,N,SRC-025,2026-08-14,"Dénombrement issu de sources compilées, non d'un registre professionnel officiel. Un zéro signifie « aucun dans nos sources », jamais « aucun sur le territoire »."
HTC-0361,HT0361,Limbé,Arpenteur,2,E,SRC-025,2026-08-14,"Dénombrement issu de sources compilées, non d'un registre professionnel officiel. Un zéro signifie « aucun dans nos sources », jamais « aucun sur le territoire »."
HTC-0361,HT0361,Limbé,Notaire,0,N,SRC-025,2026-08-14,"Dénombrement issu de sources compilées, non d'un registre professionnel officiel. Un zéro signifie « aucun dans nos sources », jamais « aucun sur le territoire »."
HTC-0362,HT0362,Bas Limbé,Arpenteur,0,N,SRC-025,2026-08-14,"Dénombrement issu de sources compilées, non d'un registre professionnel officiel. Un zéro signifie « aucun dans nos sources », jamais « aucun sur le territoire »."
HTC-0362,HT0362,Bas Limbé,Notaire,0,N,SRC-025,2026-08-14,"Dénombrement issu de sources compilées, non d'un registre professionnel officiel. Un zéro signifie « aucun dans nos sources », jamais « aucun sur le territoire »."
HTC-0371,HT0371,Plaisance,Arpenteur,0,N,SRC-025,2026-08-14,"Dénombrement issu de sources compilées, non d'un registre professionnel officiel. Un zéro signifie « aucun dans nos sources », jamais « aucun sur le territoire »."
HTC-0371,HT0371,Plaisance,Notaire,0,N,SRC-025,2026-08-14,"Dénombrement issu de sources compilées, non d'un registre professionnel officiel. Un zéro signifie « aucun dans nos sources », jamais « aucun sur le territoire »."
HTC-0372,HT0372,Pilate,Arpenteur,0,N,SRC-025,2026-08-14,"Dénombrement issu de sources compilées, non d'un registre professionnel officiel. Un zéro signifie « aucun dans nos sources », jamais « aucun sur le territoire »."
HTC-0372,HT0372,Pilate,Notaire,0,N,SRC-025,2026-08-14,"Dénombrement issu de sources compilées, non d'un registre professionnel officiel. Un zéro signifie « aucun dans nos sources », jamais « aucun sur le territoire »."
HTC-0411,HT0411,Fort-Liberté,Arpenteur,1,E,SRC-025,2026-08-14,"Dénombrement issu de sources compilées, non d'un registre professionnel officiel. Un zéro signifie « aucun dans nos sources », jamais « aucun sur le territoire »."
HTC-0411,HT0411,Fort-Liberté,Notaire,0,N,SRC-025,2026-08-14,"Dénombrement issu de sources compilées, non d'un registre professionnel officiel. Un zéro signifie « aucun dans nos sources », jamais « aucun sur le territoire »."
HTC-0412,HT0412,Ferrier,Arpenteur,0,N,SRC-025,2026-08-14,"Dénombrement issu de sources compilées, non d'un registre professionnel officiel. Un zéro signifie « aucun dans nos sources », jamais « aucun sur le territoire »."
HTC-0412,HT0412,Ferrier,Notaire,0,N,SRC-025,2026-08-14,"Dénombrement issu de sources compilées, non d'un registre professionnel officiel. Un zéro signifie « aucun dans nos sources », jamais « aucun sur le territoire »."
HTC-0413,HT0413,Perches,Arpenteur,0,N,SRC-025,2026-08-14,"Dénombrement issu de sources compilées, non d'un registre professionnel officiel. Un zéro signifie « aucun dans nos sources », jamais « aucun sur le territoire »."
HTC-0413,HT0413,Perches,Notaire,0,N,SRC-025,2026-08-14,"Dénombrement issu de sources compilées, non d'un registre professionnel officiel. Un zéro signifie « aucun dans nos sources », jamais « aucun sur le territoire »."
HTC-0421,HT0421,Ouanaminthe,Arpenteur,0,N,SRC-025,2026-08-14,"Dénombrement issu de sources compilées, non d'un registre professionnel officiel. Un zéro signifie « aucun dans nos sources », jamais « aucun sur le territoire »."
HTC-0421,HT0421,Ouanaminthe,Notaire,1,E,SRC-025,2026-08-14,"Dénombrement issu de sources compilées, non d'un registre professionnel officiel. Un zéro signifie « aucun dans nos sources », jamais « aucun sur le territoire »."
HTC-0422,HT0422,Capotille,Arpenteur,0,N,SRC-025,2026-08-14,"Dénombrement issu de sources compilées, non d'un registre professionnel officiel. Un zéro signifie « aucun dans nos sources », jamais « aucun sur le territoire »."
HTC-0422,HT0422,Capotille,Notaire,0,N,SRC-025,2026-08-14,"Dénombrement issu de sources compilées, non d'un registre professionnel officiel. Un zéro signifie « aucun dans nos sources », jamais « aucun sur le territoire »."
HTC-0423,HT0423,Mont-Organisé,Arpenteur,0,N,SRC-025,2026-08-14,"Dénombrement issu de sources compilées, non d'un registre professionnel officiel. Un zéro signifie « aucun dans nos sources », jamais « aucun sur le territoire »."
HTC-0423,HT0423,Mont-Organisé,Notaire,0,N,SRC-025,2026-08-14,"Dénombrement issu de sources compilées, non d'un registre professionnel officiel. Un zéro signifie « aucun dans nos sources », jamais « aucun sur le territoire »."
HTC-0431,HT0431,Trou du Nord,Arpenteur,0,N,SRC-025,2026-08-14,"Dénombrement issu de sources compilées, non d'un registre professionnel officiel. Un zéro signifie « aucun dans nos sources », jamais « aucun sur le territoire »."
HTC-0431,HT0431,Trou du Nord,Notaire,0,N,SRC-025,2026-08-14,"Dénombrement issu de sources compilées, non d'un registre professionnel officiel. Un zéro signifie « aucun dans nos sources », jamais « aucun sur le territoire »."
HTC-0432,HT0432,Sainte Suzanne,Arpenteur,0,N,SRC-025,2026-08-14,"Dénombrement issu de sources compilées, non d'un registre professionnel officiel. Un zéro signifie « aucun dans nos sources », jamais « aucun sur le territoire »."
HTC-0432,HT0432,Sainte Suzanne,Notaire,0,N,SRC-025,2026-08-14,"Dénombrement issu de sources compilées, non d'un registre professionnel officiel. Un zéro signifie « aucun dans nos sources », jamais « aucun sur le territoire »."
HTC-0433,HT0433,Terrier Rouge,Arpenteur,0,N,SRC-025,2026-08-14,"Dénombrement issu de sources compilées, non d'un registre professionnel officiel. Un zéro signifie « aucun dans nos sources », jamais « aucun sur le territoire »."
HTC-0433,HT0433,Terrier Rouge,Notaire,1,E,SRC-025,2026-08-14,"Dénombrement issu de sources compilées, non d'un registre professionnel officiel. Un zéro signifie « aucun dans nos sources », jamais « aucun sur le territoire »."
HTC-0434,HT0434,Caracol,Arpenteur,0,N,SRC-025,2026-08-14,"Dénombrement issu de sources compilées, non d'un registre professionnel officiel. Un zéro signifie « aucun dans nos sources », jamais « aucun sur le territoire »."
HTC-0434,HT0434,Caracol,Notaire,0,N,SRC-025,2026-08-14,"Dénombrement issu de sources compilées, non d'un registre professionnel officiel. Un zéro signifie « aucun dans nos sources », jamais « aucun sur le territoire »."
HTC-0441,HT0441,Vallières,Arpenteur,2,E,SRC-025,2026-08-14,"Dénombrement issu de sources compilées, non d'un registre professionnel officiel. Un zéro signifie « aucun dans nos sources », jamais « aucun sur le territoire »."
HTC-0441,HT0441,Vallières,Notaire,0,N,SRC-025,2026-08-14,"Dénombrement issu de sources compilées, non d'un registre professionnel officiel. Un zéro signifie « aucun dans nos sources », jamais « aucun sur le territoire »."
HTC-0442,HT0442,Carice,Arpenteur,0,N,SRC-025,2026-08-14,"Dénombrement issu de sources compilées, non d'un registre professionnel officiel. Un zéro signifie « aucun dans nos sources », jamais « aucun sur le territoire »."
HTC-0442,HT0442,Carice,Notaire,0,N,SRC-025,2026-08-14,"Dénombrement issu de sources compilées, non d'un registre professionnel officiel. Un zéro signifie « aucun dans nos sources », jamais « aucun sur le territoire »."
HTC-0443,HT0443,Mombin Crochu,Arpenteur,0,N,SRC-025,2026-08-14,"Dénombrement issu de sources compilées, non d'un registre professionnel officiel. Un zéro signifie « aucun dans nos sources », jamais « aucun sur le territoire »."
HTC-0443,HT0443,Mombin Crochu,Notaire,0,N,SRC-025,2026-08-14,"Dénombrement issu de sources compilées, non d'un registre professionnel officiel. Un zéro signifie « aucun dans nos sources », jamais « aucun sur le territoire »."
HTC-0511,HT0511,Gonaïves,Arpenteur,0,N,SRC-025,2026-08-14,"Dénombrement issu de sources compilées, non d'un registre professionnel officiel. Un zéro signifie « aucun dans nos sources », jamais « aucun sur le territoire »."
HTC-0511,HT0511,Gonaïves,Notaire,8,E,SRC-025,2026-08-14,"Dénombrement issu de sources compilées, non d'un registre professionnel officiel. Un zéro signifie « aucun dans nos sources », jamais « aucun sur le territoire »."
HTC-0512,HT0512,Ennery,Arpenteur,0,N,SRC-025,2026-08-14,"Dénombrement issu de sources compilées, non d'un registre professionnel officiel. Un zéro signifie « aucun dans nos sources », jamais « aucun sur le territoire »."
HTC-0512,HT0512,Ennery,Notaire,0,N,SRC-025,2026-08-14,"Dénombrement issu de sources compilées, non d'un registre professionnel officiel. Un zéro signifie « aucun dans nos sources », jamais « aucun sur le territoire »."
HTC-0513,HT0513,L'Estère,Arpenteur,0,N,SRC-025,2026-08-14,"Dénombrement issu de sources compilées, non d'un registre professionnel officiel. Un zéro signifie « aucun dans nos sources », jamais « aucun sur le territoire »."
HTC-0513,HT0513,L'Estère,Notaire,0,N,SRC-025,2026-08-14,"Dénombrement issu de sources compilées, non d'un registre professionnel officiel. Un zéro signifie « aucun dans nos sources », jamais « aucun sur le territoire »."
HTC-0521,HT0521,Gros Morne,Arpenteur,0,N,SRC-025,2026-08-14,"Dénombrement issu de sources compilées, non d'un registre professionnel officiel. Un zéro signifie « aucun dans nos sources », jamais « aucun sur le territoire »."
HTC-0521,HT0521,Gros Morne,Notaire,0,N,SRC-025,2026-08-14,"Dénombrement issu de sources compilées, non d'un registre professionnel officiel. Un zéro signifie « aucun dans nos sources », jamais « aucun sur le territoire »."
HTC-0522,HT0522,Terre Neuve,Arpenteur,0,N,SRC-025,2026-08-14,"Dénombrement issu de sources compilées, non d'un registre professionnel officiel. Un zéro signifie « aucun dans nos sources », jamais « aucun sur le territoire »."
HTC-0522,HT0522,Terre Neuve,Notaire,0,N,SRC-025,2026-08-14,"Dénombrement issu de sources compilées, non d'un registre professionnel officiel. Un zéro signifie « aucun dans nos sources », jamais « aucun sur le territoire »."
HTC-0523,HT0523,Anse Rouge,Arpenteur,0,N,SRC-025,2026-08-14,"Dénombrement issu de sources compilées, non d'un registre professionnel officiel. Un zéro signifie « aucun dans nos sources », jamais « aucun sur le territoire »."
HTC-0523,HT0523,Anse Rouge,Notaire,0,N,SRC-025,2026-08-14,"Dénombrement issu de sources compilées, non d'un registre professionnel officiel. Un zéro signifie « aucun dans nos sources », jamais « aucun sur le territoire »."
HTC-0531,HT0531,Saint-Marc,Arpenteur,8,E,SRC-025,2026-08-14,"Dénombrement issu de sources compilées, non d'un registre professionnel officiel. Un zéro signifie « aucun dans nos sources », jamais « aucun sur le territoire »."
HTC-0531,HT0531,Saint-Marc,Notaire,3,E,SRC-025,2026-08-14,"Dénombrement issu de sources compilées, non d'un registre professionnel officiel. Un zéro signifie « aucun dans nos sources », jamais « aucun sur le territoire »."
HTC-0532,HT0532,Verrettes,Arpenteur,0,N,SRC-025,2026-08-14,"Dénombrement issu de sources compilées, non d'un registre professionnel officiel. Un zéro signifie « aucun dans nos sources », jamais « aucun sur le territoire »."
HTC-0532,HT0532,Verrettes,Notaire,1,E,SRC-025,2026-08-14,"Dénombrement issu de sources compilées, non d'un registre professionnel officiel. Un zéro signifie « aucun dans nos sources », jamais « aucun sur le territoire »."
HTC-0533,HT0533,La Chapelle,Arpenteur,0,N,SRC-025,2026-08-14,"Dénombrement issu de sources compilées, non d'un registre professionnel officiel. Un zéro signifie « aucun dans nos sources », jamais « aucun sur le territoire »."
HTC-0533,HT0533,La Chapelle,Notaire,0,N,SRC-025,2026-08-14,"Dénombrement issu de sources compilées, non d'un registre professionnel officiel. Un zéro signifie « aucun dans nos sources », jamais « aucun sur le territoire »."
HTC-0541,HT0541,Dessalines,Arpenteur,0,N,SRC-025,2026-08-14,"Dénombrement issu de sources compilées, non d'un registre professionnel officiel. Un zéro signifie « aucun dans nos sources », jamais « aucun sur le territoire »."
HTC-0541,HT0541,Dessalines,Notaire,0,N,SRC-025,2026-08-14,"Dénombrement issu de sources compilées, non d'un registre professionnel officiel. Un zéro signifie « aucun dans nos sources », jamais « aucun sur le territoire »."
HTC-0542,HT0542,Petite Rivière de l'Artibonite,Arpenteur,0,N,SRC-025,2026-08-14,"Dénombrement issu de sources compilées, non d'un registre professionnel officiel. Un zéro signifie « aucun dans nos sources », jamais « aucun sur le territoire »."
HTC-0542,HT0542,Petite Rivière de l'Artibonite,Notaire,0,N,SRC-025,2026-08-14,"Dénombrement issu de sources compilées, non d'un registre professionnel officiel. Un zéro signifie « aucun dans nos sources », jamais « aucun sur le territoire »."
HTC-0543,HT0543,Grande Saline,Arpenteur,0,N,SRC-025,2026-08-14,"Dénombrement issu de sources compilées, non d'un registre professionnel officiel. Un zéro signifie « aucun dans nos sources », jamais « aucun sur le territoire »."
HTC-0543,HT0543,Grande Saline,Notaire,0,N,SRC-025,2026-08-14,"Dénombrement issu de sources compilées, non d'un registre professionnel officiel. Un zéro signifie « aucun dans nos sources », jamais « aucun sur le territoire »."
HTC-0544,HT0544,Desdunes,Arpenteur,0,N,SRC-025,2026-08-14,"Dénombrement issu de sources compilées, non d'un registre professionnel officiel. Un zéro signifie « aucun dans nos sources », jamais « aucun sur le territoire »."
HTC-0544,HT0544,Desdunes,Notaire,1,E,SRC-025,2026-08-14,"Dénombrement issu de sources compilées, non d'un registre professionnel officiel. Un zéro signifie « aucun dans nos sources », jamais « aucun sur le territoire »."
HTC-0551,HT0551,Saint-Michel de l'Attalaye,Arpenteur,0,N,SRC-025,2026-08-14,"Dénombrement issu de sources compilées, non d'un registre professionnel officiel. Un zéro signifie « aucun dans nos sources », jamais « aucun sur le territoire »."
HTC-0551,HT0551,Saint-Michel de l'Attalaye,Notaire,0,N,SRC-025,2026-08-14,"Dénombrement issu de sources compilées, non d'un registre professionnel officiel. Un zéro signifie « aucun dans nos sources », jamais « aucun sur le territoire »."
HTC-0552,HT0552,Marmelade,Arpenteur,0,N,SRC-025,2026-08-14,"Dénombrement issu de sources compilées, non d'un registre professionnel officiel. Un zéro signifie « aucun dans nos sources », jamais « aucun sur le territoire »."
HTC-0552,HT0552,Marmelade,Notaire,0,N,SRC-025,2026-08-14,"Dénombrement issu de sources compilées, non d'un registre professionnel officiel. Un zéro signifie « aucun dans nos sources », jamais « aucun sur le territoire »."
HTC-0611,HT0611,Hinche,Arpenteur,3,E,SRC-025,2026-08-14,"Dénombrement issu de sources compilées, non d'un registre professionnel officiel. Un zéro signifie « aucun dans nos sources », jamais « aucun sur le territoire »."
HTC-0611,HT0611,Hinche,Notaire,3,E,SRC-025,2026-08-14,"Dénombrement issu de sources compilées, non d'un registre professionnel officiel. Un zéro signifie « aucun dans nos sources », jamais « aucun sur le territoire »."
HTC-0612,HT0612,Maïssade,Arpenteur,0,N,SRC-025,2026-08-14,"Dénombrement issu de sources compilées, non d'un registre professionnel officiel. Un zéro signifie « aucun dans nos sources », jamais « aucun sur le territoire »."
HTC-0612,HT0612,Maïssade,Notaire,0,N,SRC-025,2026-08-14,"Dénombrement issu de sources compilées, non d'un registre professionnel officiel. Un zéro signifie « aucun dans nos sources », jamais « aucun sur le territoire »."
HTC-0613,HT0613,Thomonde,Arpenteur,0,N,SRC-025,2026-08-14,"Dénombrement issu de sources compilées, non d'un registre professionnel officiel. Un zéro signifie « aucun dans nos sources », jamais « aucun sur le territoire »."
HTC-0613,HT0613,Thomonde,Notaire,0,N,SRC-025,2026-08-14,"Dénombrement issu de sources compilées, non d'un registre professionnel officiel. Un zéro signifie « aucun dans nos sources », jamais « aucun sur le territoire »."
HTC-0614,HT0614,Cerca Carvajal,Arpenteur,0,N,SRC-025,2026-08-14,"Dénombrement issu de sources compilées, non d'un registre professionnel officiel. Un zéro signifie « aucun dans nos sources », jamais « aucun sur le territoire »."
HTC-0614,HT0614,Cerca Carvajal,Notaire,0,N,SRC-025,2026-08-14,"Dénombrement issu de sources compilées, non d'un registre professionnel officiel. Un zéro signifie « aucun dans nos sources », jamais « aucun sur le territoire »."
HTC-0621,HT0621,Mirebalais,Arpenteur,2,E,SRC-025,2026-08-14,"Dénombrement issu de sources compilées, non d'un registre professionnel officiel. Un zéro signifie « aucun dans nos sources », jamais « aucun sur le territoire »."
HTC-0621,HT0621,Mirebalais,Notaire,1,E,SRC-025,2026-08-14,"Dénombrement issu de sources compilées, non d'un registre professionnel officiel. Un zéro signifie « aucun dans nos sources », jamais « aucun sur le territoire »."
HTC-0622,HT0622,Saut d'Eau,Arpenteur,1,E,SRC-025,2026-08-14,"Dénombrement issu de sources compilées, non d'un registre professionnel officiel. Un zéro signifie « aucun dans nos sources », jamais « aucun sur le territoire »."
HTC-0622,HT0622,Saut d'Eau,Notaire,0,N,SRC-025,2026-08-14,"Dénombrement issu de sources compilées, non d'un registre professionnel officiel. Un zéro signifie « aucun dans nos sources », jamais « aucun sur le territoire »."
HTC-0623,HT0623,Boucan Carré,Arpenteur,0,N,SRC-025,2026-08-14,"Dénombrement issu de sources compilées, non d'un registre professionnel officiel. Un zéro signifie « aucun dans nos sources », jamais « aucun sur le territoire »."
HTC-0623,HT0623,Boucan Carré,Notaire,0,N,SRC-025,2026-08-14,"Dénombrement issu de sources compilées, non d'un registre professionnel officiel. Un zéro signifie « aucun dans nos sources », jamais « aucun sur le territoire »."
HTC-0631,HT0631,Lascahobas,Arpenteur,1,E,SRC-025,2026-08-14,"Dénombrement issu de sources compilées, non d'un registre professionnel officiel. Un zéro signifie « aucun dans nos sources », jamais « aucun sur le territoire »."
HTC-0631,HT0631,Lascahobas,Notaire,0,N,SRC-025,2026-08-14,"Dénombrement issu de sources compilées, non d'un registre professionnel officiel. Un zéro signifie « aucun dans nos sources », jamais « aucun sur le territoire »."
HTC-0632,HT0632,Belladère,Arpenteur,0,N,SRC-025,2026-08-14,"Dénombrement issu de sources compilées, non d'un registre professionnel officiel. Un zéro signifie « aucun dans nos sources », jamais « aucun sur le territoire »."
HTC-0632,HT0632,Belladère,Notaire,0,N,SRC-025,2026-08-14,"Dénombrement issu de sources compilées, non d'un registre professionnel officiel. Un zéro signifie « aucun dans nos sources », jamais « aucun sur le territoire »."
HTC-0633,HT0633,Savanette,Arpenteur,0,N,SRC-025,2026-08-14,"Dénombrement issu de sources compilées, non d'un registre professionnel officiel. Un zéro signifie « aucun dans nos sources », jamais « aucun sur le territoire »."
HTC-0633,HT0633,Savanette,Notaire,0,N,SRC-025,2026-08-14,"Dénombrement issu de sources compilées, non d'un registre professionnel officiel. Un zéro signifie « aucun dans nos sources », jamais « aucun sur le territoire »."
HTC-0641,HT0641,Cerca La Source,Arpenteur,0,N,SRC-025,2026-08-14,"Dénombrement issu de sources compilées, non d'un registre professionnel officiel. Un zéro signifie « aucun dans nos sources », jamais « aucun sur le territoire »."
HTC-0641,HT0641,Cerca La Source,Notaire,0,N,SRC-025,2026-08-14,"Dénombrement issu de sources compilées, non d'un registre professionnel officiel. Un zéro signifie « aucun dans nos sources », jamais « aucun sur le territoire »."
HTC-0642,HT0642,Thomassique,Arpenteur,1,E,SRC-025,2026-08-14,"Dénombrement issu de sources compilées, non d'un registre professionnel officiel. Un zéro signifie « aucun dans nos sources », jamais « aucun sur le territoire »."
HTC-0642,HT0642,Thomassique,Notaire,0,N,SRC-025,2026-08-14,"Dénombrement issu de sources compilées, non d'un registre professionnel officiel. Un zéro signifie « aucun dans nos sources », jamais « aucun sur le territoire »."
HTC-0711,HT0711,Les Cayes,Arpenteur,7,E,SRC-025,2026-08-14,"Dénombrement issu de sources compilées, non d'un registre professionnel officiel. Un zéro signifie « aucun dans nos sources », jamais « aucun sur le territoire »."
HTC-0711,HT0711,Les Cayes,Notaire,14,E,SRC-025,2026-08-14,"Dénombrement issu de sources compilées, non d'un registre professionnel officiel. Un zéro signifie « aucun dans nos sources », jamais « aucun sur le territoire »."
HTC-0712,HT0712,Torbeck,Arpenteur,0,N,SRC-025,2026-08-14,"Dénombrement issu de sources compilées, non d'un registre professionnel officiel. Un zéro signifie « aucun dans nos sources », jamais « aucun sur le territoire »."
HTC-0712,HT0712,Torbeck,Notaire,0,N,SRC-025,2026-08-14,"Dénombrement issu de sources compilées, non d'un registre professionnel officiel. Un zéro signifie « aucun dans nos sources », jamais « aucun sur le territoire »."
HTC-0713,HT0713,Chantal,Arpenteur,0,N,SRC-025,2026-08-14,"Dénombrement issu de sources compilées, non d'un registre professionnel officiel. Un zéro signifie « aucun dans nos sources », jamais « aucun sur le territoire »."
HTC-0713,HT0713,Chantal,Notaire,0,N,SRC-025,2026-08-14,"Dénombrement issu de sources compilées, non d'un registre professionnel officiel. Un zéro signifie « aucun dans nos sources », jamais « aucun sur le territoire »."
HTC-0714,HT0714,Camp-Perrin,Arpenteur,2,E,SRC-025,2026-08-14,"Dénombrement issu de sources compilées, non d'un registre professionnel officiel. Un zéro signifie « aucun dans nos sources », jamais « aucun sur le territoire »."
HTC-0714,HT0714,Camp-Perrin,Notaire,2,E,SRC-025,2026-08-14,"Dénombrement issu de sources compilées, non d'un registre professionnel officiel. Un zéro signifie « aucun dans nos sources », jamais « aucun sur le territoire »."
HTC-0715,HT0715,Maniche,Arpenteur,0,N,SRC-025,2026-08-14,"Dénombrement issu de sources compilées, non d'un registre professionnel officiel. Un zéro signifie « aucun dans nos sources », jamais « aucun sur le territoire »."
HTC-0715,HT0715,Maniche,Notaire,0,N,SRC-025,2026-08-14,"Dénombrement issu de sources compilées, non d'un registre professionnel officiel. Un zéro signifie « aucun dans nos sources », jamais « aucun sur le territoire »."
HTC-0716,HT0716,Île à Vache,Arpenteur,1,E,SRC-025,2026-08-14,"Dénombrement issu de sources compilées, non d'un registre professionnel officiel. Un zéro signifie « aucun dans nos sources », jamais « aucun sur le territoire »."
HTC-0716,HT0716,Île à Vache,Notaire,0,N,SRC-025,2026-08-14,"Dénombrement issu de sources compilées, non d'un registre professionnel officiel. Un zéro signifie « aucun dans nos sources », jamais « aucun sur le territoire »."
HTC-0721,HT0721,Port-Salut,Arpenteur,1,E,SRC-025,2026-08-14,"Dénombrement issu de sources compilées, non d'un registre professionnel officiel. Un zéro signifie « aucun dans nos sources », jamais « aucun sur le territoire »."
HTC-0721,HT0721,Port-Salut,Notaire,0,N,SRC-025,2026-08-14,"Dénombrement issu de sources compilées, non d'un registre professionnel officiel. Un zéro signifie « aucun dans nos sources », jamais « aucun sur le territoire »."
HTC-0722,HT0722,Saint Jean du Sud,Arpenteur,0,N,SRC-025,2026-08-14,"Dénombrement issu de sources compilées, non d'un registre professionnel officiel. Un zéro signifie « aucun dans nos sources », jamais « aucun sur le territoire »."
HTC-0722,HT0722,Saint Jean du Sud,Notaire,0,N,SRC-025,2026-08-14,"Dénombrement issu de sources compilées, non d'un registre professionnel officiel. Un zéro signifie « aucun dans nos sources », jamais « aucun sur le territoire »."
HTC-0723,HT0723,Arniquet,Arpenteur,0,N,SRC-025,2026-08-14,"Dénombrement issu de sources compilées, non d'un registre professionnel officiel. Un zéro signifie « aucun dans nos sources », jamais « aucun sur le territoire »."
HTC-0723,HT0723,Arniquet,Notaire,0,N,SRC-025,2026-08-14,"Dénombrement issu de sources compilées, non d'un registre professionnel officiel. Un zéro signifie « aucun dans nos sources », jamais « aucun sur le territoire »."
HTC-0731,HT0731,Aquin,Arpenteur,1,E,SRC-025,2026-08-14,"Dénombrement issu de sources compilées, non d'un registre professionnel officiel. Un zéro signifie « aucun dans nos sources », jamais « aucun sur le territoire »."
HTC-0731,HT0731,Aquin,Notaire,1,E,SRC-025,2026-08-14,"Dénombrement issu de sources compilées, non d'un registre professionnel officiel. Un zéro signifie « aucun dans nos sources », jamais « aucun sur le territoire »."
HTC-0732,HT0732,Saint Louis du Sud,Arpenteur,1,E,SRC-025,2026-08-14,"Dénombrement issu de sources compilées, non d'un registre professionnel officiel. Un zéro signifie « aucun dans nos sources », jamais « aucun sur le territoire »."
HTC-0732,HT0732,Saint Louis du Sud,Notaire,0,N,SRC-025,2026-08-14,"Dénombrement issu de sources compilées, non d'un registre professionnel officiel. Un zéro signifie « aucun dans nos sources », jamais « aucun sur le territoire »."
HTC-0733,HT0733,Cavaillon,Arpenteur,14,E,SRC-025,2026-08-14,"Dénombrement issu de sources compilées, non d'un registre professionnel officiel. Un zéro signifie « aucun dans nos sources », jamais « aucun sur le territoire »."
HTC-0733,HT0733,Cavaillon,Notaire,0,N,SRC-025,2026-08-14,"Dénombrement issu de sources compilées, non d'un registre professionnel officiel. Un zéro signifie « aucun dans nos sources », jamais « aucun sur le territoire »."
HTC-0741,HT0741,Côteaux,Arpenteur,0,N,SRC-025,2026-08-14,"Dénombrement issu de sources compilées, non d'un registre professionnel officiel. Un zéro signifie « aucun dans nos sources », jamais « aucun sur le territoire »."
HTC-0741,HT0741,Côteaux,Notaire,0,N,SRC-025,2026-08-14,"Dénombrement issu de sources compilées, non d'un registre professionnel officiel. Un zéro signifie « aucun dans nos sources », jamais « aucun sur le territoire »."
HTC-0742,HT0742,Port-à-Piment,Arpenteur,0,N,SRC-025,2026-08-14,"Dénombrement issu de sources compilées, non d'un registre professionnel officiel. Un zéro signifie « aucun dans nos sources », jamais « aucun sur le territoire »."
HTC-0742,HT0742,Port-à-Piment,Notaire,1,E,SRC-025,2026-08-14,"Dénombrement issu de sources compilées, non d'un registre professionnel officiel. Un zéro signifie « aucun dans nos sources », jamais « aucun sur le territoire »."
HTC-0743,HT0743,Roche à Bâteau,Arpenteur,0,N,SRC-025,2026-08-14,"Dénombrement issu de sources compilées, non d'un registre professionnel officiel. Un zéro signifie « aucun dans nos sources », jamais « aucun sur le territoire »."
HTC-0743,HT0743,Roche à Bâteau,Notaire,0,N,SRC-025,2026-08-14,"Dénombrement issu de sources compilées, non d'un registre professionnel officiel. Un zéro signifie « aucun dans nos sources », jamais « aucun sur le territoire »."
HTC-0751,HT0751,Chardonnières,Arpenteur,0,N,SRC-025,2026-08-14,"Dénombrement issu de sources compilées, non d'un registre professionnel officiel. Un zéro signifie « aucun dans nos sources », jamais « aucun sur le territoire »."
HTC-0751,HT0751,Chardonnières,Notaire,0,N,SRC-025,2026-08-14,"Dénombrement issu de sources compilées, non d'un registre professionnel officiel. Un zéro signifie « aucun dans nos sources », jamais « aucun sur le territoire »."
HTC-0752,HT0752,Les Anglais,Arpenteur,0,N,SRC-025,2026-08-14,"Dénombrement issu de sources compilées, non d'un registre professionnel officiel. Un zéro signifie « aucun dans nos sources », jamais « aucun sur le territoire »."
HTC-0752,HT0752,Les Anglais,Notaire,1,E,SRC-025,2026-08-14,"Dénombrement issu de sources compilées, non d'un registre professionnel officiel. Un zéro signifie « aucun dans nos sources », jamais « aucun sur le territoire »."
HTC-0753,HT0753,Tiburon,Arpenteur,0,N,SRC-025,2026-08-14,"Dénombrement issu de sources compilées, non d'un registre professionnel officiel. Un zéro signifie « aucun dans nos sources », jamais « aucun sur le territoire »."
HTC-0753,HT0753,Tiburon,Notaire,0,N,SRC-025,2026-08-14,"Dénombrement issu de sources compilées, non d'un registre professionnel officiel. Un zéro signifie « aucun dans nos sources », jamais « aucun sur le territoire »."
HTC-0811,HT0811,Jérémie,Arpenteur,14,E,SRC-025,2026-08-14,"Dénombrement issu de sources compilées, non d'un registre professionnel officiel. Un zéro signifie « aucun dans nos sources », jamais « aucun sur le territoire »."
HTC-0811,HT0811,Jérémie,Notaire,3,E,SRC-025,2026-08-14,"Dénombrement issu de sources compilées, non d'un registre professionnel officiel. Un zéro signifie « aucun dans nos sources », jamais « aucun sur le territoire »."
HTC-0812,HT0812,Abricots,Arpenteur,0,N,SRC-025,2026-08-14,"Dénombrement issu de sources compilées, non d'un registre professionnel officiel. Un zéro signifie « aucun dans nos sources », jamais « aucun sur le territoire »."
HTC-0812,HT0812,Abricots,Notaire,0,N,SRC-025,2026-08-14,"Dénombrement issu de sources compilées, non d'un registre professionnel officiel. Un zéro signifie « aucun dans nos sources », jamais « aucun sur le territoire »."
HTC-0813,HT0813,Bonbon,Arpenteur,0,N,SRC-025,2026-08-14,"Dénombrement issu de sources compilées, non d'un registre professionnel officiel. Un zéro signifie « aucun dans nos sources », jamais « aucun sur le territoire »."
HTC-0813,HT0813,Bonbon,Notaire,0,N,SRC-025,2026-08-14,"Dénombrement issu de sources compilées, non d'un registre professionnel officiel. Un zéro signifie « aucun dans nos sources », jamais « aucun sur le territoire »."
HTC-0814,HT0814,Moron,Arpenteur,0,N,SRC-025,2026-08-14,"Dénombrement issu de sources compilées, non d'un registre professionnel officiel. Un zéro signifie « aucun dans nos sources », jamais « aucun sur le territoire »."
HTC-0814,HT0814,Moron,Notaire,0,N,SRC-025,2026-08-14,"Dénombrement issu de sources compilées, non d'un registre professionnel officiel. Un zéro signifie « aucun dans nos sources », jamais « aucun sur le territoire »."
HTC-0815,HT0815,Chambellan,Arpenteur,0,N,SRC-025,2026-08-14,"Dénombrement issu de sources compilées, non d'un registre professionnel officiel. Un zéro signifie « aucun dans nos sources », jamais « aucun sur le territoire »."
HTC-0815,HT0815,Chambellan,Notaire,1,E,SRC-025,2026-08-14,"Dénombrement issu de sources compilées, non d'un registre professionnel officiel. Un zéro signifie « aucun dans nos sources », jamais « aucun sur le territoire »."
HTC-0821,HT0821,Anse d'Hainault,Arpenteur,0,N,SRC-025,2026-08-14,"Dénombrement issu de sources compilées, non d'un registre professionnel officiel. Un zéro signifie « aucun dans nos sources », jamais « aucun sur le territoire »."
HTC-0821,HT0821,Anse d'Hainault,Notaire,1,E,SRC-025,2026-08-14,"Dénombrement issu de sources compilées, non d'un registre professionnel officiel. Un zéro signifie « aucun dans nos sources », jamais « aucun sur le territoire »."
HTC-0822,HT0822,Dame Marie,Arpenteur,0,N,SRC-025,2026-08-14,"Dénombrement issu de sources compilées, non d'un registre professionnel officiel. Un zéro signifie « aucun dans nos sources », jamais « aucun sur le territoire »."
HTC-0822,HT0822,Dame Marie,Notaire,0,N,SRC-025,2026-08-14,"Dénombrement issu de sources compilées, non d'un registre professionnel officiel. Un zéro signifie « aucun dans nos sources », jamais « aucun sur le territoire »."
HTC-0823,HT0823,Les Irois,Arpenteur,0,N,SRC-025,2026-08-14,"Dénombrement issu de sources compilées, non d'un registre professionnel officiel. Un zéro signifie « aucun dans nos sources », jamais « aucun sur le territoire »."
HTC-0823,HT0823,Les Irois,Notaire,0,N,SRC-025,2026-08-14,"Dénombrement issu de sources compilées, non d'un registre professionnel officiel. Un zéro signifie « aucun dans nos sources », jamais « aucun sur le territoire »."
HTC-0831,HT0831,Corail,Arpenteur,0,N,SRC-025,2026-08-14,"Dénombrement issu de sources compilées, non d'un registre professionnel officiel. Un zéro signifie « aucun dans nos sources », jamais « aucun sur le territoire »."
HTC-0831,HT0831,Corail,Notaire,0,N,SRC-025,2026-08-14,"Dénombrement issu de sources compilées, non d'un registre professionnel officiel. Un zéro signifie « aucun dans nos sources », jamais « aucun sur le territoire »."
HTC-0832,HT0832,Roseaux,Arpenteur,0,N,SRC-025,2026-08-14,"Dénombrement issu de sources compilées, non d'un registre professionnel officiel. Un zéro signifie « aucun dans nos sources », jamais « aucun sur le territoire »."
HTC-0832,HT0832,Roseaux,Notaire,0,N,SRC-025,2026-08-14,"Dénombrement issu de sources compilées, non d'un registre professionnel officiel. Un zéro signifie « aucun dans nos sources », jamais « aucun sur le territoire »."
HTC-0833,HT0833,Beaumont,Arpenteur,0,N,SRC-025,2026-08-14,"Dénombrement issu de sources compilées, non d'un registre professionnel officiel. Un zéro signifie « aucun dans nos sources », jamais « aucun sur le territoire »."
HTC-0833,HT0833,Beaumont,Notaire,0,N,SRC-025,2026-08-14,"Dénombrement issu de sources compilées, non d'un registre professionnel officiel. Un zéro signifie « aucun dans nos sources », jamais « aucun sur le territoire »."
HTC-0834,HT0834,Pestel,Arpenteur,0,N,SRC-025,2026-08-14,"Dénombrement issu de sources compilées, non d'un registre professionnel officiel. Un zéro signifie « aucun dans nos sources », jamais « aucun sur le territoire »."
HTC-0834,HT0834,Pestel,Notaire,0,N,SRC-025,2026-08-14,"Dénombrement issu de sources compilées, non d'un registre professionnel officiel. Un zéro signifie « aucun dans nos sources », jamais « aucun sur le territoire »."
HTC-0911,HT0911,Port-de-Paix,Arpenteur,2,E,SRC-025,2026-08-14,"Dénombrement issu de sources compilées, non d'un registre professionnel officiel. Un zéro signifie « aucun dans nos sources », jamais « aucun sur le territoire »."
HTC-0911,HT0911,Port-de-Paix,Notaire,7,E,SRC-025,2026-08-14,"Dénombrement issu de sources compilées, non d'un registre professionnel officiel. Un zéro signifie « aucun dans nos sources », jamais « aucun sur le territoire »."
HTC-0912,HT0912,La Tortue,Arpenteur,0,N,SRC-025,2026-08-14,"Dénombrement issu de sources compilées, non d'un registre professionnel officiel. Un zéro signifie « aucun dans nos sources », jamais « aucun sur le territoire »."
HTC-0912,HT0912,La Tortue,Notaire,0,N,SRC-025,2026-08-14,"Dénombrement issu de sources compilées, non d'un registre professionnel officiel. Un zéro signifie « aucun dans nos sources », jamais « aucun sur le territoire »."
HTC-0913,HT0913,Bassin Bleu,Arpenteur,0,N,SRC-025,2026-08-14,"Dénombrement issu de sources compilées, non d'un registre professionnel officiel. Un zéro signifie « aucun dans nos sources », jamais « aucun sur le territoire »."
HTC-0913,HT0913,Bassin Bleu,Notaire,2,E,SRC-025,2026-08-14,"Dénombrement issu de sources compilées, non d'un registre professionnel officiel. Un zéro signifie « aucun dans nos sources », jamais « aucun sur le territoire »."
HTC-0914,HT0914,Chamsolme,Arpenteur,0,N,SRC-025,2026-08-14,"Dénombrement issu de sources compilées, non d'un registre professionnel officiel. Un zéro signifie « aucun dans nos sources », jamais « aucun sur le territoire »."
HTC-0914,HT0914,Chamsolme,Notaire,0,N,SRC-025,2026-08-14,"Dénombrement issu de sources compilées, non d'un registre professionnel officiel. Un zéro signifie « aucun dans nos sources », jamais « aucun sur le territoire »."
HTC-0921,HT0921,Saint-Louis du Nord,Arpenteur,0,N,SRC-025,2026-08-14,"Dénombrement issu de sources compilées, non d'un registre professionnel officiel. Un zéro signifie « aucun dans nos sources », jamais « aucun sur le territoire »."
HTC-0921,HT0921,Saint-Louis du Nord,Notaire,1,E,SRC-025,2026-08-14,"Dénombrement issu de sources compilées, non d'un registre professionnel officiel. Un zéro signifie « aucun dans nos sources », jamais « aucun sur le territoire »."
HTC-0922,HT0922,Anse-à-Foleur,Arpenteur,0,N,SRC-025,2026-08-14,"Dénombrement issu de sources compilées, non d'un registre professionnel officiel. Un zéro signifie « aucun dans nos sources », jamais « aucun sur le territoire »."
HTC-0922,HT0922,Anse-à-Foleur,Notaire,0,N,SRC-025,2026-08-14,"Dénombrement issu de sources compilées, non d'un registre professionnel officiel. Un zéro signifie « aucun dans nos sources », jamais « aucun sur le territoire »."
HTC-0931,HT0931,Môle Saint Nicolas,Arpenteur,0,N,SRC-025,2026-08-14,"Dénombrement issu de sources compilées, non d'un registre professionnel officiel. Un zéro signifie « aucun dans nos sources », jamais « aucun sur le territoire »."
HTC-0931,HT0931,Môle Saint Nicolas,Notaire,0,N,SRC-025,2026-08-14,"Dénombrement issu de sources compilées, non d'un registre professionnel officiel. Un zéro signifie « aucun dans nos sources », jamais « aucun sur le territoire »."
HTC-0932,HT0932,Baie de Henne,Arpenteur,0,N,SRC-025,2026-08-14,"Dénombrement issu de sources compilées, non d'un registre professionnel officiel. Un zéro signifie « aucun dans nos sources », jamais « aucun sur le territoire »."
HTC-0932,HT0932,Baie de Henne,Notaire,0,N,SRC-025,2026-08-14,"Dénombrement issu de sources compilées, non d'un registre professionnel officiel. Un zéro signifie « aucun dans nos sources », jamais « aucun sur le territoire »."
HTC-0933,HT0933,Bombardopolis,Arpenteur,0,N,SRC-025,2026-08-14,"Dénombrement issu de sources compilées, non d'un registre professionnel officiel. Un zéro signifie « aucun dans nos sources », jamais « aucun sur le territoire »."
HTC-0933,HT0933,Bombardopolis,Notaire,0,N,SRC-025,2026-08-14,"Dénombrement issu de sources compilées, non d'un registre professionnel officiel. Un zéro signifie « aucun dans nos sources », jamais « aucun sur le territoire »."
HTC-0934,HT0934,Jean Rabel,Arpenteur,0,N,SRC-025,2026-08-14,"Dénombrement issu de sources compilées, non d'un registre professionnel officiel. Un zéro signifie « aucun dans nos sources », jamais « aucun sur le territoire »."
HTC-0934,HT0934,Jean Rabel,Notaire,0,N,SRC-025,2026-08-14,"Dénombrement issu de sources compilées, non d'un registre professionnel officiel. Un zéro signifie « aucun dans nos sources », jamais « aucun sur le territoire »."
HTC-1011,HT1011,Miragoâne,Arpenteur,3,E,SRC-025,2026-08-14,"Dénombrement issu de sources compilées, non d'un registre professionnel officiel. Un zéro signifie « aucun dans nos sources », jamais « aucun sur le territoire »."
HTC-1011,HT1011,Miragoâne,Notaire,6,E,SRC-025,2026-08-14,"Dénombrement issu de sources compilées, non d'un registre professionnel officiel. Un zéro signifie « aucun dans nos sources », jamais « aucun sur le territoire »."
HTC-1012,HT1012,Petite Rivière de Nippes,Arpenteur,0,N,SRC-025,2026-08-14,"Dénombrement issu de sources compilées, non d'un registre professionnel officiel. Un zéro signifie « aucun dans nos sources », jamais « aucun sur le territoire »."
HTC-1012,HT1012,Petite Rivière de Nippes,Notaire,0,N,SRC-025,2026-08-14,"Dénombrement issu de sources compilées, non d'un registre professionnel officiel. Un zéro signifie « aucun dans nos sources », jamais « aucun sur le territoire »."
HTC-1013,HT1013,Fonds des Nègres,Arpenteur,0,N,SRC-025,2026-08-14,"Dénombrement issu de sources compilées, non d'un registre professionnel officiel. Un zéro signifie « aucun dans nos sources », jamais « aucun sur le territoire »."
HTC-1013,HT1013,Fonds des Nègres,Notaire,0,N,SRC-025,2026-08-14,"Dénombrement issu de sources compilées, non d'un registre professionnel officiel. Un zéro signifie « aucun dans nos sources », jamais « aucun sur le territoire »."
HTC-1014,HT1014,Paillant,Arpenteur,0,N,SRC-025,2026-08-14,"Dénombrement issu de sources compilées, non d'un registre professionnel officiel. Un zéro signifie « aucun dans nos sources », jamais « aucun sur le territoire »."
HTC-1014,HT1014,Paillant,Notaire,0,N,SRC-025,2026-08-14,"Dénombrement issu de sources compilées, non d'un registre professionnel officiel. Un zéro signifie « aucun dans nos sources », jamais « aucun sur le territoire »."
HTC-1021,HT1021,Anse-à-Veau,Arpenteur,0,N,SRC-025,2026-08-14,"Dénombrement issu de sources compilées, non d'un registre professionnel officiel. Un zéro signifie « aucun dans nos sources », jamais « aucun sur le territoire »."
HTC-1021,HT1021,Anse-à-Veau,Notaire,0,N,SRC-025,2026-08-14,"Dénombrement issu de sources compilées, non d'un registre professionnel officiel. Un zéro signifie « aucun dans nos sources », jamais « aucun sur le territoire »."
HTC-1022,HT1022,Petit Trou de Nippes,Arpenteur,0,N,SRC-025,2026-08-14,"Dénombrement issu de sources compilées, non d'un registre professionnel officiel. Un zéro signifie « aucun dans nos sources », jamais « aucun sur le territoire »."
HTC-1022,HT1022,Petit Trou de Nippes,Notaire,0,N,SRC-025,2026-08-14,"Dénombrement issu de sources compilées, non d'un registre professionnel officiel. Un zéro signifie « aucun dans nos sources », jamais « aucun sur le territoire »."
HTC-1023,HT1023,L'Asile,Arpenteur,0,N,SRC-025,2026-08-14,"Dénombrement issu de sources compilées, non d'un registre professionnel officiel. Un zéro signifie « aucun dans nos sources », jamais « aucun sur le territoire »."
HTC-1023,HT1023,L'Asile,Notaire,0,N,SRC-025,2026-08-14,"Dénombrement issu de sources compilées, non d'un registre professionnel officiel. Un zéro signifie « aucun dans nos sources », jamais « aucun sur le territoire »."
HTC-1024,HT1024,Arnaud,Arpenteur,0,N,SRC-025,2026-08-14,"Dénombrement issu de sources compilées, non d'un registre professionnel officiel. Un zéro signifie « aucun dans nos sources », jamais « aucun sur le territoire »."
HTC-1024,HT1024,Arnaud,Notaire,0,N,SRC-025,2026-08-14,"Dénombrement issu de sources compilées, non d'un registre professionnel officiel. Un zéro signifie « aucun dans nos sources », jamais « aucun sur le territoire »."
HTC-1025,HT1025,Plaisance du Sud,Arpenteur,0,N,SRC-025,2026-08-14,"Dénombrement issu de sources compilées, non d'un registre professionnel officiel. Un zéro signifie « aucun dans nos sources », jamais « aucun sur le territoire »."
HTC-1025,HT1025,Plaisance du Sud,Notaire,0,N,SRC-025,2026-08-14,"Dénombrement issu de sources compilées, non d'un registre professionnel officiel. Un zéro signifie « aucun dans nos sources », jamais « aucun sur le territoire »."
HTC-1031,HT1031,Baradères,Arpenteur,0,N,SRC-025,2026-08-14,"Dénombrement issu de sources compilées, non d'un registre professionnel officiel. Un zéro signifie « aucun dans nos sources », jamais « aucun sur le territoire »."
HTC-1031,HT1031,Baradères,Notaire,0,N,SRC-025,2026-08-14,"Dénombrement issu de sources compilées, non d'un registre professionnel officiel. Un zéro signifie « aucun dans nos sources », jamais « aucun sur le territoire »."
HTC-1032,HT1032,Grand-Boucan,Arpenteur,0,N,SRC-025,2026-08-14,"Dénombrement issu de sources compilées, non d'un registre professionnel officiel. Un zéro signifie « aucun dans nos sources », jamais « aucun sur le territoire »."
HTC-1032,HT1032,Grand-Boucan,Notaire,0,N,SRC-025,2026-08-14,"Dénombrement issu de sources compilées, non d'un registre professionnel officiel. Un zéro signifie « aucun dans nos sources », jamais « aucun sur le territoire »."
