pcode_commune,nom_commune,operateur,genre,unite,valeur,source_id,millesime,licence
HT0111,Port-au-Prince,Digicel,boutique mobile,nombre,7,SRC-036,"OSM via Overpass, extrait le 15/08/2026",ODbL (© contributeurs OpenStreetMap)
HT0111,Port-au-Prince,Digicel,site de communication,nombre,3,SRC-036,"OSM via Overpass, extrait le 15/08/2026",ODbL (© contributeurs OpenStreetMap)
HT0111,Port-au-Prince,Natcom,boutique mobile,nombre,3,SRC-036,"OSM via Overpass, extrait le 15/08/2026",ODbL (© contributeurs OpenStreetMap)
HT0111,Port-au-Prince,Natcom,bureau d'opérateur,nombre,1,SRC-036,"OSM via Overpass, extrait le 15/08/2026",ODbL (© contributeurs OpenStreetMap)
HT0111,Port-au-Prince,opérateur non précisé,accès internet public,nombre,3,SRC-036,"OSM via Overpass, extrait le 15/08/2026",ODbL (© contributeurs OpenStreetMap)
HT0111,Port-au-Prince,opérateur non précisé,bureau d'opérateur,nombre,2,SRC-036,"OSM via Overpass, extrait le 15/08/2026",ODbL (© contributeurs OpenStreetMap)
HT0111,Port-au-Prince,opérateur non précisé,site de communication,nombre,9,SRC-036,"OSM via Overpass, extrait le 15/08/2026",ODbL (© contributeurs OpenStreetMap)
HT0112,Delmas,Digicel,boutique mobile,nombre,4,SRC-036,"OSM via Overpass, extrait le 15/08/2026",ODbL (© contributeurs OpenStreetMap)
HT0112,Delmas,Digicel,bureau d'opérateur,nombre,1,SRC-036,"OSM via Overpass, extrait le 15/08/2026",ODbL (© contributeurs OpenStreetMap)
HT0112,Delmas,Natcom,boutique mobile,nombre,1,SRC-036,"OSM via Overpass, extrait le 15/08/2026",ODbL (© contributeurs OpenStreetMap)
HT0112,Delmas,opérateur non précisé,accès internet public,nombre,1,SRC-036,"OSM via Overpass, extrait le 15/08/2026",ODbL (© contributeurs OpenStreetMap)
HT0112,Delmas,opérateur non précisé,site de communication,nombre,19,SRC-036,"OSM via Overpass, extrait le 15/08/2026",ODbL (© contributeurs OpenStreetMap)
HT0113,Carrefour,opérateur non précisé,site de communication,nombre,2,SRC-036,"OSM via Overpass, extrait le 15/08/2026",ODbL (© contributeurs OpenStreetMap)
HT0114,Petion-Ville,Digicel,boutique mobile,nombre,4,SRC-036,"OSM via Overpass, extrait le 15/08/2026",ODbL (© contributeurs OpenStreetMap)
HT0114,Petion-Ville,Digicel,site de communication,nombre,1,SRC-036,"OSM via Overpass, extrait le 15/08/2026",ODbL (© contributeurs OpenStreetMap)
HT0114,Petion-Ville,Natcom,boutique mobile,nombre,2,SRC-036,"OSM via Overpass, extrait le 15/08/2026",ODbL (© contributeurs OpenStreetMap)
HT0114,Petion-Ville,Voilà,boutique mobile,nombre,3,SRC-036,"OSM via Overpass, extrait le 15/08/2026",ODbL (© contributeurs OpenStreetMap)
HT0114,Petion-Ville,opérateur non précisé,boutique mobile,nombre,5,SRC-036,"OSM via Overpass, extrait le 15/08/2026",ODbL (© contributeurs OpenStreetMap)
HT0114,Petion-Ville,opérateur non précisé,site de communication,nombre,11,SRC-036,"OSM via Overpass, extrait le 15/08/2026",ODbL (© contributeurs OpenStreetMap)
HT0115,Kenscoff,opérateur non précisé,site de communication,nombre,2,SRC-036,"OSM via Overpass, extrait le 15/08/2026",ODbL (© contributeurs OpenStreetMap)
HT0117,Cite Soleil,Digicel,site de communication,nombre,3,SRC-036,"OSM via Overpass, extrait le 15/08/2026",ODbL (© contributeurs OpenStreetMap)
HT0117,Cite Soleil,opérateur non précisé,site de communication,nombre,3,SRC-036,"OSM via Overpass, extrait le 15/08/2026",ODbL (© contributeurs OpenStreetMap)
HT0118,Tabarre,Digicel,boutique mobile,nombre,2,SRC-036,"OSM via Overpass, extrait le 15/08/2026",ODbL (© contributeurs OpenStreetMap)
HT0118,Tabarre,Natcom,boutique mobile,nombre,1,SRC-036,"OSM via Overpass, extrait le 15/08/2026",ODbL (© contributeurs OpenStreetMap)
HT0118,Tabarre,Natcom,site de communication,nombre,1,SRC-036,"OSM via Overpass, extrait le 15/08/2026",ODbL (© contributeurs OpenStreetMap)
HT0118,Tabarre,opérateur non précisé,site de communication,nombre,8,SRC-036,"OSM via Overpass, extrait le 15/08/2026",ODbL (© contributeurs OpenStreetMap)
HT0121,Leogane,Digicel,boutique mobile,nombre,1,SRC-036,"OSM via Overpass, extrait le 15/08/2026",ODbL (© contributeurs OpenStreetMap)
HT0121,Leogane,Natcom,boutique mobile,nombre,1,SRC-036,"OSM via Overpass, extrait le 15/08/2026",ODbL (© contributeurs OpenStreetMap)
HT0121,Leogane,opérateur non précisé,site de communication,nombre,5,SRC-036,"OSM via Overpass, extrait le 15/08/2026",ODbL (© contributeurs OpenStreetMap)
HT0122,Petit-Goave,Digicel,boutique mobile,nombre,1,SRC-036,"OSM via Overpass, extrait le 15/08/2026",ODbL (© contributeurs OpenStreetMap)
HT0122,Petit-Goave,Digicel,site de communication,nombre,1,SRC-036,"OSM via Overpass, extrait le 15/08/2026",ODbL (© contributeurs OpenStreetMap)
HT0123,Grand-Goave,Digicel,site de communication,nombre,1,SRC-036,"OSM via Overpass, extrait le 15/08/2026",ODbL (© contributeurs OpenStreetMap)
HT0131,Croix-Des-Bouquets,Digicel,boutique mobile,nombre,2,SRC-036,"OSM via Overpass, extrait le 15/08/2026",ODbL (© contributeurs OpenStreetMap)
HT0131,Croix-Des-Bouquets,Digicel,site de communication,nombre,5,SRC-036,"OSM via Overpass, extrait le 15/08/2026",ODbL (© contributeurs OpenStreetMap)
HT0131,Croix-Des-Bouquets,Natcom,boutique mobile,nombre,2,SRC-036,"OSM via Overpass, extrait le 15/08/2026",ODbL (© contributeurs OpenStreetMap)
HT0131,Croix-Des-Bouquets,Natcom,site de communication,nombre,2,SRC-036,"OSM via Overpass, extrait le 15/08/2026",ODbL (© contributeurs OpenStreetMap)
HT0131,Croix-Des-Bouquets,opérateur non précisé,accès internet public,nombre,2,SRC-036,"OSM via Overpass, extrait le 15/08/2026",ODbL (© contributeurs OpenStreetMap)
HT0131,Croix-Des-Bouquets,opérateur non précisé,boutique mobile,nombre,1,SRC-036,"OSM via Overpass, extrait le 15/08/2026",ODbL (© contributeurs OpenStreetMap)
HT0131,Croix-Des-Bouquets,opérateur non précisé,site de communication,nombre,8,SRC-036,"OSM via Overpass, extrait le 15/08/2026",ODbL (© contributeurs OpenStreetMap)
HT0132,Thomazeau,Digicel,site de communication,nombre,1,SRC-036,"OSM via Overpass, extrait le 15/08/2026",ODbL (© contributeurs OpenStreetMap)
HT0132,Thomazeau,Natcom,site de communication,nombre,1,SRC-036,"OSM via Overpass, extrait le 15/08/2026",ODbL (© contributeurs OpenStreetMap)
HT0132,Thomazeau,opérateur non précisé,site de communication,nombre,2,SRC-036,"OSM via Overpass, extrait le 15/08/2026",ODbL (© contributeurs OpenStreetMap)
HT0133,Ganthier,opérateur non précisé,site de communication,nombre,1,SRC-036,"OSM via Overpass, extrait le 15/08/2026",ODbL (© contributeurs OpenStreetMap)
HT0135,Fonds-Verrettes,Digicel,site de communication,nombre,1,SRC-036,"OSM via Overpass, extrait le 15/08/2026",ODbL (© contributeurs OpenStreetMap)
HT0141,Arcahaie,Digicel,boutique mobile,nombre,2,SRC-036,"OSM via Overpass, extrait le 15/08/2026",ODbL (© contributeurs OpenStreetMap)
HT0141,Arcahaie,opérateur non précisé,accès internet public,nombre,1,SRC-036,"OSM via Overpass, extrait le 15/08/2026",ODbL (© contributeurs OpenStreetMap)
HT0141,Arcahaie,opérateur non précisé,boutique mobile,nombre,4,SRC-036,"OSM via Overpass, extrait le 15/08/2026",ODbL (© contributeurs OpenStreetMap)
HT0141,Arcahaie,opérateur non précisé,site de communication,nombre,2,SRC-036,"OSM via Overpass, extrait le 15/08/2026",ODbL (© contributeurs OpenStreetMap)
HT0142,Cabaret,opérateur non précisé,site de communication,nombre,1,SRC-036,"OSM via Overpass, extrait le 15/08/2026",ODbL (© contributeurs OpenStreetMap)
HT0151,Anse a Galets,Digicel,accès internet public,nombre,1,SRC-036,"OSM via Overpass, extrait le 15/08/2026",ODbL (© contributeurs OpenStreetMap)
HT0151,Anse a Galets,opérateur non précisé,accès internet public,nombre,1,SRC-036,"OSM via Overpass, extrait le 15/08/2026",ODbL (© contributeurs OpenStreetMap)
HT0211,Jacmel,Access Haiti,site de communication,nombre,1,SRC-036,"OSM via Overpass, extrait le 15/08/2026",ODbL (© contributeurs OpenStreetMap)
HT0211,Jacmel,Digicel,boutique mobile,nombre,1,SRC-036,"OSM via Overpass, extrait le 15/08/2026",ODbL (© contributeurs OpenStreetMap)
HT0211,Jacmel,Digicel,site de communication,nombre,6,SRC-036,"OSM via Overpass, extrait le 15/08/2026",ODbL (© contributeurs OpenStreetMap)
HT0211,Jacmel,Natcom,site de communication,nombre,2,SRC-036,"OSM via Overpass, extrait le 15/08/2026",ODbL (© contributeurs OpenStreetMap)
HT0211,Jacmel,Voilà,site de communication,nombre,1,SRC-036,"OSM via Overpass, extrait le 15/08/2026",ODbL (© contributeurs OpenStreetMap)
HT0211,Jacmel,opérateur non précisé,accès internet public,nombre,3,SRC-036,"OSM via Overpass, extrait le 15/08/2026",ODbL (© contributeurs OpenStreetMap)
HT0211,Jacmel,opérateur non précisé,boutique mobile,nombre,1,SRC-036,"OSM via Overpass, extrait le 15/08/2026",ODbL (© contributeurs OpenStreetMap)
HT0211,Jacmel,opérateur non précisé,bureau d'opérateur,nombre,1,SRC-036,"OSM via Overpass, extrait le 15/08/2026",ODbL (© contributeurs OpenStreetMap)
HT0211,Jacmel,opérateur non précisé,site de communication,nombre,4,SRC-036,"OSM via Overpass, extrait le 15/08/2026",ODbL (© contributeurs OpenStreetMap)
HT0212,Marigot,Digicel,site de communication,nombre,1,SRC-036,"OSM via Overpass, extrait le 15/08/2026",ODbL (© contributeurs OpenStreetMap)
HT0212,Marigot,opérateur non précisé,site de communication,nombre,1,SRC-036,"OSM via Overpass, extrait le 15/08/2026",ODbL (© contributeurs OpenStreetMap)
HT0213,Cayes-Jacmel,Digicel,site de communication,nombre,4,SRC-036,"OSM via Overpass, extrait le 15/08/2026",ODbL (© contributeurs OpenStreetMap)
HT0214,La Vallee,opérateur non précisé,site de communication,nombre,1,SRC-036,"OSM via Overpass, extrait le 15/08/2026",ODbL (© contributeurs OpenStreetMap)
HT0311,Cap-Haitien,Digicel,boutique mobile,nombre,5,SRC-036,"OSM via Overpass, extrait le 15/08/2026",ODbL (© contributeurs OpenStreetMap)
HT0311,Cap-Haitien,Digicel,bureau d'opérateur,nombre,1,SRC-036,"OSM via Overpass, extrait le 15/08/2026",ODbL (© contributeurs OpenStreetMap)
HT0311,Cap-Haitien,Digicel,site de communication,nombre,6,SRC-036,"OSM via Overpass, extrait le 15/08/2026",ODbL (© contributeurs OpenStreetMap)
HT0311,Cap-Haitien,Natcom,boutique mobile,nombre,1,SRC-036,"OSM via Overpass, extrait le 15/08/2026",ODbL (© contributeurs OpenStreetMap)
HT0311,Cap-Haitien,Natcom,site de communication,nombre,2,SRC-036,"OSM via Overpass, extrait le 15/08/2026",ODbL (© contributeurs OpenStreetMap)
HT0311,Cap-Haitien,opérateur non précisé,accès internet public,nombre,1,SRC-036,"OSM via Overpass, extrait le 15/08/2026",ODbL (© contributeurs OpenStreetMap)
HT0311,Cap-Haitien,opérateur non précisé,boutique mobile,nombre,5,SRC-036,"OSM via Overpass, extrait le 15/08/2026",ODbL (© contributeurs OpenStreetMap)
HT0311,Cap-Haitien,opérateur non précisé,bureau d'opérateur,nombre,1,SRC-036,"OSM via Overpass, extrait le 15/08/2026",ODbL (© contributeurs OpenStreetMap)
HT0311,Cap-Haitien,opérateur non précisé,site de communication,nombre,8,SRC-036,"OSM via Overpass, extrait le 15/08/2026",ODbL (© contributeurs OpenStreetMap)
HT0312,Quartier Morin,Digicel,boutique mobile,nombre,1,SRC-036,"OSM via Overpass, extrait le 15/08/2026",ODbL (© contributeurs OpenStreetMap)
HT0312,Quartier Morin,Digicel,site de communication,nombre,3,SRC-036,"OSM via Overpass, extrait le 15/08/2026",ODbL (© contributeurs OpenStreetMap)
HT0312,Quartier Morin,Natcom,site de communication,nombre,2,SRC-036,"OSM via Overpass, extrait le 15/08/2026",ODbL (© contributeurs OpenStreetMap)
HT0312,Quartier Morin,opérateur non précisé,boutique mobile,nombre,2,SRC-036,"OSM via Overpass, extrait le 15/08/2026",ODbL (© contributeurs OpenStreetMap)
HT0312,Quartier Morin,opérateur non précisé,site de communication,nombre,1,SRC-036,"OSM via Overpass, extrait le 15/08/2026",ODbL (© contributeurs OpenStreetMap)
HT0313,Limonade,Digicel,site de communication,nombre,2,SRC-036,"OSM via Overpass, extrait le 15/08/2026",ODbL (© contributeurs OpenStreetMap)
HT0313,Limonade,Natcom,site de communication,nombre,2,SRC-036,"OSM via Overpass, extrait le 15/08/2026",ODbL (© contributeurs OpenStreetMap)
HT0313,Limonade,opérateur non précisé,boutique mobile,nombre,1,SRC-036,"OSM via Overpass, extrait le 15/08/2026",ODbL (© contributeurs OpenStreetMap)
HT0313,Limonade,opérateur non précisé,site de communication,nombre,3,SRC-036,"OSM via Overpass, extrait le 15/08/2026",ODbL (© contributeurs OpenStreetMap)
HT0321,Acul du Nord,Digicel,boutique mobile,nombre,1,SRC-036,"OSM via Overpass, extrait le 15/08/2026",ODbL (© contributeurs OpenStreetMap)
HT0321,Acul du Nord,Digicel,site de communication,nombre,1,SRC-036,"OSM via Overpass, extrait le 15/08/2026",ODbL (© contributeurs OpenStreetMap)
HT0322,Plaine du Nord,Digicel,boutique mobile,nombre,1,SRC-036,"OSM via Overpass, extrait le 15/08/2026",ODbL (© contributeurs OpenStreetMap)
HT0322,Plaine du Nord,Digicel,site de communication,nombre,2,SRC-036,"OSM via Overpass, extrait le 15/08/2026",ODbL (© contributeurs OpenStreetMap)
HT0322,Plaine du Nord,Natcom,site de communication,nombre,1,SRC-036,"OSM via Overpass, extrait le 15/08/2026",ODbL (© contributeurs OpenStreetMap)
HT0331,Grande Riviere Du Nord,opérateur non précisé,site de communication,nombre,1,SRC-036,"OSM via Overpass, extrait le 15/08/2026",ODbL (© contributeurs OpenStreetMap)
HT0332,Bahon,Digicel,site de communication,nombre,1,SRC-036,"OSM via Overpass, extrait le 15/08/2026",ODbL (© contributeurs OpenStreetMap)
HT0332,Bahon,Natcom,site de communication,nombre,1,SRC-036,"OSM via Overpass, extrait le 15/08/2026",ODbL (© contributeurs OpenStreetMap)
HT0332,Bahon,opérateur non précisé,boutique mobile,nombre,1,SRC-036,"OSM via Overpass, extrait le 15/08/2026",ODbL (© contributeurs OpenStreetMap)
HT0341,Saint-Raphael,Digicel,site de communication,nombre,2,SRC-036,"OSM via Overpass, extrait le 15/08/2026",ODbL (© contributeurs OpenStreetMap)
HT0341,Saint-Raphael,Natcom,site de communication,nombre,1,SRC-036,"OSM via Overpass, extrait le 15/08/2026",ODbL (© contributeurs OpenStreetMap)
HT0341,Saint-Raphael,opérateur non précisé,site de communication,nombre,1,SRC-036,"OSM via Overpass, extrait le 15/08/2026",ODbL (© contributeurs OpenStreetMap)
HT0343,Ranquitte,Natcom,site de communication,nombre,2,SRC-036,"OSM via Overpass, extrait le 15/08/2026",ODbL (© contributeurs OpenStreetMap)
HT0343,Ranquitte,opérateur non précisé,site de communication,nombre,1,SRC-036,"OSM via Overpass, extrait le 15/08/2026",ODbL (© contributeurs OpenStreetMap)
HT0344,Pignon,opérateur non précisé,site de communication,nombre,2,SRC-036,"OSM via Overpass, extrait le 15/08/2026",ODbL (© contributeurs OpenStreetMap)
HT0345,La Victoire,Digicel,site de communication,nombre,2,SRC-036,"OSM via Overpass, extrait le 15/08/2026",ODbL (© contributeurs OpenStreetMap)
HT0361,Limbe,opérateur non précisé,boutique mobile,nombre,1,SRC-036,"OSM via Overpass, extrait le 15/08/2026",ODbL (© contributeurs OpenStreetMap)
HT0411,Fort-Liberte,Digicel,bureau d'opérateur,nombre,1,SRC-036,"OSM via Overpass, extrait le 15/08/2026",ODbL (© contributeurs OpenStreetMap)
HT0411,Fort-Liberte,Digicel,site de communication,nombre,4,SRC-036,"OSM via Overpass, extrait le 15/08/2026",ODbL (© contributeurs OpenStreetMap)
HT0411,Fort-Liberte,Natcom,boutique mobile,nombre,2,SRC-036,"OSM via Overpass, extrait le 15/08/2026",ODbL (© contributeurs OpenStreetMap)
HT0411,Fort-Liberte,Natcom,site de communication,nombre,2,SRC-036,"OSM via Overpass, extrait le 15/08/2026",ODbL (© contributeurs OpenStreetMap)
HT0412,Ferrier,Digicel,site de communication,nombre,1,SRC-036,"OSM via Overpass, extrait le 15/08/2026",ODbL (© contributeurs OpenStreetMap)
HT0412,Ferrier,Natcom,site de communication,nombre,1,SRC-036,"OSM via Overpass, extrait le 15/08/2026",ODbL (© contributeurs OpenStreetMap)
HT0421,Ouanaminthe,Digicel,boutique mobile,nombre,2,SRC-036,"OSM via Overpass, extrait le 15/08/2026",ODbL (© contributeurs OpenStreetMap)
HT0421,Ouanaminthe,Digicel,site de communication,nombre,2,SRC-036,"OSM via Overpass, extrait le 15/08/2026",ODbL (© contributeurs OpenStreetMap)
HT0421,Ouanaminthe,Natcom,boutique mobile,nombre,1,SRC-036,"OSM via Overpass, extrait le 15/08/2026",ODbL (© contributeurs OpenStreetMap)
HT0421,Ouanaminthe,Natcom,site de communication,nombre,2,SRC-036,"OSM via Overpass, extrait le 15/08/2026",ODbL (© contributeurs OpenStreetMap)
HT0421,Ouanaminthe,opérateur non précisé,site de communication,nombre,2,SRC-036,"OSM via Overpass, extrait le 15/08/2026",ODbL (© contributeurs OpenStreetMap)
HT0431,Trou du Nord,Digicel,bureau d'opérateur,nombre,1,SRC-036,"OSM via Overpass, extrait le 15/08/2026",ODbL (© contributeurs OpenStreetMap)
HT0431,Trou du Nord,Digicel,site de communication,nombre,3,SRC-036,"OSM via Overpass, extrait le 15/08/2026",ODbL (© contributeurs OpenStreetMap)
HT0431,Trou du Nord,Natcom,site de communication,nombre,1,SRC-036,"OSM via Overpass, extrait le 15/08/2026",ODbL (© contributeurs OpenStreetMap)
HT0431,Trou du Nord,opérateur non précisé,boutique mobile,nombre,5,SRC-036,"OSM via Overpass, extrait le 15/08/2026",ODbL (© contributeurs OpenStreetMap)
HT0431,Trou du Nord,opérateur non précisé,site de communication,nombre,1,SRC-036,"OSM via Overpass, extrait le 15/08/2026",ODbL (© contributeurs OpenStreetMap)
HT0433,Terrier Rouge,Digicel,site de communication,nombre,1,SRC-036,"OSM via Overpass, extrait le 15/08/2026",ODbL (© contributeurs OpenStreetMap)
HT0433,Terrier Rouge,Natcom,boutique mobile,nombre,1,SRC-036,"OSM via Overpass, extrait le 15/08/2026",ODbL (© contributeurs OpenStreetMap)
HT0433,Terrier Rouge,Natcom,site de communication,nombre,2,SRC-036,"OSM via Overpass, extrait le 15/08/2026",ODbL (© contributeurs OpenStreetMap)
HT0433,Terrier Rouge,opérateur non précisé,site de communication,nombre,1,SRC-036,"OSM via Overpass, extrait le 15/08/2026",ODbL (© contributeurs OpenStreetMap)
HT0434,Caracol,Digicel,boutique mobile,nombre,1,SRC-036,"OSM via Overpass, extrait le 15/08/2026",ODbL (© contributeurs OpenStreetMap)
HT0434,Caracol,Digicel,bureau d'opérateur,nombre,1,SRC-036,"OSM via Overpass, extrait le 15/08/2026",ODbL (© contributeurs OpenStreetMap)
HT0434,Caracol,Digicel,site de communication,nombre,3,SRC-036,"OSM via Overpass, extrait le 15/08/2026",ODbL (© contributeurs OpenStreetMap)
HT0434,Caracol,Natcom,site de communication,nombre,4,SRC-036,"OSM via Overpass, extrait le 15/08/2026",ODbL (© contributeurs OpenStreetMap)
HT0511,Gonaives,Digicel,boutique mobile,nombre,1,SRC-036,"OSM via Overpass, extrait le 15/08/2026",ODbL (© contributeurs OpenStreetMap)
HT0511,Gonaives,Digicel,site de communication,nombre,2,SRC-036,"OSM via Overpass, extrait le 15/08/2026",ODbL (© contributeurs OpenStreetMap)
HT0511,Gonaives,Natcom,site de communication,nombre,1,SRC-036,"OSM via Overpass, extrait le 15/08/2026",ODbL (© contributeurs OpenStreetMap)
HT0511,Gonaives,Voilà,boutique mobile,nombre,1,SRC-036,"OSM via Overpass, extrait le 15/08/2026",ODbL (© contributeurs OpenStreetMap)
HT0512,Ennery,Digicel,site de communication,nombre,1,SRC-036,"OSM via Overpass, extrait le 15/08/2026",ODbL (© contributeurs OpenStreetMap)
HT0513,L'Estere,Digicel,boutique mobile,nombre,1,SRC-036,"OSM via Overpass, extrait le 15/08/2026",ODbL (© contributeurs OpenStreetMap)
HT0513,L'Estere,Digicel,site de communication,nombre,2,SRC-036,"OSM via Overpass, extrait le 15/08/2026",ODbL (© contributeurs OpenStreetMap)
HT0513,L'Estere,opérateur non précisé,site de communication,nombre,1,SRC-036,"OSM via Overpass, extrait le 15/08/2026",ODbL (© contributeurs OpenStreetMap)
HT0521,Gros Morne,Digicel,boutique mobile,nombre,1,SRC-036,"OSM via Overpass, extrait le 15/08/2026",ODbL (© contributeurs OpenStreetMap)
HT0521,Gros Morne,Digicel,site de communication,nombre,1,SRC-036,"OSM via Overpass, extrait le 15/08/2026",ODbL (© contributeurs OpenStreetMap)
HT0521,Gros Morne,opérateur non précisé,site de communication,nombre,1,SRC-036,"OSM via Overpass, extrait le 15/08/2026",ODbL (© contributeurs OpenStreetMap)
HT0531,Saint-Marc,Digicel,site de communication,nombre,6,SRC-036,"OSM via Overpass, extrait le 15/08/2026",ODbL (© contributeurs OpenStreetMap)
HT0531,Saint-Marc,Natcom,boutique mobile,nombre,2,SRC-036,"OSM via Overpass, extrait le 15/08/2026",ODbL (© contributeurs OpenStreetMap)
HT0531,Saint-Marc,Natcom,bureau d'opérateur,nombre,4,SRC-036,"OSM via Overpass, extrait le 15/08/2026",ODbL (© contributeurs OpenStreetMap)
HT0531,Saint-Marc,Natcom,site de communication,nombre,4,SRC-036,"OSM via Overpass, extrait le 15/08/2026",ODbL (© contributeurs OpenStreetMap)
HT0531,Saint-Marc,Voilà,site de communication,nombre,1,SRC-036,"OSM via Overpass, extrait le 15/08/2026",ODbL (© contributeurs OpenStreetMap)
HT0531,Saint-Marc,opérateur non précisé,boutique mobile,nombre,4,SRC-036,"OSM via Overpass, extrait le 15/08/2026",ODbL (© contributeurs OpenStreetMap)
HT0531,Saint-Marc,opérateur non précisé,bureau d'opérateur,nombre,9,SRC-036,"OSM via Overpass, extrait le 15/08/2026",ODbL (© contributeurs OpenStreetMap)
HT0531,Saint-Marc,opérateur non précisé,site de communication,nombre,9,SRC-036,"OSM via Overpass, extrait le 15/08/2026",ODbL (© contributeurs OpenStreetMap)
HT0532,Verrettes,Digicel,boutique mobile,nombre,1,SRC-036,"OSM via Overpass, extrait le 15/08/2026",ODbL (© contributeurs OpenStreetMap)
HT0533,La Chapelle,opérateur non précisé,boutique mobile,nombre,3,SRC-036,"OSM via Overpass, extrait le 15/08/2026",ODbL (© contributeurs OpenStreetMap)
HT0541,Dessalines,opérateur non précisé,site de communication,nombre,2,SRC-036,"OSM via Overpass, extrait le 15/08/2026",ODbL (© contributeurs OpenStreetMap)
HT0544,Desdunes,Digicel,site de communication,nombre,1,SRC-036,"OSM via Overpass, extrait le 15/08/2026",ODbL (© contributeurs OpenStreetMap)
HT0544,Desdunes,opérateur non précisé,site de communication,nombre,2,SRC-036,"OSM via Overpass, extrait le 15/08/2026",ODbL (© contributeurs OpenStreetMap)
HT0551,Saint-Michel de l'Attalaye,Natcom,boutique mobile,nombre,1,SRC-036,"OSM via Overpass, extrait le 15/08/2026",ODbL (© contributeurs OpenStreetMap)
HT0611,Hinche,Digicel,site de communication,nombre,1,SRC-036,"OSM via Overpass, extrait le 15/08/2026",ODbL (© contributeurs OpenStreetMap)
HT0611,Hinche,opérateur non précisé,bureau d'opérateur,nombre,1,SRC-036,"OSM via Overpass, extrait le 15/08/2026",ODbL (© contributeurs OpenStreetMap)
HT0611,Hinche,opérateur non précisé,site de communication,nombre,6,SRC-036,"OSM via Overpass, extrait le 15/08/2026",ODbL (© contributeurs OpenStreetMap)
HT0614,Cerca Carvajal,Digicel,site de communication,nombre,2,SRC-036,"OSM via Overpass, extrait le 15/08/2026",ODbL (© contributeurs OpenStreetMap)
HT0614,Cerca Carvajal,Natcom,site de communication,nombre,2,SRC-036,"OSM via Overpass, extrait le 15/08/2026",ODbL (© contributeurs OpenStreetMap)
HT0621,Mirebalais,Digicel,boutique mobile,nombre,1,SRC-036,"OSM via Overpass, extrait le 15/08/2026",ODbL (© contributeurs OpenStreetMap)
HT0621,Mirebalais,Natcom,boutique mobile,nombre,2,SRC-036,"OSM via Overpass, extrait le 15/08/2026",ODbL (© contributeurs OpenStreetMap)
HT0621,Mirebalais,Voilà,boutique mobile,nombre,1,SRC-036,"OSM via Overpass, extrait le 15/08/2026",ODbL (© contributeurs OpenStreetMap)
HT0621,Mirebalais,opérateur non précisé,boutique mobile,nombre,4,SRC-036,"OSM via Overpass, extrait le 15/08/2026",ODbL (© contributeurs OpenStreetMap)
HT0621,Mirebalais,opérateur non précisé,site de communication,nombre,8,SRC-036,"OSM via Overpass, extrait le 15/08/2026",ODbL (© contributeurs OpenStreetMap)
HT0622,Saut d'Eau,Digicel,boutique mobile,nombre,3,SRC-036,"OSM via Overpass, extrait le 15/08/2026",ODbL (© contributeurs OpenStreetMap)
HT0622,Saut d'Eau,opérateur non précisé,boutique mobile,nombre,5,SRC-036,"OSM via Overpass, extrait le 15/08/2026",ODbL (© contributeurs OpenStreetMap)
HT0622,Saut d'Eau,opérateur non précisé,site de communication,nombre,1,SRC-036,"OSM via Overpass, extrait le 15/08/2026",ODbL (© contributeurs OpenStreetMap)
HT0623,Boucan Carre,Digicel,boutique mobile,nombre,1,SRC-036,"OSM via Overpass, extrait le 15/08/2026",ODbL (© contributeurs OpenStreetMap)
HT0623,Boucan Carre,opérateur non précisé,site de communication,nombre,2,SRC-036,"OSM via Overpass, extrait le 15/08/2026",ODbL (© contributeurs OpenStreetMap)
HT0632,Belladere,Digicel,boutique mobile,nombre,1,SRC-036,"OSM via Overpass, extrait le 15/08/2026",ODbL (© contributeurs OpenStreetMap)
HT0632,Belladere,opérateur non précisé,bureau d'opérateur,nombre,1,SRC-036,"OSM via Overpass, extrait le 15/08/2026",ODbL (© contributeurs OpenStreetMap)
HT0641,Cerca La Source,Digicel,site de communication,nombre,5,SRC-036,"OSM via Overpass, extrait le 15/08/2026",ODbL (© contributeurs OpenStreetMap)
HT0641,Cerca La Source,Natcom,site de communication,nombre,4,SRC-036,"OSM via Overpass, extrait le 15/08/2026",ODbL (© contributeurs OpenStreetMap)
HT0641,Cerca La Source,opérateur non précisé,site de communication,nombre,2,SRC-036,"OSM via Overpass, extrait le 15/08/2026",ODbL (© contributeurs OpenStreetMap)
HT0642,Thomassique,opérateur non précisé,site de communication,nombre,1,SRC-036,"OSM via Overpass, extrait le 15/08/2026",ODbL (© contributeurs OpenStreetMap)
HT0711,Les Cayes,Digicel,boutique mobile,nombre,5,SRC-036,"OSM via Overpass, extrait le 15/08/2026",ODbL (© contributeurs OpenStreetMap)
HT0711,Les Cayes,Natcom,boutique mobile,nombre,3,SRC-036,"OSM via Overpass, extrait le 15/08/2026",ODbL (© contributeurs OpenStreetMap)
HT0711,Les Cayes,Voilà,boutique mobile,nombre,2,SRC-036,"OSM via Overpass, extrait le 15/08/2026",ODbL (© contributeurs OpenStreetMap)
HT0711,Les Cayes,opérateur non précisé,boutique mobile,nombre,3,SRC-036,"OSM via Overpass, extrait le 15/08/2026",ODbL (© contributeurs OpenStreetMap)
HT0711,Les Cayes,opérateur non précisé,site de communication,nombre,1,SRC-036,"OSM via Overpass, extrait le 15/08/2026",ODbL (© contributeurs OpenStreetMap)
HT0713,Chantal,opérateur non précisé,site de communication,nombre,2,SRC-036,"OSM via Overpass, extrait le 15/08/2026",ODbL (© contributeurs OpenStreetMap)
HT0714,Camp-Perrin,opérateur non précisé,site de communication,nombre,5,SRC-036,"OSM via Overpass, extrait le 15/08/2026",ODbL (© contributeurs OpenStreetMap)
HT0715,Maniche,opérateur non précisé,boutique mobile,nombre,1,SRC-036,"OSM via Overpass, extrait le 15/08/2026",ODbL (© contributeurs OpenStreetMap)
HT0715,Maniche,opérateur non précisé,site de communication,nombre,1,SRC-036,"OSM via Overpass, extrait le 15/08/2026",ODbL (© contributeurs OpenStreetMap)
HT0716,Ile a Vache,Digicel,boutique mobile,nombre,1,SRC-036,"OSM via Overpass, extrait le 15/08/2026",ODbL (© contributeurs OpenStreetMap)
HT0716,Ile a Vache,Digicel,site de communication,nombre,1,SRC-036,"OSM via Overpass, extrait le 15/08/2026",ODbL (© contributeurs OpenStreetMap)
HT0716,Ile a Vache,Natcom,site de communication,nombre,1,SRC-036,"OSM via Overpass, extrait le 15/08/2026",ODbL (© contributeurs OpenStreetMap)
HT0716,Ile a Vache,opérateur non précisé,site de communication,nombre,2,SRC-036,"OSM via Overpass, extrait le 15/08/2026",ODbL (© contributeurs OpenStreetMap)
HT0721,Port-Salut,opérateur non précisé,site de communication,nombre,1,SRC-036,"OSM via Overpass, extrait le 15/08/2026",ODbL (© contributeurs OpenStreetMap)
HT0731,Aquin,Digicel,site de communication,nombre,3,SRC-036,"OSM via Overpass, extrait le 15/08/2026",ODbL (© contributeurs OpenStreetMap)
HT0731,Aquin,Natcom,boutique mobile,nombre,1,SRC-036,"OSM via Overpass, extrait le 15/08/2026",ODbL (© contributeurs OpenStreetMap)
HT0731,Aquin,Natcom,site de communication,nombre,2,SRC-036,"OSM via Overpass, extrait le 15/08/2026",ODbL (© contributeurs OpenStreetMap)
HT0731,Aquin,Voilà,boutique mobile,nombre,1,SRC-036,"OSM via Overpass, extrait le 15/08/2026",ODbL (© contributeurs OpenStreetMap)
HT0731,Aquin,opérateur non précisé,boutique mobile,nombre,1,SRC-036,"OSM via Overpass, extrait le 15/08/2026",ODbL (© contributeurs OpenStreetMap)
HT0731,Aquin,opérateur non précisé,site de communication,nombre,8,SRC-036,"OSM via Overpass, extrait le 15/08/2026",ODbL (© contributeurs OpenStreetMap)
HT0732,Saint Louis du Sud,Digicel,boutique mobile,nombre,1,SRC-036,"OSM via Overpass, extrait le 15/08/2026",ODbL (© contributeurs OpenStreetMap)
HT0732,Saint Louis du Sud,Natcom,boutique mobile,nombre,1,SRC-036,"OSM via Overpass, extrait le 15/08/2026",ODbL (© contributeurs OpenStreetMap)
HT0732,Saint Louis du Sud,opérateur non précisé,bureau d'opérateur,nombre,1,SRC-036,"OSM via Overpass, extrait le 15/08/2026",ODbL (© contributeurs OpenStreetMap)
HT0732,Saint Louis du Sud,opérateur non précisé,site de communication,nombre,1,SRC-036,"OSM via Overpass, extrait le 15/08/2026",ODbL (© contributeurs OpenStreetMap)
HT0733,Cavaillon,Digicel,boutique mobile,nombre,1,SRC-036,"OSM via Overpass, extrait le 15/08/2026",ODbL (© contributeurs OpenStreetMap)
HT0733,Cavaillon,Natcom,boutique mobile,nombre,1,SRC-036,"OSM via Overpass, extrait le 15/08/2026",ODbL (© contributeurs OpenStreetMap)
HT0733,Cavaillon,Voilà,boutique mobile,nombre,1,SRC-036,"OSM via Overpass, extrait le 15/08/2026",ODbL (© contributeurs OpenStreetMap)
HT0741,Coteaux,opérateur non précisé,site de communication,nombre,3,SRC-036,"OSM via Overpass, extrait le 15/08/2026",ODbL (© contributeurs OpenStreetMap)
HT0742,Port-a-Piment,opérateur non précisé,site de communication,nombre,1,SRC-036,"OSM via Overpass, extrait le 15/08/2026",ODbL (© contributeurs OpenStreetMap)
HT0753,Tiburon,opérateur non précisé,site de communication,nombre,1,SRC-036,"OSM via Overpass, extrait le 15/08/2026",ODbL (© contributeurs OpenStreetMap)
HT0811,Jeremie,Digicel,boutique mobile,nombre,1,SRC-036,"OSM via Overpass, extrait le 15/08/2026",ODbL (© contributeurs OpenStreetMap)
HT0811,Jeremie,Digicel,bureau d'opérateur,nombre,1,SRC-036,"OSM via Overpass, extrait le 15/08/2026",ODbL (© contributeurs OpenStreetMap)
HT0811,Jeremie,Digicel,site de communication,nombre,1,SRC-036,"OSM via Overpass, extrait le 15/08/2026",ODbL (© contributeurs OpenStreetMap)
HT0811,Jeremie,Natcom,boutique mobile,nombre,1,SRC-036,"OSM via Overpass, extrait le 15/08/2026",ODbL (© contributeurs OpenStreetMap)
HT0811,Jeremie,opérateur non précisé,site de communication,nombre,4,SRC-036,"OSM via Overpass, extrait le 15/08/2026",ODbL (© contributeurs OpenStreetMap)
HT0821,Anse d'Hainault,opérateur non précisé,site de communication,nombre,2,SRC-036,"OSM via Overpass, extrait le 15/08/2026",ODbL (© contributeurs OpenStreetMap)
HT0834,Pestel,opérateur non précisé,site de communication,nombre,3,SRC-036,"OSM via Overpass, extrait le 15/08/2026",ODbL (© contributeurs OpenStreetMap)
HT0911,Port-de-Paix,Digicel,site de communication,nombre,1,SRC-036,"OSM via Overpass, extrait le 15/08/2026",ODbL (© contributeurs OpenStreetMap)
HT0911,Port-de-Paix,Natcom,boutique mobile,nombre,2,SRC-036,"OSM via Overpass, extrait le 15/08/2026",ODbL (© contributeurs OpenStreetMap)
HT0911,Port-de-Paix,Natcom,site de communication,nombre,1,SRC-036,"OSM via Overpass, extrait le 15/08/2026",ODbL (© contributeurs OpenStreetMap)
HT0912,La Tortue,opérateur non précisé,site de communication,nombre,1,SRC-036,"OSM via Overpass, extrait le 15/08/2026",ODbL (© contributeurs OpenStreetMap)
HT0932,Baie de Henne,Digicel,site de communication,nombre,1,SRC-036,"OSM via Overpass, extrait le 15/08/2026",ODbL (© contributeurs OpenStreetMap)
HT0932,Baie de Henne,Natcom,site de communication,nombre,1,SRC-036,"OSM via Overpass, extrait le 15/08/2026",ODbL (© contributeurs OpenStreetMap)
HT0934,Jean Rabel,Digicel,site de communication,nombre,1,SRC-036,"OSM via Overpass, extrait le 15/08/2026",ODbL (© contributeurs OpenStreetMap)
HT1011,Miragoane,opérateur non précisé,site de communication,nombre,2,SRC-036,"OSM via Overpass, extrait le 15/08/2026",ODbL (© contributeurs OpenStreetMap)
HT1013,Fonds des Negres,opérateur non précisé,site de communication,nombre,2,SRC-036,"OSM via Overpass, extrait le 15/08/2026",ODbL (© contributeurs OpenStreetMap)
HT1014,Paillant,opérateur non précisé,site de communication,nombre,1,SRC-036,"OSM via Overpass, extrait le 15/08/2026",ODbL (© contributeurs OpenStreetMap)
HT1021,Anse-a-Veau,opérateur non précisé,site de communication,nombre,1,SRC-036,"OSM via Overpass, extrait le 15/08/2026",ODbL (© contributeurs OpenStreetMap)
HT1023,L'Asile,opérateur non précisé,boutique mobile,nombre,1,SRC-036,"OSM via Overpass, extrait le 15/08/2026",ODbL (© contributeurs OpenStreetMap)
HT1023,L'Asile,opérateur non précisé,site de communication,nombre,4,SRC-036,"OSM via Overpass, extrait le 15/08/2026",ODbL (© contributeurs OpenStreetMap)
