pays,code_pays,vague,mode_de_collecte,variable,theme,indicateur,unite,estimation,ic95_bas,ic95_haut,erreur_type,n_repondants,n_grappes,effet_de_plan,pose_verifie_sur_le_questionnaire,passeport,source_id,source,licence,date_extraction
Haïti,HTI,2006,face-à-face,b18,confiance,Confiance dans la Police nationale (PNH),0-100,49.2583,46.3019,52.2148,1.5084,1573,74,4.16,oui,PSP-033,SRC-014,LAPOP Lab — AmericasBarometer,"Licence par clic LAPOP — agrégats autorisés, partage des fichiers interdit, USAGE COMMERCIAL INTERDIT (clause 1)",2026-08-26
Haïti,HTI,2008,face-à-face,b18,confiance,Confiance dans la Police nationale (PNH),0-100,55.4353,52.8575,58.0131,1.3152,1524,70,2.91,oui,PSP-033,SRC-014,LAPOP Lab — AmericasBarometer,"Licence par clic LAPOP — agrégats autorisés, partage des fichiers interdit, USAGE COMMERCIAL INTERDIT (clause 1)",2026-08-26
Haïti,HTI,2010,face-à-face,b18,confiance,Confiance dans la Police nationale (PNH),0-100,53.6621,51.9434,55.3809,0.8769,1747,165,1.75,oui,PSP-033,SRC-014,LAPOP Lab — AmericasBarometer,"Licence par clic LAPOP — agrégats autorisés, partage des fichiers interdit, USAGE COMMERCIAL INTERDIT (clause 1)",2026-08-26
Haïti,HTI,2012,face-à-face,b18,confiance,Confiance dans la Police nationale (PNH),0-100,61.8298,59.9757,63.6839,0.946,1822,114,2.39,oui,PSP-033,SRC-014,LAPOP Lab — AmericasBarometer,"Licence par clic LAPOP — agrégats autorisés, partage des fichiers interdit, USAGE COMMERCIAL INTERDIT (clause 1)",2026-08-26
Haïti,HTI,2014,face-à-face,b18,confiance,Confiance dans la Police nationale (PNH),0-100,57.946,55.2621,60.6299,1.3693,1506,62,3.55,oui,PSP-033,SRC-014,LAPOP Lab — AmericasBarometer,"Licence par clic LAPOP — agrégats autorisés, partage des fichiers interdit, USAGE COMMERCIAL INTERDIT (clause 1)",2026-08-26
Haïti,HTI,2017,face-à-face,b18,confiance,Confiance dans la Police nationale (PNH),0-100,49.6281,48.2304,51.0259,0.7131,2110,88,0.95,oui,PSP-033,SRC-014,LAPOP Lab — AmericasBarometer,"Licence par clic LAPOP — agrégats autorisés, partage des fichiers interdit, USAGE COMMERCIAL INTERDIT (clause 1)",2026-08-26
Haïti,HTI,2023,téléphone,b18,confiance,Confiance dans la Police nationale (PNH),0-100,58.5909,54.6618,62.5201,2.0046,778,778,1.0,oui,PSP-033,SRC-014,LAPOP Lab — AmericasBarometer,"Licence par clic LAPOP — agrégats autorisés, partage des fichiers interdit, USAGE COMMERCIAL INTERDIT (clause 1)",2026-08-26
République dominicaine,DOM,2012,face-à-face,b18,confiance,Confiance dans la Police nationale (PNH),0-100,34.9419,33.2092,36.6746,0.884,1492,55,1.12,oui,PSP-033,SRC-014,LAPOP Lab — AmericasBarometer,"Licence par clic LAPOP — agrégats autorisés, partage des fichiers interdit, USAGE COMMERCIAL INTERDIT (clause 1)",2026-08-26
République dominicaine,DOM,2014,face-à-face,b18,confiance,Confiance dans la Police nationale (PNH),0-100,35.5526,33.5668,37.5385,1.0132,1517,63,1.47,oui,PSP-033,SRC-014,LAPOP Lab — AmericasBarometer,"Licence par clic LAPOP — agrégats autorisés, partage des fichiers interdit, USAGE COMMERCIAL INTERDIT (clause 1)",2026-08-26
République dominicaine,DOM,2019,face-à-face,b18,confiance,Confiance dans la Police nationale (PNH),0-100,39.1766,37.4214,40.9318,0.8955,1506,63,1.05,oui,PSP-033,SRC-014,LAPOP Lab — AmericasBarometer,"Licence par clic LAPOP — agrégats autorisés, partage des fichiers interdit, USAGE COMMERCIAL INTERDIT (clause 1)",2026-08-26
République dominicaine,DOM,2021,téléphone,b18,confiance,Confiance dans la Police nationale (PNH),0-100,33.9985,30.7945,37.2025,1.6347,713,713,1.0,oui,PSP-033,SRC-014,LAPOP Lab — AmericasBarometer,"Licence par clic LAPOP — agrégats autorisés, partage des fichiers interdit, USAGE COMMERCIAL INTERDIT (clause 1)",2026-08-26
République dominicaine,DOM,2023,face-à-face,b18,confiance,Confiance dans la Police nationale (PNH),0-100,32.7543,30.7191,34.7894,1.0384,1583,63,1.43,oui,PSP-033,SRC-014,LAPOP Lab — AmericasBarometer,"Licence par clic LAPOP — agrégats autorisés, partage des fichiers interdit, USAGE COMMERCIAL INTERDIT (clause 1)",2026-08-26
Haïti,HTI,2006,face-à-face,b32,confiance,Confiance dans la mairie / le gouvernement local,0-100,29.5929,26.912,32.2739,1.3678,1564,74,4.42,oui,PSP-033,SRC-014,LAPOP Lab — AmericasBarometer,"Licence par clic LAPOP — agrégats autorisés, partage des fichiers interdit, USAGE COMMERCIAL INTERDIT (clause 1)",2026-08-26
Haïti,HTI,2008,face-à-face,b32,confiance,Confiance dans la mairie / le gouvernement local,0-100,38.2901,35.4518,41.1284,1.4481,1503,70,3.56,oui,PSP-033,SRC-014,LAPOP Lab — AmericasBarometer,"Licence par clic LAPOP — agrégats autorisés, partage des fichiers interdit, USAGE COMMERCIAL INTERDIT (clause 1)",2026-08-26
Haïti,HTI,2010,face-à-face,b32,confiance,Confiance dans la mairie / le gouvernement local,0-100,33.5602,31.7573,35.3631,0.9199,1747,165,2.09,oui,PSP-033,SRC-014,LAPOP Lab — AmericasBarometer,"Licence par clic LAPOP — agrégats autorisés, partage des fichiers interdit, USAGE COMMERCIAL INTERDIT (clause 1)",2026-08-26
Haïti,HTI,2012,face-à-face,b32,confiance,Confiance dans la mairie / le gouvernement local,0-100,35.2809,32.7858,37.776,1.273,1815,114,3.93,oui,PSP-033,SRC-014,LAPOP Lab — AmericasBarometer,"Licence par clic LAPOP — agrégats autorisés, partage des fichiers interdit, USAGE COMMERCIAL INTERDIT (clause 1)",2026-08-26
Haïti,HTI,2014,face-à-face,b32,confiance,Confiance dans la mairie / le gouvernement local,0-100,38.7372,36.2999,41.1745,1.2435,1502,62,3.11,oui,PSP-033,SRC-014,LAPOP Lab — AmericasBarometer,"Licence par clic LAPOP — agrégats autorisés, partage des fichiers interdit, USAGE COMMERCIAL INTERDIT (clause 1)",2026-08-26
Haïti,HTI,2017,face-à-face,b32,confiance,Confiance dans la mairie / le gouvernement local,0-100,33.0159,30.9604,35.0713,1.0487,2055,88,2.09,oui,PSP-033,SRC-014,LAPOP Lab — AmericasBarometer,"Licence par clic LAPOP — agrégats autorisés, partage des fichiers interdit, USAGE COMMERCIAL INTERDIT (clause 1)",2026-08-26
Haïti,HTI,2021,téléphone,b32,confiance,Confiance dans la mairie / le gouvernement local,0-100,26.7994,23.7917,29.8072,1.5346,1141,1141,1.0,oui,PSP-033,SRC-014,LAPOP Lab — AmericasBarometer,"Licence par clic LAPOP — agrégats autorisés, partage des fichiers interdit, USAGE COMMERCIAL INTERDIT (clause 1)",2026-08-26
République dominicaine,DOM,2012,face-à-face,b32,confiance,Confiance dans la mairie / le gouvernement local,0-100,45.5094,42.8576,48.1612,1.353,1492,55,2.41,oui,PSP-033,SRC-014,LAPOP Lab — AmericasBarometer,"Licence par clic LAPOP — agrégats autorisés, partage des fichiers interdit, USAGE COMMERCIAL INTERDIT (clause 1)",2026-08-26
République dominicaine,DOM,2014,face-à-face,b32,confiance,Confiance dans la mairie / le gouvernement local,0-100,42.0954,39.4297,44.7611,1.3601,1516,63,2.44,oui,PSP-033,SRC-014,LAPOP Lab — AmericasBarometer,"Licence par clic LAPOP — agrégats autorisés, partage des fichiers interdit, USAGE COMMERCIAL INTERDIT (clause 1)",2026-08-26
République dominicaine,DOM,2019,face-à-face,b32,confiance,Confiance dans la mairie / le gouvernement local,0-100,44.201,41.5561,46.8458,1.3494,1506,63,2.35,oui,PSP-033,SRC-014,LAPOP Lab — AmericasBarometer,"Licence par clic LAPOP — agrégats autorisés, partage des fichiers interdit, USAGE COMMERCIAL INTERDIT (clause 1)",2026-08-26
République dominicaine,DOM,2021,téléphone,b32,confiance,Confiance dans la mairie / le gouvernement local,0-100,50.3414,47.9654,52.7174,1.2123,1449,1449,1.0,oui,PSP-033,SRC-014,LAPOP Lab — AmericasBarometer,"Licence par clic LAPOP — agrégats autorisés, partage des fichiers interdit, USAGE COMMERCIAL INTERDIT (clause 1)",2026-08-26
République dominicaine,DOM,2023,face-à-face,b32,confiance,Confiance dans la mairie / le gouvernement local,0-100,45.7568,43.3803,48.1333,1.2125,1579,63,1.71,oui,PSP-033,SRC-014,LAPOP Lab — AmericasBarometer,"Licence par clic LAPOP — agrégats autorisés, partage des fichiers interdit, USAGE COMMERCIAL INTERDIT (clause 1)",2026-08-26
Haïti,HTI,2006,face-à-face,b13,confiance,Confiance dans le Parlement,0-100,47.2382,43.7819,50.6945,1.7634,1563,74,5.09,oui,PSP-033,SRC-014,LAPOP Lab — AmericasBarometer,"Licence par clic LAPOP — agrégats autorisés, partage des fichiers interdit, USAGE COMMERCIAL INTERDIT (clause 1)",2026-08-26
Haïti,HTI,2008,face-à-face,b13,confiance,Confiance dans le Parlement,0-100,35.557,33.5482,37.5659,1.0249,1499,70,2.07,oui,PSP-033,SRC-014,LAPOP Lab — AmericasBarometer,"Licence par clic LAPOP — agrégats autorisés, partage des fichiers interdit, USAGE COMMERCIAL INTERDIT (clause 1)",2026-08-26
Haïti,HTI,2010,face-à-face,b13,confiance,Confiance dans le Parlement,0-100,31.2375,29.5859,32.8892,0.8427,1742,165,2.16,oui,PSP-033,SRC-014,LAPOP Lab — AmericasBarometer,"Licence par clic LAPOP — agrégats autorisés, partage des fichiers interdit, USAGE COMMERCIAL INTERDIT (clause 1)",2026-08-26
Haïti,HTI,2012,face-à-face,b13,confiance,Confiance dans le Parlement,0-100,33.5584,31.2395,35.8773,1.1831,1801,114,2.87,oui,PSP-033,SRC-014,LAPOP Lab — AmericasBarometer,"Licence par clic LAPOP — agrégats autorisés, partage des fichiers interdit, USAGE COMMERCIAL INTERDIT (clause 1)",2026-08-26
Haïti,HTI,2014,face-à-face,b13,confiance,Confiance dans le Parlement,0-100,42.5579,40.4367,44.6792,1.0823,1496,62,2.25,oui,PSP-033,SRC-014,LAPOP Lab — AmericasBarometer,"Licence par clic LAPOP — agrégats autorisés, partage des fichiers interdit, USAGE COMMERCIAL INTERDIT (clause 1)",2026-08-26
Haïti,HTI,2017,face-à-face,b13,confiance,Confiance dans le Parlement,0-100,27.1409,25.206,29.0759,0.9872,1997,88,1.88,oui,PSP-033,SRC-014,LAPOP Lab — AmericasBarometer,"Licence par clic LAPOP — agrégats autorisés, partage des fichiers interdit, USAGE COMMERCIAL INTERDIT (clause 1)",2026-08-26
République dominicaine,DOM,2012,face-à-face,b13,confiance,Confiance dans le Parlement,0-100,44.6424,42.9731,46.3118,0.8517,1459,55,0.98,oui,PSP-033,SRC-014,LAPOP Lab — AmericasBarometer,"Licence par clic LAPOP — agrégats autorisés, partage des fichiers interdit, USAGE COMMERCIAL INTERDIT (clause 1)",2026-08-26
République dominicaine,DOM,2014,face-à-face,b13,confiance,Confiance dans le Parlement,0-100,42.774,40.934,44.6141,0.9388,1490,63,1.27,oui,PSP-033,SRC-014,LAPOP Lab — AmericasBarometer,"Licence par clic LAPOP — agrégats autorisés, partage des fichiers interdit, USAGE COMMERCIAL INTERDIT (clause 1)",2026-08-26
République dominicaine,DOM,2019,face-à-face,b13,confiance,Confiance dans le Parlement,0-100,40.956,39.2074,42.7046,0.8922,1454,63,1.1,oui,PSP-033,SRC-014,LAPOP Lab — AmericasBarometer,"Licence par clic LAPOP — agrégats autorisés, partage des fichiers interdit, USAGE COMMERCIAL INTERDIT (clause 1)",2026-08-26
République dominicaine,DOM,2023,face-à-face,b13,confiance,Confiance dans le Parlement,0-100,45.5248,43.511,47.5386,1.0275,1553,63,1.43,oui,PSP-033,SRC-014,LAPOP Lab — AmericasBarometer,"Licence par clic LAPOP — agrégats autorisés, partage des fichiers interdit, USAGE COMMERCIAL INTERDIT (clause 1)",2026-08-26
Haïti,HTI,2008,face-à-face,b21a,confiance,"Confiance dans le chef de l'exécutif (Président en 2016/17, Premier ministre en 2023 — référent différent, ne pas comparer les deux vagues)",0-100,41.8877,39.2149,44.5605,1.3637,1508,70,3.01,oui,PSP-033,SRC-014,LAPOP Lab — AmericasBarometer,"Licence par clic LAPOP — agrégats autorisés, partage des fichiers interdit, USAGE COMMERCIAL INTERDIT (clause 1)",2026-08-26
Haïti,HTI,2010,face-à-face,b21a,confiance,"Confiance dans le chef de l'exécutif (Président en 2016/17, Premier ministre en 2023 — référent différent, ne pas comparer les deux vagues)",0-100,30.3586,28.586,32.1312,0.9044,1746,165,2.3,oui,PSP-033,SRC-014,LAPOP Lab — AmericasBarometer,"Licence par clic LAPOP — agrégats autorisés, partage des fichiers interdit, USAGE COMMERCIAL INTERDIT (clause 1)",2026-08-26
Haïti,HTI,2012,face-à-face,b21a,confiance,"Confiance dans le chef de l'exécutif (Président en 2016/17, Premier ministre en 2023 — référent différent, ne pas comparer les deux vagues)",0-100,70.6695,69.2604,72.0785,0.7189,1813,114,1.16,oui,PSP-033,SRC-014,LAPOP Lab — AmericasBarometer,"Licence par clic LAPOP — agrégats autorisés, partage des fichiers interdit, USAGE COMMERCIAL INTERDIT (clause 1)",2026-08-26
Haïti,HTI,2014,face-à-face,b21a,confiance,"Confiance dans le chef de l'exécutif (Président en 2016/17, Premier ministre en 2023 — référent différent, ne pas comparer les deux vagues)",0-100,65.4382,63.3823,67.4942,1.049,1506,62,1.93,oui,PSP-033,SRC-014,LAPOP Lab — AmericasBarometer,"Licence par clic LAPOP — agrégats autorisés, partage des fichiers interdit, USAGE COMMERCIAL INTERDIT (clause 1)",2026-08-26
Haïti,HTI,2017,face-à-face,b21a,confiance,"Confiance dans le chef de l'exécutif (Président en 2016/17, Premier ministre en 2023 — référent différent, ne pas comparer les deux vagues)",0-100,56.5918,54.8108,58.3728,0.9087,2072,88,1.26,oui,PSP-033,SRC-014,LAPOP Lab — AmericasBarometer,"Licence par clic LAPOP — agrégats autorisés, partage des fichiers interdit, USAGE COMMERCIAL INTERDIT (clause 1)",2026-08-26
Haïti,HTI,2023,téléphone,b21a,confiance,"Confiance dans le chef de l'exécutif (Président en 2016/17, Premier ministre en 2023 — référent différent, ne pas comparer les deux vagues)",0-100,13.0361,10.0295,16.0427,1.534,707,707,1.0,oui,PSP-033,SRC-014,LAPOP Lab — AmericasBarometer,"Licence par clic LAPOP — agrégats autorisés, partage des fichiers interdit, USAGE COMMERCIAL INTERDIT (clause 1)",2026-08-26
République dominicaine,DOM,2012,face-à-face,b21a,confiance,"Confiance dans le chef de l'exécutif (Président en 2016/17, Premier ministre en 2023 — référent différent, ne pas comparer les deux vagues)",0-100,47.7161,45.4039,50.0283,1.1797,1496,55,1.38,oui,PSP-033,SRC-014,LAPOP Lab — AmericasBarometer,"Licence par clic LAPOP — agrégats autorisés, partage des fichiers interdit, USAGE COMMERCIAL INTERDIT (clause 1)",2026-08-26
République dominicaine,DOM,2014,face-à-face,b21a,confiance,"Confiance dans le chef de l'exécutif (Président en 2016/17, Premier ministre en 2023 — référent différent, ne pas comparer les deux vagues)",0-100,71.1412,69.2485,73.0338,0.9656,1516,63,1.44,oui,PSP-033,SRC-014,LAPOP Lab — AmericasBarometer,"Licence par clic LAPOP — agrégats autorisés, partage des fichiers interdit, USAGE COMMERCIAL INTERDIT (clause 1)",2026-08-26
République dominicaine,DOM,2019,face-à-face,b21a,confiance,"Confiance dans le chef de l'exécutif (Président en 2016/17, Premier ministre en 2023 — référent différent, ne pas comparer les deux vagues)",0-100,46.5245,44.1904,48.8587,1.1909,1501,63,1.49,oui,PSP-033,SRC-014,LAPOP Lab — AmericasBarometer,"Licence par clic LAPOP — agrégats autorisés, partage des fichiers interdit, USAGE COMMERCIAL INTERDIT (clause 1)",2026-08-26
République dominicaine,DOM,2023,face-à-face,b21a,confiance,"Confiance dans le chef de l'exécutif (Président en 2016/17, Premier ministre en 2023 — référent différent, ne pas comparer les deux vagues)",0-100,51.7616,49.682,53.8412,1.061,1580,63,1.18,oui,PSP-033,SRC-014,LAPOP Lab — AmericasBarometer,"Licence par clic LAPOP — agrégats autorisés, partage des fichiers interdit, USAGE COMMERCIAL INTERDIT (clause 1)",2026-08-26
Haïti,HTI,2006,face-à-face,b37,confiance,Confiance dans les médias,0-100,47.7587,45.4713,50.046,1.167,1569,74,2.7,oui,PSP-033,SRC-014,LAPOP Lab — AmericasBarometer,"Licence par clic LAPOP — agrégats autorisés, partage des fichiers interdit, USAGE COMMERCIAL INTERDIT (clause 1)",2026-08-26
Haïti,HTI,2008,face-à-face,b37,confiance,Confiance dans les médias,0-100,46.9556,44.9149,48.9962,1.0412,1500,70,1.81,oui,PSP-033,SRC-014,LAPOP Lab — AmericasBarometer,"Licence par clic LAPOP — agrégats autorisés, partage des fichiers interdit, USAGE COMMERCIAL INTERDIT (clause 1)",2026-08-26
Haïti,HTI,2010,face-à-face,b37,confiance,Confiance dans les médias,0-100,43.5304,41.7926,45.2682,0.8866,1742,165,1.8,oui,PSP-033,SRC-014,LAPOP Lab — AmericasBarometer,"Licence par clic LAPOP — agrégats autorisés, partage des fichiers interdit, USAGE COMMERCIAL INTERDIT (clause 1)",2026-08-26
Haïti,HTI,2012,face-à-face,b37,confiance,Confiance dans les médias,0-100,53.5586,51.8594,55.2578,0.8669,1807,114,1.97,oui,PSP-033,SRC-014,LAPOP Lab — AmericasBarometer,"Licence par clic LAPOP — agrégats autorisés, partage des fichiers interdit, USAGE COMMERCIAL INTERDIT (clause 1)",2026-08-26
Haïti,HTI,2017,face-à-face,b37,confiance,Confiance dans les médias,0-100,46.5669,44.9017,48.232,0.8496,2032,88,1.19,oui,PSP-033,SRC-014,LAPOP Lab — AmericasBarometer,"Licence par clic LAPOP — agrégats autorisés, partage des fichiers interdit, USAGE COMMERCIAL INTERDIT (clause 1)",2026-08-26
Haïti,HTI,2023,téléphone,b37,confiance,Confiance dans les médias,0-100,47.2198,43.2457,51.1939,2.0276,775,775,1.0,oui,PSP-033,SRC-014,LAPOP Lab — AmericasBarometer,"Licence par clic LAPOP — agrégats autorisés, partage des fichiers interdit, USAGE COMMERCIAL INTERDIT (clause 1)",2026-08-26
République dominicaine,DOM,2012,face-à-face,b37,confiance,Confiance dans les médias,0-100,72.0218,70.4437,73.5999,0.8051,1497,55,1.35,oui,PSP-033,SRC-014,LAPOP Lab — AmericasBarometer,"Licence par clic LAPOP — agrégats autorisés, partage des fichiers interdit, USAGE COMMERCIAL INTERDIT (clause 1)",2026-08-26
République dominicaine,DOM,2019,face-à-face,b37,confiance,Confiance dans les médias,0-100,64.9655,63.2636,66.6674,0.8683,1499,63,1.2,oui,PSP-033,SRC-014,LAPOP Lab — AmericasBarometer,"Licence par clic LAPOP — agrégats autorisés, partage des fichiers interdit, USAGE COMMERCIAL INTERDIT (clause 1)",2026-08-26
République dominicaine,DOM,2021,téléphone,b37,confiance,Confiance dans les médias,0-100,54.5139,51.4996,57.5283,1.5379,725,725,1.0,oui,PSP-033,SRC-014,LAPOP Lab — AmericasBarometer,"Licence par clic LAPOP — agrégats autorisés, partage des fichiers interdit, USAGE COMMERCIAL INTERDIT (clause 1)",2026-08-26
République dominicaine,DOM,2023,face-à-face,b37,confiance,Confiance dans les médias,0-100,61.4008,59.4985,63.303,0.9705,1592,63,1.37,oui,PSP-033,SRC-014,LAPOP Lab — AmericasBarometer,"Licence par clic LAPOP — agrégats autorisés, partage des fichiers interdit, USAGE COMMERCIAL INTERDIT (clause 1)",2026-08-26
Haïti,HTI,2006,face-à-face,b21,confiance,Confiance dans les partis politiques,0-100,30.0021,26.9836,33.0206,1.54,1576,74,4.83,oui,PSP-033,SRC-014,LAPOP Lab — AmericasBarometer,"Licence par clic LAPOP — agrégats autorisés, partage des fichiers interdit, USAGE COMMERCIAL INTERDIT (clause 1)",2026-08-26
Haïti,HTI,2008,face-à-face,b21,confiance,Confiance dans les partis politiques,0-100,33.9325,31.7618,36.1033,1.1075,1502,70,2.19,oui,PSP-033,SRC-014,LAPOP Lab — AmericasBarometer,"Licence par clic LAPOP — agrégats autorisés, partage des fichiers interdit, USAGE COMMERCIAL INTERDIT (clause 1)",2026-08-26
Haïti,HTI,2010,face-à-face,b21,confiance,Confiance dans les partis politiques,0-100,30.0166,28.6138,31.4195,0.7157,1746,165,1.61,oui,PSP-033,SRC-014,LAPOP Lab — AmericasBarometer,"Licence par clic LAPOP — agrégats autorisés, partage des fichiers interdit, USAGE COMMERCIAL INTERDIT (clause 1)",2026-08-26
Haïti,HTI,2012,face-à-face,b21,confiance,Confiance dans les partis politiques,0-100,37.4667,35.5957,39.3378,0.9546,1820,114,2.16,oui,PSP-033,SRC-014,LAPOP Lab — AmericasBarometer,"Licence par clic LAPOP — agrégats autorisés, partage des fichiers interdit, USAGE COMMERCIAL INTERDIT (clause 1)",2026-08-26
Haïti,HTI,2014,face-à-face,b21,confiance,Confiance dans les partis politiques,0-100,36.8485,34.6385,39.0586,1.1276,1503,62,2.7,oui,PSP-033,SRC-014,LAPOP Lab — AmericasBarometer,"Licence par clic LAPOP — agrégats autorisés, partage des fichiers interdit, USAGE COMMERCIAL INTERDIT (clause 1)",2026-08-26
Haïti,HTI,2017,face-à-face,b21,confiance,Confiance dans les partis politiques,0-100,24.4846,22.5533,26.4158,0.9853,1994,88,2.09,oui,PSP-033,SRC-014,LAPOP Lab — AmericasBarometer,"Licence par clic LAPOP — agrégats autorisés, partage des fichiers interdit, USAGE COMMERCIAL INTERDIT (clause 1)",2026-08-26
République dominicaine,DOM,2012,face-à-face,b21,confiance,Confiance dans les partis politiques,0-100,32.3036,30.7085,33.8987,0.8138,1489,55,0.97,oui,PSP-033,SRC-014,LAPOP Lab — AmericasBarometer,"Licence par clic LAPOP — agrégats autorisés, partage des fichiers interdit, USAGE COMMERCIAL INTERDIT (clause 1)",2026-08-26
République dominicaine,DOM,2014,face-à-face,b21,confiance,Confiance dans les partis politiques,0-100,29.4228,27.6192,31.2264,0.9202,1513,63,1.42,oui,PSP-033,SRC-014,LAPOP Lab — AmericasBarometer,"Licence par clic LAPOP — agrégats autorisés, partage des fichiers interdit, USAGE COMMERCIAL INTERDIT (clause 1)",2026-08-26
République dominicaine,DOM,2019,face-à-face,b21,confiance,Confiance dans les partis politiques,0-100,28.3693,26.7195,30.019,0.8417,1484,63,1.06,oui,PSP-033,SRC-014,LAPOP Lab — AmericasBarometer,"Licence par clic LAPOP — agrégats autorisés, partage des fichiers interdit, USAGE COMMERCIAL INTERDIT (clause 1)",2026-08-26
République dominicaine,DOM,2023,face-à-face,b21,confiance,Confiance dans les partis politiques,0-100,33.0999,30.9865,35.2134,1.0783,1571,63,1.63,oui,PSP-033,SRC-014,LAPOP Lab — AmericasBarometer,"Licence par clic LAPOP — agrégats autorisés, partage des fichiers interdit, USAGE COMMERCIAL INTERDIT (clause 1)",2026-08-26
Haïti,HTI,2012,face-à-face,b47a,confiance,Confiance dans les élections,0-100,33.5232,31.2469,35.7995,1.1614,1805,114,3.26,oui,PSP-033,SRC-014,LAPOP Lab — AmericasBarometer,"Licence par clic LAPOP — agrégats autorisés, partage des fichiers interdit, USAGE COMMERCIAL INTERDIT (clause 1)",2026-08-26
Haïti,HTI,2014,face-à-face,b47a,confiance,Confiance dans les élections,0-100,29.8041,27.3864,32.2217,1.2335,1497,62,3.19,oui,PSP-033,SRC-014,LAPOP Lab — AmericasBarometer,"Licence par clic LAPOP — agrégats autorisés, partage des fichiers interdit, USAGE COMMERCIAL INTERDIT (clause 1)",2026-08-26
Haïti,HTI,2017,face-à-face,b47a,confiance,Confiance dans les élections,0-100,27.5705,25.6539,29.487,0.9778,2056,88,1.69,oui,PSP-033,SRC-014,LAPOP Lab — AmericasBarometer,"Licence par clic LAPOP — agrégats autorisés, partage des fichiers interdit, USAGE COMMERCIAL INTERDIT (clause 1)",2026-08-26
Haïti,HTI,2021,téléphone,b47a,confiance,Confiance dans les élections,0-100,28.5071,25.2932,31.721,1.6398,1144,1144,1.0,oui,PSP-033,SRC-014,LAPOP Lab — AmericasBarometer,"Licence par clic LAPOP — agrégats autorisés, partage des fichiers interdit, USAGE COMMERCIAL INTERDIT (clause 1)",2026-08-26
Haïti,HTI,2023,téléphone,b47a,confiance,Confiance dans les élections,0-100,27.9129,23.7933,32.0325,2.1018,712,712,1.0,oui,PSP-033,SRC-014,LAPOP Lab — AmericasBarometer,"Licence par clic LAPOP — agrégats autorisés, partage des fichiers interdit, USAGE COMMERCIAL INTERDIT (clause 1)",2026-08-26
République dominicaine,DOM,2012,face-à-face,b47a,confiance,Confiance dans les élections,0-100,50.9103,49.1472,52.6735,0.8996,1483,55,1.02,oui,PSP-033,SRC-014,LAPOP Lab — AmericasBarometer,"Licence par clic LAPOP — agrégats autorisés, partage des fichiers interdit, USAGE COMMERCIAL INTERDIT (clause 1)",2026-08-26
République dominicaine,DOM,2014,face-à-face,b47a,confiance,Confiance dans les élections,0-100,42.5409,40.4785,44.6034,1.0523,1506,63,1.56,oui,PSP-033,SRC-014,LAPOP Lab — AmericasBarometer,"Licence par clic LAPOP — agrégats autorisés, partage des fichiers interdit, USAGE COMMERCIAL INTERDIT (clause 1)",2026-08-26
République dominicaine,DOM,2019,face-à-face,b47a,confiance,Confiance dans les élections,0-100,37.2132,35.5144,38.9121,0.8668,1482,63,0.97,oui,PSP-033,SRC-014,LAPOP Lab — AmericasBarometer,"Licence par clic LAPOP — agrégats autorisés, partage des fichiers interdit, USAGE COMMERCIAL INTERDIT (clause 1)",2026-08-26
République dominicaine,DOM,2021,téléphone,b47a,confiance,Confiance dans les élections,0-100,44.9228,42.6098,47.2358,1.1801,1453,1453,1.0,oui,PSP-033,SRC-014,LAPOP Lab — AmericasBarometer,"Licence par clic LAPOP — agrégats autorisés, partage des fichiers interdit, USAGE COMMERCIAL INTERDIT (clause 1)",2026-08-26
République dominicaine,DOM,2023,face-à-face,b47a,confiance,Confiance dans les élections,0-100,45.6907,43.8394,47.5421,0.9446,1578,63,1.19,oui,PSP-033,SRC-014,LAPOP Lab — AmericasBarometer,"Licence par clic LAPOP — agrégats autorisés, partage des fichiers interdit, USAGE COMMERCIAL INTERDIT (clause 1)",2026-08-26
Haïti,HTI,2006,face-à-face,b4,confiance,Fierté de vivre sous le système politique haïtien,0-100,39.2531,35.9226,42.5837,1.6993,1571,74,4.94,oui,PSP-033,SRC-014,LAPOP Lab — AmericasBarometer,"Licence par clic LAPOP — agrégats autorisés, partage des fichiers interdit, USAGE COMMERCIAL INTERDIT (clause 1)",2026-08-26
Haïti,HTI,2008,face-à-face,b4,confiance,Fierté de vivre sous le système politique haïtien,0-100,36.7624,34.8831,38.6417,0.9588,1497,70,1.59,oui,PSP-033,SRC-014,LAPOP Lab — AmericasBarometer,"Licence par clic LAPOP — agrégats autorisés, partage des fichiers interdit, USAGE COMMERCIAL INTERDIT (clause 1)",2026-08-26
Haïti,HTI,2010,face-à-face,b4,confiance,Fierté de vivre sous le système politique haïtien,0-100,27.3056,26.0985,28.5126,0.6158,1746,165,1.33,oui,PSP-033,SRC-014,LAPOP Lab — AmericasBarometer,"Licence par clic LAPOP — agrégats autorisés, partage des fichiers interdit, USAGE COMMERCIAL INTERDIT (clause 1)",2026-08-26
Haïti,HTI,2012,face-à-face,b4,confiance,Fierté de vivre sous le système politique haïtien,0-100,43.1372,41.0256,45.2487,1.0773,1812,114,2.33,oui,PSP-033,SRC-014,LAPOP Lab — AmericasBarometer,"Licence par clic LAPOP — agrégats autorisés, partage des fichiers interdit, USAGE COMMERCIAL INTERDIT (clause 1)",2026-08-26
Haïti,HTI,2014,face-à-face,b4,confiance,Fierté de vivre sous le système politique haïtien,0-100,40.7297,38.2452,43.2141,1.2676,1503,62,3.08,oui,PSP-033,SRC-014,LAPOP Lab — AmericasBarometer,"Licence par clic LAPOP — agrégats autorisés, partage des fichiers interdit, USAGE COMMERCIAL INTERDIT (clause 1)",2026-08-26
Haïti,HTI,2017,face-à-face,b4,confiance,Fierté de vivre sous le système politique haïtien,0-100,34.0501,32.1709,35.9294,0.9588,1999,88,1.59,oui,PSP-033,SRC-014,LAPOP Lab — AmericasBarometer,"Licence par clic LAPOP — agrégats autorisés, partage des fichiers interdit, USAGE COMMERCIAL INTERDIT (clause 1)",2026-08-26
Haïti,HTI,2021,téléphone,b4,confiance,Fierté de vivre sous le système politique haïtien,0-100,30.087,26.8447,33.3293,1.6542,1142,1142,1.0,oui,PSP-033,SRC-014,LAPOP Lab — AmericasBarometer,"Licence par clic LAPOP — agrégats autorisés, partage des fichiers interdit, USAGE COMMERCIAL INTERDIT (clause 1)",2026-08-26
Haïti,HTI,2023,téléphone,b4,confiance,Fierté de vivre sous le système politique haïtien,0-100,24.5308,20.7005,28.3611,1.9542,793,793,1.0,oui,PSP-033,SRC-014,LAPOP Lab — AmericasBarometer,"Licence par clic LAPOP — agrégats autorisés, partage des fichiers interdit, USAGE COMMERCIAL INTERDIT (clause 1)",2026-08-26
République dominicaine,DOM,2012,face-à-face,b4,confiance,Fierté de vivre sous le système politique haïtien,0-100,45.0954,43.237,46.9538,0.9481,1485,55,1.15,oui,PSP-033,SRC-014,LAPOP Lab — AmericasBarometer,"Licence par clic LAPOP — agrégats autorisés, partage des fichiers interdit, USAGE COMMERCIAL INTERDIT (clause 1)",2026-08-26
République dominicaine,DOM,2014,face-à-face,b4,confiance,Fierté de vivre sous le système politique haïtien,0-100,48.908,46.8712,50.9448,1.0392,1511,63,1.4,oui,PSP-033,SRC-014,LAPOP Lab — AmericasBarometer,"Licence par clic LAPOP — agrégats autorisés, partage des fichiers interdit, USAGE COMMERCIAL INTERDIT (clause 1)",2026-08-26
République dominicaine,DOM,2019,face-à-face,b4,confiance,Fierté de vivre sous le système politique haïtien,0-100,42.6613,40.6739,44.6487,1.014,1483,63,1.26,oui,PSP-033,SRC-014,LAPOP Lab — AmericasBarometer,"Licence par clic LAPOP — agrégats autorisés, partage des fichiers interdit, USAGE COMMERCIAL INTERDIT (clause 1)",2026-08-26
République dominicaine,DOM,2021,téléphone,b4,confiance,Fierté de vivre sous le système politique haïtien,0-100,51.9985,49.624,54.373,1.2115,1445,1445,1.0,oui,PSP-033,SRC-014,LAPOP Lab — AmericasBarometer,"Licence par clic LAPOP — agrégats autorisés, partage des fichiers interdit, USAGE COMMERCIAL INTERDIT (clause 1)",2026-08-26
République dominicaine,DOM,2023,face-à-face,b4,confiance,Fierté de vivre sous le système politique haïtien,0-100,49.3792,47.431,51.3274,0.994,1584,63,1.16,oui,PSP-033,SRC-014,LAPOP Lab — AmericasBarometer,"Licence par clic LAPOP — agrégats autorisés, partage des fichiers interdit, USAGE COMMERCIAL INTERDIT (clause 1)",2026-08-26
Haïti,HTI,2006,face-à-face,b6,confiance,Il faut soutenir le système politique haïtien,0-100,45.4811,42.2982,48.6641,1.6239,1538,74,4.05,oui,PSP-033,SRC-014,LAPOP Lab — AmericasBarometer,"Licence par clic LAPOP — agrégats autorisés, partage des fichiers interdit, USAGE COMMERCIAL INTERDIT (clause 1)",2026-08-26
Haïti,HTI,2008,face-à-face,b6,confiance,Il faut soutenir le système politique haïtien,0-100,36.6151,34.8552,38.3751,0.8979,1488,70,1.4,oui,PSP-033,SRC-014,LAPOP Lab — AmericasBarometer,"Licence par clic LAPOP — agrégats autorisés, partage des fichiers interdit, USAGE COMMERCIAL INTERDIT (clause 1)",2026-08-26
Haïti,HTI,2010,face-à-face,b6,confiance,Il faut soutenir le système politique haïtien,0-100,28.6263,27.418,29.8346,0.6165,1747,165,1.31,oui,PSP-033,SRC-014,LAPOP Lab — AmericasBarometer,"Licence par clic LAPOP — agrégats autorisés, partage des fichiers interdit, USAGE COMMERCIAL INTERDIT (clause 1)",2026-08-26
Haïti,HTI,2012,face-à-face,b6,confiance,Il faut soutenir le système politique haïtien,0-100,45.8624,43.3716,48.3531,1.2708,1797,114,2.91,oui,PSP-033,SRC-014,LAPOP Lab — AmericasBarometer,"Licence par clic LAPOP — agrégats autorisés, partage des fichiers interdit, USAGE COMMERCIAL INTERDIT (clause 1)",2026-08-26
Haïti,HTI,2014,face-à-face,b6,confiance,Il faut soutenir le système politique haïtien,0-100,40.5681,38.3654,42.7709,1.1238,1502,62,2.47,oui,PSP-033,SRC-014,LAPOP Lab — AmericasBarometer,"Licence par clic LAPOP — agrégats autorisés, partage des fichiers interdit, USAGE COMMERCIAL INTERDIT (clause 1)",2026-08-26
Haïti,HTI,2017,face-à-face,b6,confiance,Il faut soutenir le système politique haïtien,0-100,42.9644,40.8613,45.0674,1.073,1966,88,1.56,oui,PSP-033,SRC-014,LAPOP Lab — AmericasBarometer,"Licence par clic LAPOP — agrégats autorisés, partage des fichiers interdit, USAGE COMMERCIAL INTERDIT (clause 1)",2026-08-26
Haïti,HTI,2021,téléphone,b6,confiance,Il faut soutenir le système politique haïtien,0-100,43.2735,39.7631,46.7839,1.791,1146,1146,1.0,oui,PSP-033,SRC-014,LAPOP Lab — AmericasBarometer,"Licence par clic LAPOP — agrégats autorisés, partage des fichiers interdit, USAGE COMMERCIAL INTERDIT (clause 1)",2026-08-26
Haïti,HTI,2023,téléphone,b6,confiance,Il faut soutenir le système politique haïtien,0-100,43.5104,39.0146,48.0063,2.2938,688,688,1.0,oui,PSP-033,SRC-014,LAPOP Lab — AmericasBarometer,"Licence par clic LAPOP — agrégats autorisés, partage des fichiers interdit, USAGE COMMERCIAL INTERDIT (clause 1)",2026-08-26
République dominicaine,DOM,2012,face-à-face,b6,confiance,Il faut soutenir le système politique haïtien,0-100,52.0424,50.1186,53.9663,0.9815,1477,55,1.14,oui,PSP-033,SRC-014,LAPOP Lab — AmericasBarometer,"Licence par clic LAPOP — agrégats autorisés, partage des fichiers interdit, USAGE COMMERCIAL INTERDIT (clause 1)",2026-08-26
République dominicaine,DOM,2014,face-à-face,b6,confiance,Il faut soutenir le système politique haïtien,0-100,57.116,55.1064,59.1256,1.0253,1506,63,1.39,oui,PSP-033,SRC-014,LAPOP Lab — AmericasBarometer,"Licence par clic LAPOP — agrégats autorisés, partage des fichiers interdit, USAGE COMMERCIAL INTERDIT (clause 1)",2026-08-26
République dominicaine,DOM,2019,face-à-face,b6,confiance,Il faut soutenir le système politique haïtien,0-100,49.4373,47.6407,51.2339,0.9166,1481,63,0.95,oui,PSP-033,SRC-014,LAPOP Lab — AmericasBarometer,"Licence par clic LAPOP — agrégats autorisés, partage des fichiers interdit, USAGE COMMERCIAL INTERDIT (clause 1)",2026-08-26
République dominicaine,DOM,2021,téléphone,b6,confiance,Il faut soutenir le système politique haïtien,0-100,63.8279,61.5716,66.0842,1.1512,1443,1443,1.0,oui,PSP-033,SRC-014,LAPOP Lab — AmericasBarometer,"Licence par clic LAPOP — agrégats autorisés, partage des fichiers interdit, USAGE COMMERCIAL INTERDIT (clause 1)",2026-08-26
République dominicaine,DOM,2023,face-à-face,b6,confiance,Il faut soutenir le système politique haïtien,0-100,57.5143,55.6163,59.4122,0.9683,1577,63,1.09,oui,PSP-033,SRC-014,LAPOP Lab — AmericasBarometer,"Licence par clic LAPOP — agrégats autorisés, partage des fichiers interdit, USAGE COMMERCIAL INTERDIT (clause 1)",2026-08-26
Haïti,HTI,2006,face-à-face,b3,confiance,Les droits fondamentaux sont protégés par le système politique,0-100,35.7021,32.4725,38.9318,1.6478,1569,74,4.98,oui,PSP-033,SRC-014,LAPOP Lab — AmericasBarometer,"Licence par clic LAPOP — agrégats autorisés, partage des fichiers interdit, USAGE COMMERCIAL INTERDIT (clause 1)",2026-08-26
Haïti,HTI,2008,face-à-face,b3,confiance,Les droits fondamentaux sont protégés par le système politique,0-100,36.1389,33.9195,38.3584,1.1324,1497,70,2.53,oui,PSP-033,SRC-014,LAPOP Lab — AmericasBarometer,"Licence par clic LAPOP — agrégats autorisés, partage des fichiers interdit, USAGE COMMERCIAL INTERDIT (clause 1)",2026-08-26
Haïti,HTI,2010,face-à-face,b3,confiance,Les droits fondamentaux sont protégés par le système politique,0-100,29.0944,27.8796,30.3092,0.6198,1736,165,1.43,oui,PSP-033,SRC-014,LAPOP Lab — AmericasBarometer,"Licence par clic LAPOP — agrégats autorisés, partage des fichiers interdit, USAGE COMMERCIAL INTERDIT (clause 1)",2026-08-26
Haïti,HTI,2012,face-à-face,b3,confiance,Les droits fondamentaux sont protégés par le système politique,0-100,37.7846,35.36,40.2092,1.237,1811,114,3.47,oui,PSP-033,SRC-014,LAPOP Lab — AmericasBarometer,"Licence par clic LAPOP — agrégats autorisés, partage des fichiers interdit, USAGE COMMERCIAL INTERDIT (clause 1)",2026-08-26
Haïti,HTI,2014,face-à-face,b3,confiance,Les droits fondamentaux sont protégés par le système politique,0-100,37.5139,35.1951,39.8327,1.1831,1495,62,3.04,oui,PSP-033,SRC-014,LAPOP Lab — AmericasBarometer,"Licence par clic LAPOP — agrégats autorisés, partage des fichiers interdit, USAGE COMMERCIAL INTERDIT (clause 1)",2026-08-26
Haïti,HTI,2017,face-à-face,b3,confiance,Les droits fondamentaux sont protégés par le système politique,0-100,29.5494,27.7571,31.3417,0.9144,1975,88,1.6,oui,PSP-033,SRC-014,LAPOP Lab — AmericasBarometer,"Licence par clic LAPOP — agrégats autorisés, partage des fichiers interdit, USAGE COMMERCIAL INTERDIT (clause 1)",2026-08-26
Haïti,HTI,2021,téléphone,b3,confiance,Les droits fondamentaux sont protégés par le système politique,0-100,30.3584,27.1642,33.5526,1.6297,1157,1157,1.0,oui,PSP-033,SRC-014,LAPOP Lab — AmericasBarometer,"Licence par clic LAPOP — agrégats autorisés, partage des fichiers interdit, USAGE COMMERCIAL INTERDIT (clause 1)",2026-08-26
Haïti,HTI,2023,téléphone,b3,confiance,Les droits fondamentaux sont protégés par le système politique,0-100,24.069,21.4729,26.665,1.3245,1491,1491,1.0,oui,PSP-033,SRC-014,LAPOP Lab — AmericasBarometer,"Licence par clic LAPOP — agrégats autorisés, partage des fichiers interdit, USAGE COMMERCIAL INTERDIT (clause 1)",2026-08-26
République dominicaine,DOM,2012,face-à-face,b3,confiance,Les droits fondamentaux sont protégés par le système politique,0-100,38.4117,36.8394,39.984,0.8022,1467,55,1.1,oui,PSP-033,SRC-014,LAPOP Lab — AmericasBarometer,"Licence par clic LAPOP — agrégats autorisés, partage des fichiers interdit, USAGE COMMERCIAL INTERDIT (clause 1)",2026-08-26
République dominicaine,DOM,2014,face-à-face,b3,confiance,Les droits fondamentaux sont protégés par le système politique,0-100,39.2242,37.4933,40.9552,0.8831,1491,63,1.27,oui,PSP-033,SRC-014,LAPOP Lab — AmericasBarometer,"Licence par clic LAPOP — agrégats autorisés, partage des fichiers interdit, USAGE COMMERCIAL INTERDIT (clause 1)",2026-08-26
République dominicaine,DOM,2019,face-à-face,b3,confiance,Les droits fondamentaux sont protégés par le système politique,0-100,37.8369,36.096,39.5779,0.8882,1484,63,1.21,oui,PSP-033,SRC-014,LAPOP Lab — AmericasBarometer,"Licence par clic LAPOP — agrégats autorisés, partage des fichiers interdit, USAGE COMMERCIAL INTERDIT (clause 1)",2026-08-26
République dominicaine,DOM,2021,téléphone,b3,confiance,Les droits fondamentaux sont protégés par le système politique,0-100,42.2335,40.0775,44.3895,1.1,1449,1449,1.0,oui,PSP-033,SRC-014,LAPOP Lab — AmericasBarometer,"Licence par clic LAPOP — agrégats autorisés, partage des fichiers interdit, USAGE COMMERCIAL INTERDIT (clause 1)",2026-08-26
République dominicaine,DOM,2023,face-à-face,b3,confiance,Les droits fondamentaux sont protégés par le système politique,0-100,40.4172,38.5215,42.3129,0.9672,1574,63,1.32,oui,PSP-033,SRC-014,LAPOP Lab — AmericasBarometer,"Licence par clic LAPOP — agrégats autorisés, partage des fichiers interdit, USAGE COMMERCIAL INTERDIT (clause 1)",2026-08-26
Haïti,HTI,2006,face-à-face,b1,confiance,Les tribunaux garantissent un procès équitable,0-100,40.7748,37.4488,44.1008,1.6969,1523,74,4.86,oui,PSP-033,SRC-014,LAPOP Lab — AmericasBarometer,"Licence par clic LAPOP — agrégats autorisés, partage des fichiers interdit, USAGE COMMERCIAL INTERDIT (clause 1)",2026-08-26
Haïti,HTI,2008,face-à-face,b1,confiance,Les tribunaux garantissent un procès équitable,0-100,47.8849,45.001,50.7687,1.4713,1442,70,3.76,oui,PSP-033,SRC-014,LAPOP Lab — AmericasBarometer,"Licence par clic LAPOP — agrégats autorisés, partage des fichiers interdit, USAGE COMMERCIAL INTERDIT (clause 1)",2026-08-26
Haïti,HTI,2010,face-à-face,b1,confiance,Les tribunaux garantissent un procès équitable,0-100,42.1599,40.907,43.4128,0.6392,1582,165,1.23,oui,PSP-033,SRC-014,LAPOP Lab — AmericasBarometer,"Licence par clic LAPOP — agrégats autorisés, partage des fichiers interdit, USAGE COMMERCIAL INTERDIT (clause 1)",2026-08-26
Haïti,HTI,2012,face-à-face,b1,confiance,Les tribunaux garantissent un procès équitable,0-100,46.1087,44.4294,47.7879,0.8568,1798,114,1.76,oui,PSP-033,SRC-014,LAPOP Lab — AmericasBarometer,"Licence par clic LAPOP — agrégats autorisés, partage des fichiers interdit, USAGE COMMERCIAL INTERDIT (clause 1)",2026-08-26
Haïti,HTI,2014,face-à-face,b1,confiance,Les tribunaux garantissent un procès équitable,0-100,43.4846,41.0516,45.9177,1.2413,1476,62,2.9,oui,PSP-033,SRC-014,LAPOP Lab — AmericasBarometer,"Licence par clic LAPOP — agrégats autorisés, partage des fichiers interdit, USAGE COMMERCIAL INTERDIT (clause 1)",2026-08-26
Haïti,HTI,2017,face-à-face,b1,confiance,Les tribunaux garantissent un procès équitable,0-100,33.8962,32.142,35.6505,0.895,1945,88,1.33,oui,PSP-033,SRC-014,LAPOP Lab — AmericasBarometer,"Licence par clic LAPOP — agrégats autorisés, partage des fichiers interdit, USAGE COMMERCIAL INTERDIT (clause 1)",2026-08-26
Haïti,HTI,2023,téléphone,b1,confiance,Les tribunaux garantissent un procès équitable,0-100,28.1246,25.3099,30.9392,1.436,1391,1391,1.0,oui,PSP-033,SRC-014,LAPOP Lab — AmericasBarometer,"Licence par clic LAPOP — agrégats autorisés, partage des fichiers interdit, USAGE COMMERCIAL INTERDIT (clause 1)",2026-08-26
République dominicaine,DOM,2012,face-à-face,b1,confiance,Les tribunaux garantissent un procès équitable,0-100,44.932,43.1816,46.6824,0.8931,1470,55,1.35,oui,PSP-033,SRC-014,LAPOP Lab — AmericasBarometer,"Licence par clic LAPOP — agrégats autorisés, partage des fichiers interdit, USAGE COMMERCIAL INTERDIT (clause 1)",2026-08-26
République dominicaine,DOM,2014,face-à-face,b1,confiance,Les tribunaux garantissent un procès équitable,0-100,40.1276,38.3722,41.883,0.8956,1489,63,1.38,oui,PSP-033,SRC-014,LAPOP Lab — AmericasBarometer,"Licence par clic LAPOP — agrégats autorisés, partage des fichiers interdit, USAGE COMMERCIAL INTERDIT (clause 1)",2026-08-26
République dominicaine,DOM,2019,face-à-face,b1,confiance,Les tribunaux garantissent un procès équitable,0-100,42.0421,40.639,43.4453,0.7159,1487,63,0.87,oui,PSP-033,SRC-014,LAPOP Lab — AmericasBarometer,"Licence par clic LAPOP — agrégats autorisés, partage des fichiers interdit, USAGE COMMERCIAL INTERDIT (clause 1)",2026-08-26
République dominicaine,DOM,2023,face-à-face,b1,confiance,Les tribunaux garantissent un procès équitable,0-100,44.1239,42.5064,45.7414,0.8252,1560,63,1.05,oui,PSP-033,SRC-014,LAPOP Lab — AmericasBarometer,"Licence par clic LAPOP — agrégats autorisés, partage des fichiers interdit, USAGE COMMERCIAL INTERDIT (clause 1)",2026-08-26
Haïti,HTI,2006,face-à-face,b2,confiance,Respect des institutions politiques,0-100,47.1552,44.4038,49.9067,1.4038,1576,74,3.49,oui,PSP-033,SRC-014,LAPOP Lab — AmericasBarometer,"Licence par clic LAPOP — agrégats autorisés, partage des fichiers interdit, USAGE COMMERCIAL INTERDIT (clause 1)",2026-08-26
Haïti,HTI,2008,face-à-face,b2,confiance,Respect des institutions politiques,0-100,45.2841,43.0965,47.4716,1.1161,1502,70,2.26,oui,PSP-033,SRC-014,LAPOP Lab — AmericasBarometer,"Licence par clic LAPOP — agrégats autorisés, partage des fichiers interdit, USAGE COMMERCIAL INTERDIT (clause 1)",2026-08-26
Haïti,HTI,2010,face-à-face,b2,confiance,Respect des institutions politiques,0-100,34.5983,33.115,36.0816,0.7568,1738,165,1.82,oui,PSP-033,SRC-014,LAPOP Lab — AmericasBarometer,"Licence par clic LAPOP — agrégats autorisés, partage des fichiers interdit, USAGE COMMERCIAL INTERDIT (clause 1)",2026-08-26
Haïti,HTI,2012,face-à-face,b2,confiance,Respect des institutions politiques,0-100,49.6099,48.3223,50.8974,0.6569,1808,114,1.14,oui,PSP-033,SRC-014,LAPOP Lab — AmericasBarometer,"Licence par clic LAPOP — agrégats autorisés, partage des fichiers interdit, USAGE COMMERCIAL INTERDIT (clause 1)",2026-08-26
Haïti,HTI,2014,face-à-face,b2,confiance,Respect des institutions politiques,0-100,49.5775,46.6731,52.4819,1.4818,1499,62,3.58,oui,PSP-033,SRC-014,LAPOP Lab — AmericasBarometer,"Licence par clic LAPOP — agrégats autorisés, partage des fichiers interdit, USAGE COMMERCIAL INTERDIT (clause 1)",2026-08-26
Haïti,HTI,2017,face-à-face,b2,confiance,Respect des institutions politiques,0-100,48.531,46.7066,50.3553,0.9308,1987,88,1.29,oui,PSP-033,SRC-014,LAPOP Lab — AmericasBarometer,"Licence par clic LAPOP — agrégats autorisés, partage des fichiers interdit, USAGE COMMERCIAL INTERDIT (clause 1)",2026-08-26
Haïti,HTI,2021,téléphone,b2,confiance,Respect des institutions politiques,0-100,58.5785,55.1519,62.0051,1.7483,1150,1150,1.0,oui,PSP-033,SRC-014,LAPOP Lab — AmericasBarometer,"Licence par clic LAPOP — agrégats autorisés, partage des fichiers interdit, USAGE COMMERCIAL INTERDIT (clause 1)",2026-08-26
Haïti,HTI,2023,téléphone,b2,confiance,Respect des institutions politiques,0-100,54.2359,50.9855,57.4863,1.6584,1471,1471,1.0,oui,PSP-033,SRC-014,LAPOP Lab — AmericasBarometer,"Licence par clic LAPOP — agrégats autorisés, partage des fichiers interdit, USAGE COMMERCIAL INTERDIT (clause 1)",2026-08-26
République dominicaine,DOM,2012,face-à-face,b2,confiance,Respect des institutions politiques,0-100,62.9767,61.2634,64.6899,0.8741,1486,55,1.04,oui,PSP-033,SRC-014,LAPOP Lab — AmericasBarometer,"Licence par clic LAPOP — agrégats autorisés, partage des fichiers interdit, USAGE COMMERCIAL INTERDIT (clause 1)",2026-08-26
République dominicaine,DOM,2014,face-à-face,b2,confiance,Respect des institutions politiques,0-100,62.749,60.8908,64.6072,0.948,1506,63,1.22,oui,PSP-033,SRC-014,LAPOP Lab — AmericasBarometer,"Licence par clic LAPOP — agrégats autorisés, partage des fichiers interdit, USAGE COMMERCIAL INTERDIT (clause 1)",2026-08-26
République dominicaine,DOM,2019,face-à-face,b2,confiance,Respect des institutions politiques,0-100,58.166,55.9776,60.3544,1.1165,1494,63,1.62,oui,PSP-033,SRC-014,LAPOP Lab — AmericasBarometer,"Licence par clic LAPOP — agrégats autorisés, partage des fichiers interdit, USAGE COMMERCIAL INTERDIT (clause 1)",2026-08-26
République dominicaine,DOM,2021,téléphone,b2,confiance,Respect des institutions politiques,0-100,71.5651,69.5008,73.6293,1.0532,1443,1443,1.0,oui,PSP-033,SRC-014,LAPOP Lab — AmericasBarometer,"Licence par clic LAPOP — agrégats autorisés, partage des fichiers interdit, USAGE COMMERCIAL INTERDIT (clause 1)",2026-08-26
République dominicaine,DOM,2023,face-à-face,b2,confiance,Respect des institutions politiques,0-100,64.7003,62.4769,66.9236,1.1344,1568,63,1.64,oui,PSP-033,SRC-014,LAPOP Lab — AmericasBarometer,"Licence par clic LAPOP — agrégats autorisés, partage des fichiers interdit, USAGE COMMERCIAL INTERDIT (clause 1)",2026-08-26
Haïti,HTI,2006,face-à-face,exc6,corruption,A été sollicité pour un pot-de-vin par un agent public (12 derniers mois),0-100,10.752,8.1979,13.3061,1.3031,1609,74,2.85,oui,PSP-033,SRC-014,LAPOP Lab — AmericasBarometer,"Licence par clic LAPOP — agrégats autorisés, partage des fichiers interdit, USAGE COMMERCIAL INTERDIT (clause 1)",2026-08-26
Haïti,HTI,2008,face-à-face,exc6,corruption,A été sollicité pour un pot-de-vin par un agent public (12 derniers mois),0-100,11.9015,9.4619,14.3411,1.2447,1462,70,2.16,oui,PSP-033,SRC-014,LAPOP Lab — AmericasBarometer,"Licence par clic LAPOP — agrégats autorisés, partage des fichiers interdit, USAGE COMMERCIAL INTERDIT (clause 1)",2026-08-26
Haïti,HTI,2010,face-à-face,exc6,corruption,A été sollicité pour un pot-de-vin par un agent public (12 derniers mois),0-100,12.2317,10.4034,14.0601,0.9328,1696,165,1.41,oui,PSP-033,SRC-014,LAPOP Lab — AmericasBarometer,"Licence par clic LAPOP — agrégats autorisés, partage des fichiers interdit, USAGE COMMERCIAL INTERDIT (clause 1)",2026-08-26
Haïti,HTI,2012,face-à-face,exc6,corruption,A été sollicité pour un pot-de-vin par un agent public (12 derniers mois),0-100,15.7259,13.47,17.9817,1.1509,1774,114,1.59,oui,PSP-033,SRC-014,LAPOP Lab — AmericasBarometer,"Licence par clic LAPOP — agrégats autorisés, partage des fichiers interdit, USAGE COMMERCIAL INTERDIT (clause 1)",2026-08-26
Haïti,HTI,2014,face-à-face,exc6,corruption,A été sollicité pour un pot-de-vin par un agent public (12 derniers mois),0-100,9.7544,8.078,11.4309,0.8553,1466,62,1.22,oui,PSP-033,SRC-014,LAPOP Lab — AmericasBarometer,"Licence par clic LAPOP — agrégats autorisés, partage des fichiers interdit, USAGE COMMERCIAL INTERDIT (clause 1)",2026-08-26
Haïti,HTI,2017,face-à-face,exc6,corruption,A été sollicité pour un pot-de-vin par un agent public (12 derniers mois),0-100,8.6836,7.5026,9.8647,0.6026,2191,88,0.94,oui,PSP-033,SRC-014,LAPOP Lab — AmericasBarometer,"Licence par clic LAPOP — agrégats autorisés, partage des fichiers interdit, USAGE COMMERCIAL INTERDIT (clause 1)",2026-08-26
Haïti,HTI,2021,téléphone,exc6,corruption,A été sollicité pour un pot-de-vin par un agent public (12 derniers mois),0-100,10.3425,8.31,12.3751,1.037,1343,1343,1.0,oui,PSP-033,SRC-014,LAPOP Lab — AmericasBarometer,"Licence par clic LAPOP — agrégats autorisés, partage des fichiers interdit, USAGE COMMERCIAL INTERDIT (clause 1)",2026-08-26
Haïti,HTI,2023,téléphone,exc6,corruption,A été sollicité pour un pot-de-vin par un agent public (12 derniers mois),0-100,11.2106,8.1551,14.2661,1.5589,773,773,1.0,oui,PSP-033,SRC-014,LAPOP Lab — AmericasBarometer,"Licence par clic LAPOP — agrégats autorisés, partage des fichiers interdit, USAGE COMMERCIAL INTERDIT (clause 1)",2026-08-26
République dominicaine,DOM,2012,face-à-face,exc6,corruption,A été sollicité pour un pot-de-vin par un agent public (12 derniers mois),0-100,6.6181,5.2869,7.9494,0.6792,1511,55,1.13,oui,PSP-033,SRC-014,LAPOP Lab — AmericasBarometer,"Licence par clic LAPOP — agrégats autorisés, partage des fichiers interdit, USAGE COMMERCIAL INTERDIT (clause 1)",2026-08-26
République dominicaine,DOM,2014,face-à-face,exc6,corruption,A été sollicité pour un pot-de-vin par un agent public (12 derniers mois),0-100,7.5,6.0652,8.9348,0.7321,1520,63,1.17,oui,PSP-033,SRC-014,LAPOP Lab — AmericasBarometer,"Licence par clic LAPOP — agrégats autorisés, partage des fichiers interdit, USAGE COMMERCIAL INTERDIT (clause 1)",2026-08-26
République dominicaine,DOM,2019,face-à-face,exc6,corruption,A été sollicité pour un pot-de-vin par un agent public (12 derniers mois),0-100,5.8824,4.7691,6.9956,0.568,1513,63,0.88,oui,PSP-033,SRC-014,LAPOP Lab — AmericasBarometer,"Licence par clic LAPOP — agrégats autorisés, partage des fichiers interdit, USAGE COMMERCIAL INTERDIT (clause 1)",2026-08-26
République dominicaine,DOM,2021,téléphone,exc6,corruption,A été sollicité pour un pot-de-vin par un agent public (12 derniers mois),0-100,8.4829,6.8516,10.1143,0.8323,1467,1467,1.0,oui,PSP-033,SRC-014,LAPOP Lab — AmericasBarometer,"Licence par clic LAPOP — agrégats autorisés, partage des fichiers interdit, USAGE COMMERCIAL INTERDIT (clause 1)",2026-08-26
République dominicaine,DOM,2023,face-à-face,exc6,corruption,A été sollicité pour un pot-de-vin par un agent public (12 derniers mois),0-100,7.8321,6.386,9.2782,0.7378,1596,63,1.2,oui,PSP-033,SRC-014,LAPOP Lab — AmericasBarometer,"Licence par clic LAPOP — agrégats autorisés, partage des fichiers interdit, USAGE COMMERCIAL INTERDIT (clause 1)",2026-08-26
Haïti,HTI,2006,face-à-face,exc2,corruption,A été sollicité pour un pot-de-vin par un policier (12 derniers mois),0-100,10.1927,7.9968,12.3885,1.1203,1609,74,2.2,oui,PSP-033,SRC-014,LAPOP Lab — AmericasBarometer,"Licence par clic LAPOP — agrégats autorisés, partage des fichiers interdit, USAGE COMMERCIAL INTERDIT (clause 1)",2026-08-26
Haïti,HTI,2008,face-à-face,exc2,corruption,A été sollicité pour un pot-de-vin par un policier (12 derniers mois),0-100,8.6721,6.2451,11.0991,1.2383,1476,70,2.86,oui,PSP-033,SRC-014,LAPOP Lab — AmericasBarometer,"Licence par clic LAPOP — agrégats autorisés, partage des fichiers interdit, USAGE COMMERCIAL INTERDIT (clause 1)",2026-08-26
Haïti,HTI,2010,face-à-face,exc2,corruption,A été sollicité pour un pot-de-vin par un policier (12 derniers mois),0-100,8.7502,6.9632,10.5372,0.9118,1724,165,1.81,oui,PSP-033,SRC-014,LAPOP Lab — AmericasBarometer,"Licence par clic LAPOP — agrégats autorisés, partage des fichiers interdit, USAGE COMMERCIAL INTERDIT (clause 1)",2026-08-26
Haïti,HTI,2012,face-à-face,exc2,corruption,A été sollicité pour un pot-de-vin par un policier (12 derniers mois),0-100,11.129,9.3276,12.9303,0.9191,1793,114,1.26,oui,PSP-033,SRC-014,LAPOP Lab — AmericasBarometer,"Licence par clic LAPOP — agrégats autorisés, partage des fichiers interdit, USAGE COMMERCIAL INTERDIT (clause 1)",2026-08-26
Haïti,HTI,2014,face-à-face,exc2,corruption,A été sollicité pour un pot-de-vin par un policier (12 derniers mois),0-100,7.2581,6.0453,8.4709,0.6188,1488,62,0.85,oui,PSP-033,SRC-014,LAPOP Lab — AmericasBarometer,"Licence par clic LAPOP — agrégats autorisés, partage des fichiers interdit, USAGE COMMERCIAL INTERDIT (clause 1)",2026-08-26
Haïti,HTI,2017,face-à-face,exc2,corruption,A été sollicité pour un pot-de-vin par un policier (12 derniers mois),0-100,6.8224,5.6642,7.9806,0.5909,2192,88,1.08,oui,PSP-033,SRC-014,LAPOP Lab — AmericasBarometer,"Licence par clic LAPOP — agrégats autorisés, partage des fichiers interdit, USAGE COMMERCIAL INTERDIT (clause 1)",2026-08-26
Haïti,HTI,2021,téléphone,exc2,corruption,A été sollicité pour un pot-de-vin par un policier (12 derniers mois),0-100,4.2966,3.0806,5.5125,0.6204,1492,1492,1.0,oui,PSP-033,SRC-014,LAPOP Lab — AmericasBarometer,"Licence par clic LAPOP — agrégats autorisés, partage des fichiers interdit, USAGE COMMERCIAL INTERDIT (clause 1)",2026-08-26
Haïti,HTI,2023,téléphone,exc2,corruption,A été sollicité pour un pot-de-vin par un policier (12 derniers mois),0-100,2.4077,1.1268,3.6886,0.6535,771,771,1.0,oui,PSP-033,SRC-014,LAPOP Lab — AmericasBarometer,"Licence par clic LAPOP — agrégats autorisés, partage des fichiers interdit, USAGE COMMERCIAL INTERDIT (clause 1)",2026-08-26
République dominicaine,DOM,2012,face-à-face,exc2,corruption,A été sollicité pour un pot-de-vin par un policier (12 derniers mois),0-100,14.5695,12.8378,16.3012,0.8835,1510,55,0.95,oui,PSP-033,SRC-014,LAPOP Lab — AmericasBarometer,"Licence par clic LAPOP — agrégats autorisés, partage des fichiers interdit, USAGE COMMERCIAL INTERDIT (clause 1)",2026-08-26
République dominicaine,DOM,2014,face-à-face,exc2,corruption,A été sollicité pour un pot-de-vin par un policier (12 derniers mois),0-100,16.1842,14.1336,18.2349,1.0463,1520,63,1.23,oui,PSP-033,SRC-014,LAPOP Lab — AmericasBarometer,"Licence par clic LAPOP — agrégats autorisés, partage des fichiers interdit, USAGE COMMERCIAL INTERDIT (clause 1)",2026-08-26
République dominicaine,DOM,2019,face-à-face,exc2,corruption,A été sollicité pour un pot-de-vin par un policier (12 derniers mois),0-100,15.685,14.0033,17.3666,0.858,1511,63,0.84,oui,PSP-033,SRC-014,LAPOP Lab — AmericasBarometer,"Licence par clic LAPOP — agrégats autorisés, partage des fichiers interdit, USAGE COMMERCIAL INTERDIT (clause 1)",2026-08-26
République dominicaine,DOM,2021,téléphone,exc2,corruption,A été sollicité pour un pot-de-vin par un policier (12 derniers mois),0-100,15.2707,13.0952,17.4463,1.11,1519,1519,1.0,oui,PSP-033,SRC-014,LAPOP Lab — AmericasBarometer,"Licence par clic LAPOP — agrégats autorisés, partage des fichiers interdit, USAGE COMMERCIAL INTERDIT (clause 1)",2026-08-26
République dominicaine,DOM,2023,face-à-face,exc2,corruption,A été sollicité pour un pot-de-vin par un policier (12 derniers mois),0-100,18.7696,16.925,20.6142,0.9411,1593,63,0.92,oui,PSP-033,SRC-014,LAPOP Lab — AmericasBarometer,"Licence par clic LAPOP — agrégats autorisés, partage des fichiers interdit, USAGE COMMERCIAL INTERDIT (clause 1)",2026-08-26
Haïti,HTI,2006,face-à-face,exc7,corruption,La corruption des agents publics est répandue (1 très répandue → 4 très rare),0-100,33.4174,29.461,37.3738,2.0186,1586,74,5.83,oui,PSP-033,SRC-014,LAPOP Lab — AmericasBarometer,"Licence par clic LAPOP — agrégats autorisés, partage des fichiers interdit, USAGE COMMERCIAL INTERDIT (clause 1)",2026-08-26
Haïti,HTI,2008,face-à-face,exc7,corruption,La corruption des agents publics est répandue (1 très répandue → 4 très rare),0-100,43.269,39.6946,46.8434,1.8237,1503,70,4.22,oui,PSP-033,SRC-014,LAPOP Lab — AmericasBarometer,"Licence par clic LAPOP — agrégats autorisés, partage des fichiers interdit, USAGE COMMERCIAL INTERDIT (clause 1)",2026-08-26
Haïti,HTI,2010,face-à-face,exc7,corruption,La corruption des agents publics est répandue (1 très répandue → 4 très rare),0-100,34.5968,32.715,36.4786,0.9601,1626,165,1.29,oui,PSP-033,SRC-014,LAPOP Lab — AmericasBarometer,"Licence par clic LAPOP — agrégats autorisés, partage des fichiers interdit, USAGE COMMERCIAL INTERDIT (clause 1)",2026-08-26
Haïti,HTI,2012,face-à-face,exc7,corruption,La corruption des agents publics est répandue (1 très répandue → 4 très rare),0-100,33.2705,30.2314,36.3096,1.5506,1702,114,3.93,oui,PSP-033,SRC-014,LAPOP Lab — AmericasBarometer,"Licence par clic LAPOP — agrégats autorisés, partage des fichiers interdit, USAGE COMMERCIAL INTERDIT (clause 1)",2026-08-26
Haïti,HTI,2014,face-à-face,exc7,corruption,La corruption des agents publics est répandue (1 très répandue → 4 très rare),0-100,37.4863,35.1266,39.846,1.2039,1220,62,2.28,oui,PSP-033,SRC-014,LAPOP Lab — AmericasBarometer,"Licence par clic LAPOP — agrégats autorisés, partage des fichiers interdit, USAGE COMMERCIAL INTERDIT (clause 1)",2026-08-26
Haïti,HTI,2023,téléphone,exc7,corruption,La corruption des agents publics est répandue (1 très répandue → 4 très rare),0-100,35.5947,32.0815,39.108,1.7925,742,742,1.0,oui,PSP-033,SRC-014,LAPOP Lab — AmericasBarometer,"Licence par clic LAPOP — agrégats autorisés, partage des fichiers interdit, USAGE COMMERCIAL INTERDIT (clause 1)",2026-08-26
République dominicaine,DOM,2012,face-à-face,exc7,corruption,La corruption des agents publics est répandue (1 très répandue → 4 très rare),0-100,21.7038,19.7294,23.6782,1.0074,1436,55,1.57,oui,PSP-033,SRC-014,LAPOP Lab — AmericasBarometer,"Licence par clic LAPOP — agrégats autorisés, partage des fichiers interdit, USAGE COMMERCIAL INTERDIT (clause 1)",2026-08-26
République dominicaine,DOM,2014,face-à-face,exc7,corruption,La corruption des agents publics est répandue (1 très répandue → 4 très rare),0-100,23.4216,21.763,25.0801,0.8462,1473,63,1.18,oui,PSP-033,SRC-014,LAPOP Lab — AmericasBarometer,"Licence par clic LAPOP — agrégats autorisés, partage des fichiers interdit, USAGE COMMERCIAL INTERDIT (clause 1)",2026-08-26
République dominicaine,DOM,2019,face-à-face,exc7,corruption,La corruption des agents publics est répandue (1 très répandue → 4 très rare),0-100,25.7737,23.2851,28.2622,1.2697,754,63,0.99,oui,PSP-033,SRC-014,LAPOP Lab — AmericasBarometer,"Licence par clic LAPOP — agrégats autorisés, partage des fichiers interdit, USAGE COMMERCIAL INTERDIT (clause 1)",2026-08-26
République dominicaine,DOM,2023,face-à-face,exc7,corruption,La corruption des agents publics est répandue (1 très répandue → 4 très rare),0-100,33.4838,31.5729,35.3947,0.9749,1551,63,1.11,oui,PSP-033,SRC-014,LAPOP Lab — AmericasBarometer,"Licence par clic LAPOP — agrégats autorisés, partage des fichiers interdit, USAGE COMMERCIAL INTERDIT (clause 1)",2026-08-26
Haïti,HTI,2017,face-à-face,exc7new,corruption,Part des responsables politiques jugés corrompus (1 aucun → 5 tous),0-100,66.4949,64.6413,68.3484,0.9457,1556,88,1.5,oui,PSP-033,SRC-014,LAPOP Lab — AmericasBarometer,"Licence par clic LAPOP — agrégats autorisés, partage des fichiers interdit, USAGE COMMERCIAL INTERDIT (clause 1)",2026-08-26
Haïti,HTI,2021,téléphone,exc7new,corruption,Part des responsables politiques jugés corrompus (1 aucun → 5 tous),0-100,66.9504,64.4654,69.4354,1.2679,875,875,1.0,oui,PSP-033,SRC-014,LAPOP Lab — AmericasBarometer,"Licence par clic LAPOP — agrégats autorisés, partage des fichiers interdit, USAGE COMMERCIAL INTERDIT (clause 1)",2026-08-26
Haïti,HTI,2023,téléphone,exc7new,corruption,Part des responsables politiques jugés corrompus (1 aucun → 5 tous),0-100,66.1607,63.3403,68.9811,1.439,572,572,1.0,oui,PSP-033,SRC-014,LAPOP Lab — AmericasBarometer,"Licence par clic LAPOP — agrégats autorisés, partage des fichiers interdit, USAGE COMMERCIAL INTERDIT (clause 1)",2026-08-26
République dominicaine,DOM,2019,face-à-face,exc7new,corruption,Part des responsables politiques jugés corrompus (1 aucun → 5 tous),0-100,70.5904,68.6191,72.5617,1.0058,686,63,0.9,oui,PSP-033,SRC-014,LAPOP Lab — AmericasBarometer,"Licence par clic LAPOP — agrégats autorisés, partage des fichiers interdit, USAGE COMMERCIAL INTERDIT (clause 1)",2026-08-26
République dominicaine,DOM,2021,téléphone,exc7new,corruption,Part des responsables politiques jugés corrompus (1 aucun → 5 tous),0-100,63.0404,61.1968,64.884,0.9406,1406,1406,1.0,oui,PSP-033,SRC-014,LAPOP Lab — AmericasBarometer,"Licence par clic LAPOP — agrégats autorisés, partage des fichiers interdit, USAGE COMMERCIAL INTERDIT (clause 1)",2026-08-26
République dominicaine,DOM,2023,face-à-face,exc7new,corruption,Part des responsables politiques jugés corrompus (1 aucun → 5 tous),0-100,66.5587,64.8705,68.2468,0.8613,1543,63,1.39,oui,PSP-033,SRC-014,LAPOP Lab — AmericasBarometer,"Licence par clic LAPOP — agrégats autorisés, partage des fichiers interdit, USAGE COMMERCIAL INTERDIT (clause 1)",2026-08-26
Haïti,HTI,2006,face-à-face,exc18,corruption,Payer un pot-de-vin est parfois justifié,0-100,43.481,38.2155,48.7465,2.6865,1580,74,4.64,oui,PSP-033,SRC-014,LAPOP Lab — AmericasBarometer,"Licence par clic LAPOP — agrégats autorisés, partage des fichiers interdit, USAGE COMMERCIAL INTERDIT (clause 1)",2026-08-26
Haïti,HTI,2008,face-à-face,exc18,corruption,Payer un pot-de-vin est parfois justifié,0-100,32.2254,27.1524,37.2985,2.5883,1384,70,4.24,oui,PSP-033,SRC-014,LAPOP Lab — AmericasBarometer,"Licence par clic LAPOP — agrégats autorisés, partage des fichiers interdit, USAGE COMMERCIAL INTERDIT (clause 1)",2026-08-26
Haïti,HTI,2010,face-à-face,exc18,corruption,Payer un pot-de-vin est parfois justifié,0-100,31.8174,28.2513,35.3834,1.8194,1609,165,2.39,oui,PSP-033,SRC-014,LAPOP Lab — AmericasBarometer,"Licence par clic LAPOP — agrégats autorisés, partage des fichiers interdit, USAGE COMMERCIAL INTERDIT (clause 1)",2026-08-26
Haïti,HTI,2012,face-à-face,exc18,corruption,Payer un pot-de-vin est parfois justifié,0-100,53.9408,47.2528,60.6287,3.4122,1742,114,6.53,oui,PSP-033,SRC-014,LAPOP Lab — AmericasBarometer,"Licence par clic LAPOP — agrégats autorisés, partage des fichiers interdit, USAGE COMMERCIAL INTERDIT (clause 1)",2026-08-26
Haïti,HTI,2014,face-à-face,exc18,corruption,Payer un pot-de-vin est parfois justifié,0-100,42.9913,38.611,47.3717,2.2349,1384,62,2.82,oui,PSP-033,SRC-014,LAPOP Lab — AmericasBarometer,"Licence par clic LAPOP — agrégats autorisés, partage des fichiers interdit, USAGE COMMERCIAL INTERDIT (clause 1)",2026-08-26
Haïti,HTI,2017,face-à-face,exc18,corruption,Payer un pot-de-vin est parfois justifié,0-100,38.5306,36.2161,40.8451,1.1809,2060,88,1.1,oui,PSP-033,SRC-014,LAPOP Lab — AmericasBarometer,"Licence par clic LAPOP — agrégats autorisés, partage des fichiers interdit, USAGE COMMERCIAL INTERDIT (clause 1)",2026-08-26
République dominicaine,DOM,2012,face-à-face,exc18,corruption,Payer un pot-de-vin est parfois justifié,0-100,17.1562,14.8662,19.4462,1.1684,1498,55,1.44,oui,PSP-033,SRC-014,LAPOP Lab — AmericasBarometer,"Licence par clic LAPOP — agrégats autorisés, partage des fichiers interdit, USAGE COMMERCIAL INTERDIT (clause 1)",2026-08-26
République dominicaine,DOM,2014,face-à-face,exc18,corruption,Payer un pot-de-vin est parfois justifié,0-100,22.178,19.9149,24.441,1.1546,1506,63,1.16,oui,PSP-033,SRC-014,LAPOP Lab — AmericasBarometer,"Licence par clic LAPOP — agrégats autorisés, partage des fichiers interdit, USAGE COMMERCIAL INTERDIT (clause 1)",2026-08-26
République dominicaine,DOM,2019,face-à-face,exc18,corruption,Payer un pot-de-vin est parfois justifié,0-100,25.8863,23.5351,28.2375,1.1996,1495,63,1.12,oui,PSP-033,SRC-014,LAPOP Lab — AmericasBarometer,"Licence par clic LAPOP — agrégats autorisés, partage des fichiers interdit, USAGE COMMERCIAL INTERDIT (clause 1)",2026-08-26
République dominicaine,DOM,2023,face-à-face,exc18,corruption,Payer un pot-de-vin est parfois justifié,0-100,24.2749,21.9426,26.6072,1.19,1586,63,1.22,oui,PSP-033,SRC-014,LAPOP Lab — AmericasBarometer,"Licence par clic LAPOP — agrégats autorisés, partage des fichiers interdit, USAGE COMMERCIAL INTERDIT (clause 1)",2026-08-26
Haïti,HTI,2006,face-à-face,q14,migration,Intention de partir vivre ou travailler à l'étranger dans les trois ans,0-100,64.9399,60.8377,69.0422,2.093,1332,73,2.56,oui,PSP-033,SRC-014,LAPOP Lab — AmericasBarometer,"Licence par clic LAPOP — agrégats autorisés, partage des fichiers interdit, USAGE COMMERCIAL INTERDIT (clause 1)",2026-08-26
Haïti,HTI,2008,face-à-face,q14,migration,Intention de partir vivre ou travailler à l'étranger dans les trois ans,0-100,61.5328,55.7164,67.3493,2.9676,1370,70,5.09,oui,PSP-033,SRC-014,LAPOP Lab — AmericasBarometer,"Licence par clic LAPOP — agrégats autorisés, partage des fichiers interdit, USAGE COMMERCIAL INTERDIT (clause 1)",2026-08-26
Haïti,HTI,2010,face-à-face,q14,migration,Intention de partir vivre ou travailler à l'étranger dans les trois ans,0-100,59.9116,57.2292,62.594,1.3685,1596,165,1.18,oui,PSP-033,SRC-014,LAPOP Lab — AmericasBarometer,"Licence par clic LAPOP — agrégats autorisés, partage des fichiers interdit, USAGE COMMERCIAL INTERDIT (clause 1)",2026-08-26
Haïti,HTI,2012,face-à-face,q14,migration,Intention de partir vivre ou travailler à l'étranger dans les trois ans,0-100,58.1093,54.788,61.4306,1.6945,1749,114,1.69,oui,PSP-033,SRC-014,LAPOP Lab — AmericasBarometer,"Licence par clic LAPOP — agrégats autorisés, partage des fichiers interdit, USAGE COMMERCIAL INTERDIT (clause 1)",2026-08-26
Haïti,HTI,2014,face-à-face,q14,migration,Intention de partir vivre ou travailler à l'étranger dans les trois ans,0-100,61.0853,56.9922,65.1784,2.0883,1290,62,2.36,oui,PSP-033,SRC-014,LAPOP Lab — AmericasBarometer,"Licence par clic LAPOP — agrégats autorisés, partage des fichiers interdit, USAGE COMMERCIAL INTERDIT (clause 1)",2026-08-26
Haïti,HTI,2017,face-à-face,q14,migration,Intention de partir vivre ou travailler à l'étranger dans les trois ans,0-100,66.1011,64.069,68.1332,1.0368,2105,88,0.92,oui,PSP-033,SRC-014,LAPOP Lab — AmericasBarometer,"Licence par clic LAPOP — agrégats autorisés, partage des fichiers interdit, USAGE COMMERCIAL INTERDIT (clause 1)",2026-08-26
Haïti,HTI,2021,téléphone,q14,migration,Intention de partir vivre ou travailler à l'étranger dans les trois ans,0-100,74.151,70.6814,77.6206,1.7702,1167,1167,1.0,oui,PSP-033,SRC-014,LAPOP Lab — AmericasBarometer,"Licence par clic LAPOP — agrégats autorisés, partage des fichiers interdit, USAGE COMMERCIAL INTERDIT (clause 1)",2026-08-26
Haïti,HTI,2023,téléphone,q14,migration,Intention de partir vivre ou travailler à l'étranger dans les trois ans,0-100,78.5491,75.6252,81.4731,1.4918,1509,1509,1.0,oui,PSP-033,SRC-014,LAPOP Lab — AmericasBarometer,"Licence par clic LAPOP — agrégats autorisés, partage des fichiers interdit, USAGE COMMERCIAL INTERDIT (clause 1)",2026-08-26
République dominicaine,DOM,2012,face-à-face,q14,migration,Intention de partir vivre ou travailler à l'étranger dans les trois ans,0-100,31.8733,29.5372,34.2094,1.1919,1484,55,0.97,oui,PSP-033,SRC-014,LAPOP Lab — AmericasBarometer,"Licence par clic LAPOP — agrégats autorisés, partage des fichiers interdit, USAGE COMMERCIAL INTERDIT (clause 1)",2026-08-26
République dominicaine,DOM,2014,face-à-face,q14,migration,Intention de partir vivre ou travailler à l'étranger dans les trois ans,0-100,28.9701,26.5286,31.4116,1.2457,1505,63,1.13,oui,PSP-033,SRC-014,LAPOP Lab — AmericasBarometer,"Licence par clic LAPOP — agrégats autorisés, partage des fichiers interdit, USAGE COMMERCIAL INTERDIT (clause 1)",2026-08-26
République dominicaine,DOM,2019,face-à-face,q14,migration,Intention de partir vivre ou travailler à l'étranger dans les trois ans,0-100,40.7851,38.0496,43.5206,1.3957,1503,63,1.21,oui,PSP-033,SRC-014,LAPOP Lab — AmericasBarometer,"Licence par clic LAPOP — agrégats autorisés, partage des fichiers interdit, USAGE COMMERCIAL INTERDIT (clause 1)",2026-08-26
République dominicaine,DOM,2021,téléphone,q14,migration,Intention de partir vivre ou travailler à l'étranger dans les trois ans,0-100,43.5045,40.3935,46.6155,1.5872,1441,1441,1.0,oui,PSP-033,SRC-014,LAPOP Lab — AmericasBarometer,"Licence par clic LAPOP — agrégats autorisés, partage des fichiers interdit, USAGE COMMERCIAL INTERDIT (clause 1)",2026-08-26
République dominicaine,DOM,2023,face-à-face,q14,migration,Intention de partir vivre ou travailler à l'étranger dans les trois ans,0-100,39.7226,37.276,42.1692,1.2483,1586,63,1.03,oui,PSP-033,SRC-014,LAPOP Lab — AmericasBarometer,"Licence par clic LAPOP — agrégats autorisés, partage des fichiers interdit, USAGE COMMERCIAL INTERDIT (clause 1)",2026-08-26
Haïti,HTI,2012,face-à-face,vic1ext,securite,A été victime d'un délit (12 derniers mois),0-100,19.9705,17.6399,22.3011,1.1891,1822,114,1.26,oui,PSP-033,SRC-014,LAPOP Lab — AmericasBarometer,"Licence par clic LAPOP — agrégats autorisés, partage des fichiers interdit, USAGE COMMERCIAL INTERDIT (clause 1)",2026-08-26
Haïti,HTI,2014,face-à-face,vic1ext,securite,A été victime d'un délit (12 derniers mois),0-100,15.7124,13.6373,17.7875,1.0587,1502,62,1.27,oui,PSP-033,SRC-014,LAPOP Lab — AmericasBarometer,"Licence par clic LAPOP — agrégats autorisés, partage des fichiers interdit, USAGE COMMERCIAL INTERDIT (clause 1)",2026-08-26
Haïti,HTI,2017,face-à-face,vic1ext,securite,A été victime d'un délit (12 derniers mois),0-100,22.0106,20.5409,23.4802,0.7498,2205,88,0.66,oui,PSP-033,SRC-014,LAPOP Lab — AmericasBarometer,"Licence par clic LAPOP — agrégats autorisés, partage des fichiers interdit, USAGE COMMERCIAL INTERDIT (clause 1)",2026-08-26
Haïti,HTI,2021,téléphone,vic1ext,securite,A été victime d'un délit (12 derniers mois),0-100,21.6576,18.8732,24.4421,1.4206,1495,1495,1.0,oui,PSP-033,SRC-014,LAPOP Lab — AmericasBarometer,"Licence par clic LAPOP — agrégats autorisés, partage des fichiers interdit, USAGE COMMERCIAL INTERDIT (clause 1)",2026-08-26
Haïti,HTI,2023,téléphone,vic1ext,securite,A été victime d'un délit (12 derniers mois),0-100,25.4362,22.4804,28.392,1.5081,1591,1591,1.0,oui,PSP-033,SRC-014,LAPOP Lab — AmericasBarometer,"Licence par clic LAPOP — agrégats autorisés, partage des fichiers interdit, USAGE COMMERCIAL INTERDIT (clause 1)",2026-08-26
République dominicaine,DOM,2012,face-à-face,vic1ext,securite,A été victime d'un délit (12 derniers mois),0-100,19.0602,16.6109,21.5096,1.2497,1511,55,1.53,oui,PSP-033,SRC-014,LAPOP Lab — AmericasBarometer,"Licence par clic LAPOP — agrégats autorisés, partage des fichiers interdit, USAGE COMMERCIAL INTERDIT (clause 1)",2026-08-26
République dominicaine,DOM,2014,face-à-face,vic1ext,securite,A été victime d'un délit (12 derniers mois),0-100,23.4365,20.7262,26.1467,1.3828,1519,63,1.62,oui,PSP-033,SRC-014,LAPOP Lab — AmericasBarometer,"Licence par clic LAPOP — agrégats autorisés, partage des fichiers interdit, USAGE COMMERCIAL INTERDIT (clause 1)",2026-08-26
République dominicaine,DOM,2019,face-à-face,vic1ext,securite,A été victime d'un délit (12 derniers mois),0-100,25.5277,22.886,28.1694,1.3478,1516,63,1.45,oui,PSP-033,SRC-014,LAPOP Lab — AmericasBarometer,"Licence par clic LAPOP — agrégats autorisés, partage des fichiers interdit, USAGE COMMERCIAL INTERDIT (clause 1)",2026-08-26
République dominicaine,DOM,2021,téléphone,vic1ext,securite,A été victime d'un délit (12 derniers mois),0-100,18.8929,16.6004,21.1855,1.1697,1529,1529,1.0,oui,PSP-033,SRC-014,LAPOP Lab — AmericasBarometer,"Licence par clic LAPOP — agrégats autorisés, partage des fichiers interdit, USAGE COMMERCIAL INTERDIT (clause 1)",2026-08-26
République dominicaine,DOM,2023,face-à-face,vic1ext,securite,A été victime d'un délit (12 derniers mois),0-100,24.1855,22.0203,26.3506,1.1047,1596,63,1.06,oui,PSP-033,SRC-014,LAPOP Lab — AmericasBarometer,"Licence par clic LAPOP — agrégats autorisés, partage des fichiers interdit, USAGE COMMERCIAL INTERDIT (clause 1)",2026-08-26
Haïti,HTI,2006,face-à-face,aoj12,securite,Confiance que la justice punirait le coupable (1 beaucoup → 4 aucune),0-100,48.7094,44.4037,53.0151,2.1968,1498,74,5.53,oui,PSP-033,SRC-014,LAPOP Lab — AmericasBarometer,"Licence par clic LAPOP — agrégats autorisés, partage des fichiers interdit, USAGE COMMERCIAL INTERDIT (clause 1)",2026-08-26
Haïti,HTI,2008,face-à-face,aoj12,securite,Confiance que la justice punirait le coupable (1 beaucoup → 4 aucune),0-100,51.7845,49.3977,54.1712,1.2177,1429,70,2.23,oui,PSP-033,SRC-014,LAPOP Lab — AmericasBarometer,"Licence par clic LAPOP — agrégats autorisés, partage des fichiers interdit, USAGE COMMERCIAL INTERDIT (clause 1)",2026-08-26
Haïti,HTI,2010,face-à-face,aoj12,securite,Confiance que la justice punirait le coupable (1 beaucoup → 4 aucune),0-100,59.7651,58.3946,61.1356,0.6992,1640,165,1.12,oui,PSP-033,SRC-014,LAPOP Lab — AmericasBarometer,"Licence par clic LAPOP — agrégats autorisés, partage des fichiers interdit, USAGE COMMERCIAL INTERDIT (clause 1)",2026-08-26
Haïti,HTI,2012,face-à-face,aoj12,securite,Confiance que la justice punirait le coupable (1 beaucoup → 4 aucune),0-100,62.4658,59.6565,65.275,1.4333,1801,114,3.78,oui,PSP-033,SRC-014,LAPOP Lab — AmericasBarometer,"Licence par clic LAPOP — agrégats autorisés, partage des fichiers interdit, USAGE COMMERCIAL INTERDIT (clause 1)",2026-08-26
Haïti,HTI,2014,face-à-face,aoj12,securite,Confiance que la justice punirait le coupable (1 beaucoup → 4 aucune),0-100,47.3722,44.2885,50.4558,1.5733,1408,62,3.53,oui,PSP-033,SRC-014,LAPOP Lab — AmericasBarometer,"Licence par clic LAPOP — agrégats autorisés, partage des fichiers interdit, USAGE COMMERCIAL INTERDIT (clause 1)",2026-08-26
Haïti,HTI,2017,face-à-face,aoj12,securite,Confiance que la justice punirait le coupable (1 beaucoup → 4 aucune),0-100,58.2226,56.6014,59.8439,0.8272,1895,88,0.98,oui,PSP-033,SRC-014,LAPOP Lab — AmericasBarometer,"Licence par clic LAPOP — agrégats autorisés, partage des fichiers interdit, USAGE COMMERCIAL INTERDIT (clause 1)",2026-08-26
Haïti,HTI,2023,téléphone,aoj12,securite,Confiance que la justice punirait le coupable (1 beaucoup → 4 aucune),0-100,60.8096,56.8386,64.7806,2.026,673,673,1.0,oui,PSP-033,SRC-014,LAPOP Lab — AmericasBarometer,"Licence par clic LAPOP — agrégats autorisés, partage des fichiers interdit, USAGE COMMERCIAL INTERDIT (clause 1)",2026-08-26
République dominicaine,DOM,2012,face-à-face,aoj12,securite,Confiance que la justice punirait le coupable (1 beaucoup → 4 aucune),0-100,51.6993,49.4803,53.9184,1.1322,1481,55,1.26,oui,PSP-033,SRC-014,LAPOP Lab — AmericasBarometer,"Licence par clic LAPOP — agrégats autorisés, partage des fichiers interdit, USAGE COMMERCIAL INTERDIT (clause 1)",2026-08-26
République dominicaine,DOM,2014,face-à-face,aoj12,securite,Confiance que la justice punirait le coupable (1 beaucoup → 4 aucune),0-100,56.1392,54.033,58.2454,1.0746,1504,63,1.2,oui,PSP-033,SRC-014,LAPOP Lab — AmericasBarometer,"Licence par clic LAPOP — agrégats autorisés, partage des fichiers interdit, USAGE COMMERCIAL INTERDIT (clause 1)",2026-08-26
République dominicaine,DOM,2019,face-à-face,aoj12,securite,Confiance que la justice punirait le coupable (1 beaucoup → 4 aucune),0-100,55.1507,53.2313,57.0701,0.9793,1482,63,0.89,oui,PSP-033,SRC-014,LAPOP Lab — AmericasBarometer,"Licence par clic LAPOP — agrégats autorisés, partage des fichiers interdit, USAGE COMMERCIAL INTERDIT (clause 1)",2026-08-26
Haïti,HTI,2006,face-à-face,aoj11,securite,Sentiment d'insécurité dans le quartier (1 très sûr → 4 très peu sûr),0-100,51.6435,48.3639,54.9231,1.6733,1582,74,4.4,oui,PSP-033,SRC-014,LAPOP Lab — AmericasBarometer,"Licence par clic LAPOP — agrégats autorisés, partage des fichiers interdit, USAGE COMMERCIAL INTERDIT (clause 1)",2026-08-26
Haïti,HTI,2008,face-à-face,aoj11,securite,Sentiment d'insécurité dans le quartier (1 très sûr → 4 très peu sûr),0-100,45.5585,42.7485,48.3684,1.4336,1516,70,3.55,oui,PSP-033,SRC-014,LAPOP Lab — AmericasBarometer,"Licence par clic LAPOP — agrégats autorisés, partage des fichiers interdit, USAGE COMMERCIAL INTERDIT (clause 1)",2026-08-26
Haïti,HTI,2010,face-à-face,aoj11,securite,Sentiment d'insécurité dans le quartier (1 très sûr → 4 très peu sûr),0-100,38.0686,36.3999,39.7373,0.8514,1716,165,2.1,oui,PSP-033,SRC-014,LAPOP Lab — AmericasBarometer,"Licence par clic LAPOP — agrégats autorisés, partage des fichiers interdit, USAGE COMMERCIAL INTERDIT (clause 1)",2026-08-26
Haïti,HTI,2012,face-à-face,aoj11,securite,Sentiment d'insécurité dans le quartier (1 très sûr → 4 très peu sûr),0-100,44.5386,41.9724,47.1048,1.3093,1800,114,3.9,oui,PSP-033,SRC-014,LAPOP Lab — AmericasBarometer,"Licence par clic LAPOP — agrégats autorisés, partage des fichiers interdit, USAGE COMMERCIAL INTERDIT (clause 1)",2026-08-26
Haïti,HTI,2014,face-à-face,aoj11,securite,Sentiment d'insécurité dans le quartier (1 très sûr → 4 très peu sûr),0-100,42.6639,38.899,46.4289,1.9209,1454,62,6.51,oui,PSP-033,SRC-014,LAPOP Lab — AmericasBarometer,"Licence par clic LAPOP — agrégats autorisés, partage des fichiers interdit, USAGE COMMERCIAL INTERDIT (clause 1)",2026-08-26
Haïti,HTI,2017,face-à-face,aoj11,securite,Sentiment d'insécurité dans le quartier (1 très sûr → 4 très peu sûr),0-100,50.4784,48.0052,52.9517,1.2619,2130,88,2.23,oui,PSP-033,SRC-014,LAPOP Lab — AmericasBarometer,"Licence par clic LAPOP — agrégats autorisés, partage des fichiers interdit, USAGE COMMERCIAL INTERDIT (clause 1)",2026-08-26
Haïti,HTI,2021,téléphone,aoj11,securite,Sentiment d'insécurité dans le quartier (1 très sûr → 4 très peu sûr),0-100,62.434,59.0735,65.7945,1.7145,1081,1081,1.0,oui,PSP-033,SRC-014,LAPOP Lab — AmericasBarometer,"Licence par clic LAPOP — agrégats autorisés, partage des fichiers interdit, USAGE COMMERCIAL INTERDIT (clause 1)",2026-08-26
Haïti,HTI,2023,téléphone,aoj11,securite,Sentiment d'insécurité dans le quartier (1 très sûr → 4 très peu sûr),0-100,53.9944,51.0572,56.9316,1.4986,1461,1461,1.0,oui,PSP-033,SRC-014,LAPOP Lab — AmericasBarometer,"Licence par clic LAPOP — agrégats autorisés, partage des fichiers interdit, USAGE COMMERCIAL INTERDIT (clause 1)",2026-08-26
République dominicaine,DOM,2012,face-à-face,aoj11,securite,Sentiment d'insécurité dans le quartier (1 très sûr → 4 très peu sûr),0-100,43.8399,41.5371,46.1426,1.1749,1507,55,1.96,oui,PSP-033,SRC-014,LAPOP Lab — AmericasBarometer,"Licence par clic LAPOP — agrégats autorisés, partage des fichiers interdit, USAGE COMMERCIAL INTERDIT (clause 1)",2026-08-26
République dominicaine,DOM,2014,face-à-face,aoj11,securite,Sentiment d'insécurité dans le quartier (1 très sûr → 4 très peu sûr),0-100,56.2582,54.6292,57.8873,0.8311,1518,63,1.18,oui,PSP-033,SRC-014,LAPOP Lab — AmericasBarometer,"Licence par clic LAPOP — agrégats autorisés, partage des fichiers interdit, USAGE COMMERCIAL INTERDIT (clause 1)",2026-08-26
République dominicaine,DOM,2019,face-à-face,aoj11,securite,Sentiment d'insécurité dans le quartier (1 très sûr → 4 très peu sûr),0-100,60.4391,58.3031,62.575,1.0898,1488,63,1.47,oui,PSP-033,SRC-014,LAPOP Lab — AmericasBarometer,"Licence par clic LAPOP — agrégats autorisés, partage des fichiers interdit, USAGE COMMERCIAL INTERDIT (clause 1)",2026-08-26
République dominicaine,DOM,2021,téléphone,aoj11,securite,Sentiment d'insécurité dans le quartier (1 très sûr → 4 très peu sûr),0-100,47.8715,45.7,50.043,1.1079,1482,1482,1.0,oui,PSP-033,SRC-014,LAPOP Lab — AmericasBarometer,"Licence par clic LAPOP — agrégats autorisés, partage des fichiers interdit, USAGE COMMERCIAL INTERDIT (clause 1)",2026-08-26
République dominicaine,DOM,2023,face-à-face,aoj11,securite,Sentiment d'insécurité dans le quartier (1 très sûr → 4 très peu sûr),0-100,49.1005,47.113,51.0881,1.0141,1575,63,1.25,oui,PSP-033,SRC-014,LAPOP Lab — AmericasBarometer,"Licence par clic LAPOP — agrégats autorisés, partage des fichiers interdit, USAGE COMMERCIAL INTERDIT (clause 1)",2026-08-26
Haïti,HTI,2012,face-à-face,sd2new2,services,Satisfaction — routes et voirie (1 très satisfait → 4 très insatisfait),0-100,57.1233,53.7453,60.5014,1.7235,1815,114,6.16,oui,PSP-033,SRC-014,LAPOP Lab — AmericasBarometer,"Licence par clic LAPOP — agrégats autorisés, partage des fichiers interdit, USAGE COMMERCIAL INTERDIT (clause 1)",2026-08-26
Haïti,HTI,2014,face-à-face,sd2new2,services,Satisfaction — routes et voirie (1 très satisfait → 4 très insatisfait),0-100,65.6673,61.6188,69.7159,2.0656,1501,62,6.83,oui,PSP-033,SRC-014,LAPOP Lab — AmericasBarometer,"Licence par clic LAPOP — agrégats autorisés, partage des fichiers interdit, USAGE COMMERCIAL INTERDIT (clause 1)",2026-08-26
Haïti,HTI,2017,face-à-face,sd2new2,services,Satisfaction — routes et voirie (1 très satisfait → 4 très insatisfait),0-100,64.3998,61.8385,66.9611,1.3068,2184,88,4.38,oui,PSP-033,SRC-014,LAPOP Lab — AmericasBarometer,"Licence par clic LAPOP — agrégats autorisés, partage des fichiers interdit, USAGE COMMERCIAL INTERDIT (clause 1)",2026-08-26
République dominicaine,DOM,2012,face-à-face,sd2new2,services,Satisfaction — routes et voirie (1 très satisfait → 4 très insatisfait),0-100,48.6636,46.0832,51.2439,1.3165,1509,55,3.64,oui,PSP-033,SRC-014,LAPOP Lab — AmericasBarometer,"Licence par clic LAPOP — agrégats autorisés, partage des fichiers interdit, USAGE COMMERCIAL INTERDIT (clause 1)",2026-08-26
République dominicaine,DOM,2014,face-à-face,sd2new2,services,Satisfaction — routes et voirie (1 très satisfait → 4 très insatisfait),0-100,48.3311,45.4612,51.2011,1.4643,1518,63,4.7,oui,PSP-033,SRC-014,LAPOP Lab — AmericasBarometer,"Licence par clic LAPOP — agrégats autorisés, partage des fichiers interdit, USAGE COMMERCIAL INTERDIT (clause 1)",2026-08-26
République dominicaine,DOM,2019,face-à-face,sd2new2,services,Satisfaction — routes et voirie (1 très satisfait → 4 très insatisfait),0-100,44.9343,42.4963,47.3723,1.2439,1497,63,3.47,oui,PSP-033,SRC-014,LAPOP Lab — AmericasBarometer,"Licence par clic LAPOP — agrégats autorisés, partage des fichiers interdit, USAGE COMMERCIAL INTERDIT (clause 1)",2026-08-26
Haïti,HTI,2012,face-à-face,sd6new2,services,Satisfaction — services de santé publics,0-100,64.5774,62.0619,67.0929,1.2834,1819,114,4.17,oui,PSP-033,SRC-014,LAPOP Lab — AmericasBarometer,"Licence par clic LAPOP — agrégats autorisés, partage des fichiers interdit, USAGE COMMERCIAL INTERDIT (clause 1)",2026-08-26
Haïti,HTI,2014,face-à-face,sd6new2,services,Satisfaction — services de santé publics,0-100,63.2886,60.5923,65.9849,1.3757,1490,62,3.76,oui,PSP-033,SRC-014,LAPOP Lab — AmericasBarometer,"Licence par clic LAPOP — agrégats autorisés, partage des fichiers interdit, USAGE COMMERCIAL INTERDIT (clause 1)",2026-08-26
Haïti,HTI,2017,face-à-face,sd6new2,services,Satisfaction — services de santé publics,0-100,73.863,72.6189,75.1071,0.6347,2116,88,1.18,oui,PSP-033,SRC-014,LAPOP Lab — AmericasBarometer,"Licence par clic LAPOP — agrégats autorisés, partage des fichiers interdit, USAGE COMMERCIAL INTERDIT (clause 1)",2026-08-26
République dominicaine,DOM,2012,face-à-face,sd6new2,services,Satisfaction — services de santé publics,0-100,51.3072,49.5013,53.1131,0.9214,1428,55,1.67,oui,PSP-033,SRC-014,LAPOP Lab — AmericasBarometer,"Licence par clic LAPOP — agrégats autorisés, partage des fichiers interdit, USAGE COMMERCIAL INTERDIT (clause 1)",2026-08-26
République dominicaine,DOM,2014,face-à-face,sd6new2,services,Satisfaction — services de santé publics,0-100,51.1218,49.1845,53.0591,0.9884,1456,63,2.18,oui,PSP-033,SRC-014,LAPOP Lab — AmericasBarometer,"Licence par clic LAPOP — agrégats autorisés, partage des fichiers interdit, USAGE COMMERCIAL INTERDIT (clause 1)",2026-08-26
République dominicaine,DOM,2019,face-à-face,sd6new2,services,Satisfaction — services de santé publics,0-100,45.5608,43.9211,47.2005,0.8366,1483,63,1.43,oui,PSP-033,SRC-014,LAPOP Lab — AmericasBarometer,"Licence par clic LAPOP — agrégats autorisés, partage des fichiers interdit, USAGE COMMERCIAL INTERDIT (clause 1)",2026-08-26
Haïti,HTI,2012,face-à-face,sd3new2,services,Satisfaction — écoles publiques,0-100,55.2844,52.7567,57.8122,1.2897,1822,114,4.43,oui,PSP-033,SRC-014,LAPOP Lab — AmericasBarometer,"Licence par clic LAPOP — agrégats autorisés, partage des fichiers interdit, USAGE COMMERCIAL INTERDIT (clause 1)",2026-08-26
Haïti,HTI,2014,face-à-face,sd3new2,services,Satisfaction — écoles publiques,0-100,54.4633,51.9507,56.9759,1.2819,1475,62,3.38,oui,PSP-033,SRC-014,LAPOP Lab — AmericasBarometer,"Licence par clic LAPOP — agrégats autorisés, partage des fichiers interdit, USAGE COMMERCIAL INTERDIT (clause 1)",2026-08-26
Haïti,HTI,2017,face-à-face,sd3new2,services,Satisfaction — écoles publiques,0-100,67.5489,66.1329,68.965,0.7225,2091,88,1.45,oui,PSP-033,SRC-014,LAPOP Lab — AmericasBarometer,"Licence par clic LAPOP — agrégats autorisés, partage des fichiers interdit, USAGE COMMERCIAL INTERDIT (clause 1)",2026-08-26
République dominicaine,DOM,2012,face-à-face,sd3new2,services,Satisfaction — écoles publiques,0-100,46.3613,44.9055,47.817,0.7427,1397,55,1.21,oui,PSP-033,SRC-014,LAPOP Lab — AmericasBarometer,"Licence par clic LAPOP — agrégats autorisés, partage des fichiers interdit, USAGE COMMERCIAL INTERDIT (clause 1)",2026-08-26
République dominicaine,DOM,2014,face-à-face,sd3new2,services,Satisfaction — écoles publiques,0-100,37.2238,35.8986,38.5489,0.6761,1448,63,1.48,oui,PSP-033,SRC-014,LAPOP Lab — AmericasBarometer,"Licence par clic LAPOP — agrégats autorisés, partage des fichiers interdit, USAGE COMMERCIAL INTERDIT (clause 1)",2026-08-26
République dominicaine,DOM,2019,face-à-face,sd3new2,services,Satisfaction — écoles publiques,0-100,38.2086,36.7466,39.6706,0.7459,1470,63,1.41,oui,PSP-033,SRC-014,LAPOP Lab — AmericasBarometer,"Licence par clic LAPOP — agrégats autorisés, partage des fichiers interdit, USAGE COMMERCIAL INTERDIT (clause 1)",2026-08-26
